id,card_no,card_name_cn,card_name_en,sub_title_cn,sub_title_en,card_color_list,region,tag,keyword,advanced_tag,champion_tag,effect_cn,effect_en,energy,return_energy,power,rarity_name,series_name,flavor_text_cn,flavor_text_en,is_banned,created_at,updated_at,card_category,deck_limit
00f1ef3f-e5bf-48bc-96e4-00fe61af829e,UNL-122,新月禁卫,Crescent Guardian,,,"[""purple""]","[""巨神峰""]",[],[],"[""费用·可选额外"",""状态·以活跃进场""]",,如果你在本回合打出过法术，则你可以选择支付{{紫色}}，作为打出我的额外费用，以此让我以活跃状态进场。,"<p>If you've played a spell this turn, you may pay :rb_rune_chaos: as an additional cost to play me. If you do, I enter ready.</p>",4,0,4,普通,UNL,与皎月教派为伍的巨神峰凡人寥寥无几，但他们并非孤立无援。,,false,2026-06-18 15:11:45.821819+00,2026-08-10 07:41:29.350663+00,"[""单位""]",
01d3851d-1574-4c8c-b3ab-da9fb29cbbb1,OGS-001,安妮,Annie,汹涌烈焰,Fiery,"[""red""]","[""诺克萨斯""]",[],[],"[""持续·光环常驻"",""伤害·法术伤害加成""]",安妮,你的法术和技能造成的伤害+1（每段伤害都+1）。,<p>Your spells and abilities deal 1 Bonus Damage. (Each instance of damage the spell deals is increased by 1.)</p>,5,1,4,史诗,OGS,“我从来不玩火柴。”,,false,2026-06-18 15:11:45.129603+00,2026-08-10 07:41:29.350663+00,"[""英雄单位""]",
022e17c3-2d86-4dbd-9e15-dd5c9bbd34a8,UNL-194,黑影,Shadow,,,"[""green"",""purple""]","[""暗影岛""]",[],"[""眩晕"",""迅捷""]","[""状态·以活跃进场"",""主动·横置技能"",""主动·支付费用技能"",""状态·眩晕""]",薇古丝,"如果你将我打出至一处战场，则我以活跃状态进场。
{{迅捷>}} 支付{{1}}和{{A}}，{{横置}}：{{眩晕}}一名进攻此处的敌方单位。（使其在本回合内无法造成战斗伤害。）","<p>If you play me to a battlefield, I enter ready.<br />[Action][>] :rb_energy_1::rb_rune_rainbow:, :rb_exhaust:: [Stun] an enemy unit attacking here. (It doesn't deal combat damage this turn.)</p>",3,0,3,史诗,UNL,"“又一个要处理的家伙。黑影，你能解决吗？”
——薇古丝",,false,2026-06-18 15:11:46.036748+00,2026-08-10 07:41:29.350663+00,"[""专属单位""]",
02ec1f26-7a6d-416a-8249-b735f02dbe73,VEN-156,奥义！雷铠,Lightning Rush,,,"[""purple"",""yellow""]",,,"[""流转""]","[""牌库·查看"",""牌库·抽牌"",""牌库·燃烧"",""牌库·打出"",""费用·可选额外"",""牌库·放逐""]",凯南,"查看你主牌堆顶部的三张牌。你可以选择指定其中一张，并抽取该卡牌。将其余卡牌放进你的废牌堆。
{{流转2A}}（你可以选择支付此牌的流转费用，以此将其从你的废牌堆中打出。然后将其放逐。）","Look at the top 3 cards of your Main Deck. You may choose a card from among them and draw it. Put the rest into your trash.
[Flow] :rb_energy_2::rb_rune_rainbow: (You may play this from your trash for its Flow cost. Then banish it.)",1,0,0,史诗,VEN,"“疾如风！”
——凯南",,false,2026-07-09 16:49:03.36084+00,2026-08-10 07:41:29.350663+00,"[""专属法术""]",
02fc2630-23b0-48a3-9e2a-ebe2ef701bf1,ARC-006,维克托,Viktor,领袖,Leader,"[""yellow""]","[""祖安""]",,,"[""持续·光环常驻"",""触发·摧毁"",""衍生·单位""]",维克托,如果我在场上，则每当你的另一名非“随从”单位被摧毁时，打出一名1{{S}}的“随从”到你的基地。,"When another non-Recruit unit you control dies, play a 1 :rb_might: Recruit unit token into your base.",4,1,4,异画,ARC,,,false,2026-06-18 15:11:45.129603+00,2026-08-10 07:41:29.350663+00,"[""英雄单位""]",
033dad83-1166-4070-b32d-9060acbaf248,OGN-283,纳沃利角斗场,Navori Fighting Pit,,,"[""colorless""]",[],[],[],"[""触发·据守"",""增益·给予""]",,当你据守此处时，给予此处的一名单位增益。（如果该单位未拥有增益，则获得一个{{S}}+1增益。）,"<p>When you hold here, buff a unit here. (If it doesn't have a buff, it gets a +1 :rb_might: buff.)</p>",0,0,0,不凡,OGN,在地下搏击场，能力固然重要，但金钱能让你走得更远。,,false,2026-06-18 15:11:45.468662+00,2026-08-11 04:32:05.530677+00,"[""战场""]",1
03d713bd-5b45-42f4-b0c4-8fad914fce85,VEN-004,沙丘冲浪者,Dune Surfer,,,"[""red""]","[""恕瑞玛""]",,"[""壁垒""]","[""持续·光环常驻""]",,你在此处的战斗伤害分配无视{{壁垒}}。,You ignore [Tank] while assigning combat damage here.,3,0,3,普通,VEN,“瞧瞧这毯子都成什么样了！一个小孩，从哪弄来这么多沙子？！”,,false,2026-07-14 11:54:00.306963+00,2026-08-10 07:41:29.350663+00,"[""单位""]",
0411eb74-7e8f-4d67-a551-76b0b01ebbc0,OGN-238,蕾欧娜,Leona,炽诚者,Determined,"[""yellow""]","[""巨神峰""]",[],"[""坚守""]","[""触发·进攻"",""状态·眩晕""]",蕾欧娜,"{{坚守}}（如果我是防守方，则{{S}}+1。）
当我进攻时，眩晕此处的一名敌方单位。（使其在本回合内无法造成战斗伤害。）","<p>[Shield] (+1 :rb_might: while I'm a defender.)<br />When I attack, stun an enemy unit here. (It doesn't deal combat damage this turn.)</p>",4,1,4,稀有,OGN,“黎明就在眼前。”,,false,2026-06-18 15:11:45.129603+00,2026-08-10 07:41:29.350663+00,"[""英雄单位""]",
0435efc0-9e3a-41e2-bbe8-a0951dcef424,SFD-010,虚空蜢,Void Drone,,,"[""red""]","[""虚空之地""]",[],[],"[""费用·条件减费""]",,如果我从你手牌以外的位置被打出，则我的费用减少{{2}}。,<p>I cost :rb_energy_2: less to play from anywhere other than your hand.</p>,3,0,3,普通,SFD,雷克塞的孩子们总是会毫无征兆地突然出现，从恕瑞玛的沙土中对猎物发动袭击。,,false,2026-06-18 15:11:45.468662+00,2026-08-10 07:41:29.350663+00,"[""单位""]",
052ba18f-eb8a-42a7-be23-50ae4ce199f1,OGN-038,邪焰巨龙 卡德雷格林,Kadregrin the Infernal,,,"[""red""]","[""德玛西亚""]","[""龙""]","[""强力""]","[""触发·进场"",""牌库·抽牌""]",,当你打出我时，你场上每有一名{{强力}}单位，就抽一张牌。（战力达到5或以上时，即为强力单位。）,"<p>When you play me, draw 1 for each of your [Mighty] units. (A unit is Mighty while it has 5+ :rb_might:.)</p>",9,2,9,史诗,OGN,洪荒之火。,,false,2026-06-18 15:11:45.129603+00,2026-08-10 07:41:29.350663+00,"[""单位""]",
05766ead-db69-4974-a2b4-704915e3386f,OGN-261,曙光女神,Radiant Dawn,,,"[""green"",""yellow""]",[],[],[],"[""状态·眩晕"",""增益·给予""]",蕾欧娜,每当你眩晕任意数量的敌方单位时，给予一名友方单位增益。（如果该单位未拥有增益，则获得一个{{S}}+1增益。）,"<p>When you stun one or more enemy units, buff a friendly unit. (If it doesn't have a buff, it gets a +1 :rb_might: buff.)</p>",0,0,0,稀有,OGN,,,false,2026-06-18 15:11:45.129603+00,2026-08-11 04:32:05.530677+00,"[""传奇""]",1
060eb2d2-ccb0-4090-8e9a-7e15c7118042,VEN-148,奥义！影缚,Shadow Dash,,,"[""green"",""yellow""]",,,"[""流转""]","[""移动·敌方"",""战力·增强单体"",""战力·增强本回合"",""牌库·打出"",""费用·可选额外"",""牌库·放逐""]",慎,"将一名敌方单位移动到一处你有单位的战场。如果你在该处有且仅有两名单位，则这两名单位在本回合内各获得{{S}}+1。
{{流转5AA}}（你可以选择支付此牌的流转费用，以此将其从你的废牌堆中打出。然后将其放逐。）","Move an enemy unit to a battlefield where you have units. If you have exactly two units there, they each get +1 :rb_might: this turn.
[Flow] :rb_energy_5::rb_rune_rainbow::rb_rune_rainbow: (You may play this from your trash for its Flow cost. Then banish it.)",2,1,0,史诗,VEN,"“要步步为营。”
——慎",,false,2026-07-14 11:54:00.306963+00,2026-08-10 07:41:29.350663+00,"[""专属法术""]",
062389dc-7363-4084-968e-e2921eb9b477,UNL-196,小菊！,Daisy!,,,"[""green"",""yellow""]","[""艾欧尼亚""]",[],"[""眩晕""]","[""状态·以活跃进场"",""特性·属性联动"",""费用·条件减费"",""触发·进攻"",""状态·眩晕""]",艾翁,"我以活跃状态进场。
你的单位中每有一种以下属性标签，我的费用便减少{{1}} — “鸟类”、“猫科”、“犬形”、“魄罗”。
当我进攻时，如果你的单位具有以上全部四种属性标签，则{{眩晕}}此处的一名敌方单位。（使其在本回合内无法造成战斗伤害。）","<p>I enter ready.<br />Reduce my cost by :rb_energy_1: for each of the following tags among your units — Bird, Cat, Dog, and Poro.<br />When I attack while your units have all 4 tags, [Stun] an enemy unit here. (It doesn't deal combat damage this turn.)</p>",9,2,8,史诗,UNL,,,false,2026-06-18 15:11:46.036748+00,2026-08-10 07:41:29.350663+00,"[""专属单位""]",
064eee52-cb1f-4b58-bd35-f1f877ce7abe,UNL-R02,翠意符文,Calm Rune,,,"[""green""]",[],[],[],,,,,0,0,0,普通,UNL,,,false,2026-06-18 15:11:45.821819+00,2026-08-11 04:32:05.530677+00,"[""符文""]",12
065f9d7c-30ad-449c-9c88-0d8cc5264aa0,OGN-076,亚索,Yasuo,迷途怅惘,Remorseful,"[""green""]","[""艾欧尼亚""]",[],[],"[""触发·进攻"",""伤害·单体"",""伤害·等同战力""]",亚索,当我进攻时，对此处的一名敌方单位造成等同于我战力的伤害。,"<p>When I attack, deal damage equal to my Might to an enemy unit here.</p>",6,2,6,稀有,OGN,“树叶的一生，只是为了归根吗？”,,false,2026-06-18 15:11:45.129603+00,2026-08-10 07:41:29.350663+00,"[""英雄单位""]",
06745648-39f2-47bc-9eea-df14bb924a21,OGN-142,山脉亚龙,Mountain Drake,,,"[""orange""]",[],"[""龙""]",[],,,,,9,0,10,不凡,OGN,千百年来，学者们从未在巨龙行为学的问题上达成共识，除了一条：若在近距离观察到巨龙······还是先跑吧。,,false,2026-06-18 15:11:45.129603+00,2026-07-16 07:29:52.575498+00,"[""单位""]",
06980685-f183-423d-9d9c-2c70e274e20d,SFD-054,贾克斯,Jax,万般皆武,Unmatched,"[""green""]","[""艾卡西亚""]",[],"[""法盾"",""灵便"",""反应""]","[""持续·光环常驻""]",贾克斯,"{{法盾}}（对手必须支付{{A}}才能将我选作法术或技能的目标。）
你手牌中的每一件武装都获得{{灵便}}。（此牌获得{{反应}}。当你打出此牌时，将它贴附到你控制的一名单位上。）
“喜欢放狠话？我专打你这样的。”","<p>[Deflect] (Opponents must pay :rb_rune_rainbow: to choose me with a spell or ability.)<br />Your Equipment everywhere have [Quick-Draw]. (Each gains [Reaction]. When you play it, attach it to a unit you control.)</p>",5,1,5,稀有,SFD,,,false,2026-06-18 15:11:45.468662+00,2026-08-10 07:41:29.350663+00,"[""英雄单位""]",
06c37b66-4c25-420f-940b-4c977c4c9060,SFD-121,黑市掮客,Black Market Broker,,,"[""purple""]","[""祖安""]",[],[],"[""触发·打出"",""衍生·装备""]",,当你将一张牌从正面朝下的状态打出时，打出一个休眠的“金币”装备指示物。,"<p>When you play a card from face down, play a Gold gear token exhausted.</p>",3,0,3,普通,SFD,“这可是一等一的货色，十成全新，还能省去各种手续的麻烦。”,,false,2026-06-18 15:11:45.821819+00,2026-08-10 07:41:29.350663+00,"[""单位""]",
06f9764a-c52a-4e17-94e8-a7e53f5f2f61,UNL-020,曼舞手雷,Dancing Grenade,,,"[""red""]",[],[],[],"[""伤害·单体"",""费用·可选额外"",""伤害·法术伤害加成""]",,对一名单位造成2点伤害。其控制者可以选择支付{{A}}，以此再次打出此法术。若如此做，则此法术在本回合内每造成过一次伤害，便额外造成1点伤害。,"<p>Deal 2 to a unit. Its controller may play this spell again for :rb_rune_rainbow:. If they do, this deals 1 additional Bonus Damage for each time this spell has dealt damage this turn.</p>",2,1,0,稀有,UNL,“他们就是傀儡，我牵动丝线，他们便要跳舞。”——烬,,false,2026-06-18 15:11:45.821819+00,2026-08-10 07:41:29.350663+00,"[""法术""]",
071eb5bd-f6f4-47f8-ba52-4a54b7aa09b4,VEN-015,暴怒箴言,Decree of Rage,,,"[""red""]",,,"[""迅捷""]","[""伤害·单体""]",,"{{迅捷}}（可在你的回合或法术对决中打出。）
此牌无法被无效化。
对一名具有翠意（{{绿色}}）特性的敌方单位造成4点伤害。","[Action] (Play on your turn or in showdowns.)
This can't be countered.
Deal 4 to an enemy Calm (:rb_rune_calm:) unit.",1,1,0,稀有,VEN,平和使人麻木，暴怒方能进取。,,false,2026-07-16 11:27:40.706485+00,2026-08-10 07:41:29.350663+00,"[""法术""]",
073552f4-1cf8-4962-ba21-4076afd20617,VEN-162,藏古之漠,Protective Sands,,,"[""colorless""]",,,,"[""触发·征服"",""符文·数量条件"",""费用·可选额外"",""牌库·抽牌""]",,当你征服此处时，如果你控制的符文数量不多于四枚，则你可以选择支付{{1}}，以此抽一张牌。,"When you conquer here, if you control 4 or fewer runes, you may pay :rb_energy_1: to draw 1.",0,0,0,不凡,VEN,,,false,2026-07-14 11:54:00.306963+00,2026-08-11 04:32:05.530677+00,"[""战场""]",1
07673ebd-5b6a-419c-a1f7-d820647ce661,UNL-141,伊芙琳,Evelynn,摄人心魄,Entrancing,"[""purple""]",[],"[""恶魔""]","[""待命""]","[""触发·进场"",""移动·敌方""]",伊芙琳,"{{待命}}（支付{{A}}正面朝下放置此牌，之后可支付{{0}}将其当作反应牌打出。）
{{后排}}（我在战斗中最后承担伤害。）
当你在你的回合中将我从正面朝下的状态打出时，你可以选择移动任意一名位于不同位置的敌方单位到我所在的战场。","<p>[Hidden] (Hide now for :rb_rune_rainbow: to react with later for :rb_energy_0:.)<br />[Backline] (I must be assigned combat damage last.)<br />When you play me from face down on your turn, you may move an enemy unit at a different location to my battlefield.</p>",2,0,2,稀有,UNL,“女孩子嘛，只不过是想要咬断你的喉咙。”,,false,2026-06-18 15:11:46.036748+00,2026-08-10 07:41:29.350663+00,"[""英雄单位""]",
0777edc6-63bb-4a3f-8afb-f2575d952605,UNL-060,卑鄙之喉,Vilemaw,,,"[""green""]","[""暗影岛""]","[""蜘蛛""]","[""反应"",""伏击""]","[""持续·光环常驻"",""限制·行动禁止"",""触发·据守"",""牌库·抽牌""]",,"{{伏击}}（你可以选择将我作为{{反应}}牌，打出到有己方单位的战场。）
此处战力低于我的敌方单位无法造成战斗伤害。
当我据守一处战场时，抽一张牌。","<p>[Ambush] (You may play me as a [Reaction] to a battlefield where you have units.)<br />Enemy units here with less Might than me don't deal combat damage.<br />When I hold, draw 1.</p>",8,2,8,史诗,UNL,它的巢穴，在那扭曲丛林的彼端。,,false,2026-06-18 15:11:45.821819+00,2026-08-10 07:41:29.350663+00,"[""单位""]",
07899b46-b564-490b-a920-7fe6cc712b53,VEN-050,凶暴的岩熊,Grumpy Rockbear,,,"[""blue""]","[""恕瑞玛""]",,"[""强化""]","[""强化·强化"",""费用·条件减费"",""强化·已强化奖励"",""战力·条件加成""]",,"{{强化12}}。你每控制一枚符文，此技能的费用便减少{{1}}。（支付此费用：强化我。仅在未强化时可用。）
{{已强化>}} 我获得{{法盾}}和{{坚守3}}。（对手必须支付{{A}}才能将我选作法术或技能的目标。如果我是防守方，则{{S}}+3。）","[Empower] :rb_energy_12:. This ability costs :rb_energy_1: less for each rune you control. (Pay the cost: Empower me. Use only if not Empowered.)
[Empowered][&gt;] I have [Deflect] and [Shield 3]. (Opponents must pay :rb_rune_rainbow: to choose me with a spell or ability.+3 :rb_might: while I'm a defender.)",4,0,4,普通,VEN,,,false,2026-07-17 11:50:11.953074+00,2026-08-10 07:41:29.350663+00,"[""单位""]",
08a2ba76-511c-4022-973f-02ad4812cc15,SFD-118,碎骨棒,Boneshiver,,,"[""orange""]",[],"[""武装""]","[""装配""]","[""触发·征服"",""符文·召出""]",,"{{装配1橙色}}（支付{{1}}和{{橙色}}：将此牌贴附到你控制的一名单位上。）
当我征服一处战场时，召出一枚休眠的符文。{{S}}+2","<p>[Equip] :rb_energy_1::rb_rune_body: (:rb_energy_1::rb_rune_body:: Attach this to a unit you control.)</p>
<p>When I conquer, channel 1 rune exhausted.</p>
[S] +2",3,0,0,史诗,SFD,,,false,2026-06-18 15:11:45.468662+00,2026-08-10 07:41:29.350663+00,"[""装备""]",
08e7d19f-c3b4-4f6e-82ad-2bd38165cce5,UNL-031,实战经验,Combat Experience,,,"[""green""]",[],[],"[""等级6"",""反应""]","[""战力·增强单体"",""战力·增强本回合"",""经验·等级奖励""]",,"{{反应}}（可在任意时机打出，甚至先于其他法术和技能的结算。）
让一名单位在本回合内{{S}}+1。
{{等级6>}} 改为让其本回合内{{S}}+3。（如果你拥有不少于6经验，则获得该效果。）","<p>[Reaction] (Play any time, even before spells and abilities resolve.)<br />Give a unit +1 :rb_might: this turn.<br />[Level 6][>] Give it +3 :rb_might: this turn instead. (While you have 6+ XP, get the effect.)</p>",1,0,0,普通,UNL,,,false,2026-06-18 15:11:45.821819+00,2026-08-10 07:41:29.350663+00,"[""法术""]",
09106c19-0212-4794-b116-47590d2de04b,OGN-145,坚毅不倒,Unyielding Spirit,,,"[""orange""]",[],[],"[""反应""]","[""反制·无效化技能"",""保护·抵挡伤害""]",,"{{反应}}（可在任意时机打出，甚至先于其他法术和技能的结算。）
无效化本回合内所有法术或技能的伤害。","<p>[Reaction] (Play any time, even before spells and abilities resolve.)<br />Prevent all spell and ability damage this turn.</p>",1,1,0,不凡,OGN,现在放弃的话，战斗就提前结束了。,,false,2026-06-18 15:11:45.468662+00,2026-08-10 07:41:29.350663+00,"[""法术""]",
0923547f-8ba8-4fea-9ca7-9e5d8b80059a,SFD-046,魄罗佳肴,Poro Snax,,,"[""green""]",[],[],[],"[""触发·进场"",""牌库·抽牌"",""主动·横置技能"",""主动·支付费用技能"",""摧毁·装备""]",,"当你打出此牌时，抽一张牌。
支付{{1}}和{{绿色}}，{{横置}}，摧毁此牌：抽一张牌。","<p>When you play this, draw 1.<br />:rb_energy_1::rb_rune_calm:, :rb_exhaust:, Kill this: Draw 1.</p>",1,1,0,不凡,SFD,"“吃吧！吃完就会茁壮成长！”
——布隆",,false,2026-06-18 15:11:45.468662+00,2026-08-10 07:41:29.350663+00,"[""装备""]",
09442156-850e-4f49-a606-85ba5cfd102f,OGN-140,唤龙使者,Herald of Scales,,,"[""orange""]","[""巨神峰""]",[],[],"[""持续·光环常驻"",""费用·减费"",""特性·属性联动""]",,你的“龙”属性单位法力费用减少{{2}}，不得低于{{1}}。,"<p>Your Dragons' Energy costs are reduced by :rb_energy_2:, to a minimum of :rb_energy_1:.</p>",4,0,3,不凡,OGN,巨龙的语言，本身就是一种魔法。,,false,2026-06-18 15:11:45.129603+00,2026-08-10 07:41:29.350663+00,"[""单位""]",
09989541-68bb-4b08-a02d-06f1a3ad6d1c,SFD-198,沙兵现身,Arise!,,,"[""green"",""yellow""]",[],[],[],"[""衍生·单位"",""状态·激活""]",阿兹尔,你每控制一件武装，便打出一名2{{S}}的“黄沙士兵”。然后进行一次：让其中最多两名“黄沙士兵”变为活跃状态。,<p>Play a 2 :rb_might: Sand Soldier unit token for each Equipment you control. Then do this: Ready up to two of them.</p>,6,1,0,史诗,SFD,"“命令已下达！”
——阿兹尔",,false,2026-06-18 15:11:45.468662+00,2026-08-10 07:41:29.350663+00,"[""专属法术""]",
09eaa186-291a-4466-bae2-85b5d9a2f52a,OGN-248,艾卡西亚暴雨,Icathian Rain,,,"[""red"",""blue""]",[],[],[],"[""伤害·单体""]",卡莎,"对一名单位造成2点伤害。

对一名单位造成2点伤害。

对一名单位造成2点伤害。

对一名单位造成2点伤害。

对一名单位造成2点伤害。

对一名单位造成2点伤害。",<p>Deal 2 to a unit.<br />Deal 2 to a unit.<br />Deal 2 to a unit.<br />Deal 2 to a unit.<br />Deal 2 to a unit.<br />Deal 2 to a unit.</p>,7,3,0,史诗,OGN,,,false,2026-06-18 15:11:45.129603+00,2026-08-10 07:41:29.350663+00,"[""专属法术""]",
09f3993f-ab44-4c6b-9dc4-fddcda803a47,VEN-059,电能震荡,Shock Blast,,,"[""blue""]",,,"[""迅捷""]","[""费用·条件减费"",""伤害·单体""]",,"{{迅捷}}（可在你的回合或法术对决中打出。）
如果你控制着{{已强化}}的物体，则此牌的费用减少{{2}}。
对战场上的一名单位造成4点伤害，","[Action] (Play on your turn or in showdowns.)
This costs :rb_energy_2: less if you control something that's [Empowered].
Deal 4 to a unit at a battlefield.",3,1,0,不凡,VEN,"“感受雷霆吧！”
——杰斯",,false,2026-07-20 10:23:59.547404+00,2026-08-10 07:41:29.350663+00,"[""法术""]",
09f5e5ac-e07c-472d-ab4d-1bb5ac65f9e1,UNL-074,冰封宝石,Frigid Jewel,,,"[""blue""]",[],[],[],"[""牌库·抽牌"",""战力·增强单体"",""战力·增强本回合""]",,当你在每回合内抽第二张牌时，让一名友方单位本回合内{{S}}+2。,"<p>When you draw your second card each turn, give a friendly unit +2 :rb_might: this turn.</p>",2,0,0,不凡,UNL,每个晶面都透着弗雷尔卓德的力量。,,false,2026-06-18 15:11:45.821819+00,2026-08-10 07:41:29.350663+00,"[""装备""]",
0a3fa433-bc5d-4142-9fbc-7286b66b8b6f,VEN-137,可疑的眼镜,Shady Spectacles,,,"[""yellow""]",,"[""武装""]","[""装配""]","[""复制·效果技能""]",,"{{装配1黄色}}（支付{{1}}和{{黄色}}：将此牌贴附到你控制的一名单位上。）
此牌贴附到单位上时，选择另一名友方单位。装配此牌的单位在此牌贴附期间变为所选单位的复制体。","[Equip] :rb_energy_1::rb_rune_order: (:rb_energy_1::rb_rune_order:: Attach this to a unit you control.)
As this is attached to a unit, choose another friendly unit. The equipped unit becomes a copy of that unit for as long as this is attached to it.
(I am a copy of the chosen unit.) +0",4,0,0,史诗,VEN,,,false,2026-07-10 11:00:46.719761+00,2026-08-10 07:41:29.350663+00,"[""装备""]",
0a40a40c-5767-49af-a571-611034f95806,OGN-099,拾荒小能手,Garbage Grabber,,,"[""blue""]",[],[],[],"[""牌库·回收"",""主动·横置技能"",""主动·支付费用技能"",""牌库·抽牌""]",,从废牌堆中回收三张牌，支付{{1}}，{{横置}}：抽一张牌。,"<p>Recycle 3 from your trash, :rb_energy_1:, :rb_exhaust:: Draw 1.</p>",2,0,0,不凡,OGN,遗失在传送门之间夹缝时空的物体会成为构装体的食物——大多是钥匙和不成对的袜子。,,false,2026-06-18 15:11:45.129603+00,2026-08-10 07:41:29.350663+00,"[""装备""]",
0a5f2414-9468-40c6-b694-c2c40703f3c6,VEN-074,军团掠阵兵,Legion Marauder,,,"[""orange""]","[""诺克萨斯""]","[""崔法利""]","[""强化""]","[""强化·强化"",""强化·已强化奖励"",""战力·增强单体"",""战力·永久成长""]",,"{{强化}} — 支付{{1}}或{{橙色}}（支付其中一种费用：强化我。仅在未强化时可用。）
{{已强化>}} 我获得{{S}}+1。","[Empower] — :rb_energy_1: or :rb_rune_body: (Pay either cost: Empower me. Use only if not Empowered.)
[Empowered][&gt;] I have +1 :rb_might:.",2,0,2,普通,VEN,哪怕只有一个人，崔法利军团也能靠数量制胜。,,false,2026-07-20 10:23:59.547404+00,2026-08-10 07:41:29.350663+00,"[""单位""]",
0a624d53-8f92-46f1-aa04-73cc9ee20c1f,SFD-004,丛林伏击,Bushwhack,,,"[""red""]",[],[],"[""待命""]","[""状态·以活跃进场"",""衍生·装备""]",,"{{待命}}（支付{{A}}正面朝下放置此牌，之后可支付{{0}}将其当作反应牌打出。）
在本回合内，友方单位以活跃状态进场。打出一个休眠的“金币”装备指示物。",<p>[Hidden] (Hide now for :rb_rune_rainbow: to react with later for :rb_energy_0:.)<br />Friendly units enter ready this turn. Play a Gold gear token exhausted.</p>,2,1,0,普通,SFD,永远要记得检查草丛。,,false,2026-06-18 15:11:45.468662+00,2026-08-10 07:41:29.350663+00,"[""法术""]",
0a775077-49d4-4741-8086-705c6566ac1b,UNL-R04,摧破符文,,,,"[""orange""]",[],[],[],,,,,0,0,0,普通,UNL,,,false,2026-06-18 15:11:45.821819+00,2026-08-11 04:32:05.530677+00,"[""符文""]",12
0ab9f594-bb60-472f-a539-e10f9b6b989c,VEN-046,内瑟斯,Nasus,飞升者,Ascended,"[""green""]","[""恕瑞玛""]","[""犬形""]","[""法盾2"",""强化""]","[""强化·强化"",""强化·已强化奖励"",""触发·征服""]",内瑟斯,"{{法盾2}}（对手必须支付{{A}}{{A}}才能将我选作法术或技能的目标。）
{{强化8}}（支付{{8}}：强化我。仅在未强化时可用。）
{{已强化>}} 当我征服一处战场时，你获得1分。","[Deflect 2] (Opponents must pay :rb_rune_rainbow::rb_rune_rainbow: to choose me with a spell or ability.)
[Empower] :rb_energy_8: (:rb_energy_8:: Empower me. Use only if not Empowered.)
[Empowered][&gt;] When I conquer, you score 1 point.",8,1,8,史诗,VEN,“你们没有来世可言。”,,false,2026-07-09 16:49:03.36084+00,2026-08-10 07:41:29.350663+00,"[""英雄单位""]",
0b5b4bce-09ae-46cc-ad42-be554c2e532c,OGN-193,厄运小姐,Miss Fortune,海盗,Buccaneer,"[""purple""]","[""比尔吉沃特""]","[""海盗""]",[],"[""位置·开放战场"",""持续·光环常驻""]",厄运小姐,"你可以选择将我打出到一处开放的战场。
友方单位可以被打出到开放的战场。",<p>You may play me to an open battlefield.<br />Friendly units may be played to open battlefields.</p>,4,1,4,稀有,OGN,“我总是先手。”,,false,2026-06-18 15:11:45.129603+00,2026-08-10 07:41:29.350663+00,"[""英雄单位""]",
0b9bb3b5-efb1-4d7b-a1ca-f53e9eaac944,OGN-170,亡者复生,Morbid Return,,,"[""purple""]",[],[],"[""迅捷""]","[""牌库·回收""]",,"{{迅捷}}（可在你的回合或法术对决中打出。）
让你废牌堆里的一名单位返回手牌。",<p>[Action] (Play on your turn or in showdowns.)<br />Return a unit from your trash to your hand.</p>,2,0,0,普通,OGN,“无需太久，这残忍的长夜便会告终。但不是现在。”——佛耶戈,,false,2026-06-18 15:11:45.129603+00,2026-08-10 07:41:29.350663+00,"[""法术""]",
0bbfebb6-ba5e-456b-bfc3-7f3c4c7d4558,VEN-154,公开处刑,Public Execution,,,"[""orange"",""yellow""]",,,"[""流转""]","[""摧毁·单位"",""牌库·打出"",""费用·可选额外"",""牌库·放逐""]",安蓓萨,"选择一名友方单位。摧毁一名战力低于该单位的敌方单位。
{{流转5AA}}（你可以选择支付此牌的流转费用，以此将其从你的废牌堆中打出。然后将其放逐。）","Choose a friendly unit. Kill an enemy unit with less Might than it.
[Flow] :rb_energy_5::rb_rune_rainbow::rb_rune_rainbow: (You may play this from your trash for its Flow cost. Then banish it.)",2,1,0,史诗,VEN,"“血流成河！”
——安蓓萨",,false,2026-07-15 12:42:50.861849+00,2026-08-10 07:41:29.350663+00,"[""专属法术""]",
0bc58010-5640-4763-a2c4-05046f9ed83a,VEN-153,铁血狼母,Matriarch of War,,,"[""orange"",""yellow""]",,,,"[""强化·强化"",""强化·解除强化"",""主动·横置技能"",""主动·支付费用技能"",""状态·激活""]",安蓓萨,"当你为其他物体强化时，强化我。（如果我未被强化，则变为已强化状态。）
解除我的强化，支付{{A}}，{{横置}}：让一名单位变为活跃状态。","When you empower something else, empower me. (I become Empowered if I'm not already.)
Disempower me, :rb_rune_rainbow:, :rb_exhaust:: Ready a unit.",0,0,0,稀有,VEN,,,false,2026-07-10 11:00:46.719761+00,2026-08-11 04:32:05.530677+00,"[""传奇""]",1
0c95a227-6142-4dd2-bcad-b17898ca60bb,SFD-215,拉文布鲁姆学院,Ravenbloom Conservatory,,,"[""colorless""]",[],[],[],"[""触发·防守"",""牌库·查看"",""牌库·抽牌"",""牌库·放回""]",,当你防守此处时，展示你主牌堆顶部的一张牌。如果是一张法术牌，则将其放入你的手牌，否则将其回收。,"<p>When you defend here, reveal the top card of your Main Deck. If it's a spell, put it in your hand. Otherwise, recycle it.</p>",0,0,0,不凡,SFD,,,false,2026-06-18 15:11:45.468662+00,2026-08-11 04:32:05.530677+00,"[""战场""]",1
0cb2f8a2-e8fe-416b-923c-217f8850486e,SFD-041,学徒铁匠,Apprentice Smith,,,"[""green""]","[""弗雷尔卓德""]",[],[],"[""触发·移动"",""牌库·查看"",""牌库·抽牌"",""牌库·放回""]",,当我移动时，展示你主牌堆顶部的一张牌。如果是一张装备牌，则抽取该卡牌，否则将其回收。,"<p>When I move, reveal the top card of your Main Deck. If it's a gear, draw it. Otherwise, recycle it.</p>",2,0,2,不凡,SFD,“我的导师常说，每个失败的项目都是宝贵的教训。而我嘛……一般都是拿它们当镇纸。”,,false,2026-06-18 15:11:45.468662+00,2026-08-10 07:41:29.350663+00,"[""单位""]",
0cbfc9a2-079b-4944-9026-f2f90fe50bed,SFD-067,霜衣幼崽,Frostcoat Cub,,,"[""blue""]","[""弗雷尔卓德""]","[""犬形""]",[],"[""费用·可选额外"",""触发·进场"",""战力·削弱""]",,"你可以选择支付{{蓝色}}，作为打出我的额外费用。
当你打出我时，如果你支付了该额外费用，则让一名单位本回合内{{S}}-2。","<p>You may pay :rb_rune_mind: as an additional cost to play me.<br />When you play me, if you paid the additional cost, give a unit -2 :rb_might: this turn.</p>",3,0,3,普通,SFD,在弗雷尔卓德，长得可爱不过是一种生存策略罢了。,,false,2026-06-18 15:11:45.468662+00,2026-08-10 07:41:29.350663+00,"[""单位""]",
0d853785-3503-4e6f-bcdf-0ee4aa57f10b,UNL-097,均衡门徒,Kinkou Initiate,,,"[""orange""]","[""艾欧尼亚""]",[],[],"[""触发·进场"",""牌库·抽牌""]",,当你打出我时，如果你的其他单位的总计战力不低于5，则抽一张牌。,"<p>When you play me, draw 1 if your other units have total Might 5 or more.</p>",3,0,3,普通,UNL,能行托举之事，方为有力之人。,,false,2026-06-18 15:11:46.036748+00,2026-08-10 07:41:29.350663+00,"[""单位""]",
0da94b90-0402-4a7b-93db-bb846e4e39cf,OGN-074,塔里克,Taric,坚盾,Protector,"[""green""]","[""巨神峰""]",[],"[""坚守"",""壁垒""]","[""持续·光环常驻""]",塔里克,"{{坚守}}（如果我是防守方，则{{S}}+1。）
{{壁垒}}（我在战斗中首先承担伤害。）
此处的其他友方单位获得{{坚守}}。",<p>[Shield] (+1 :rb_might: while I'm a defender.)<br />[Tank] (I must be assigned combat damage first.)<br />Other friendly units here have [Shield].</p>,4,1,4,稀有,OGN,“每个生命都是珍贵的宝石。”,,false,2026-06-18 15:11:45.129603+00,2026-08-10 07:41:29.350663+00,"[""英雄单位""]",
0e37cbcb-d8d9-4641-ba0b-77d39079f04c,VEN-055,实干研究员,Applied Researchers,,,"[""blue""]","[""恕瑞玛""]",,"[""强化""]","[""强化·强化"",""强化·已强化奖励"",""费用·减费""]",,"{{强化3}}（支付{{3}}：强化我。仅在未强化时可用。）
{{已强化>}} 你的法术费用减少{{1}}和{{A}}，不得低于{{1}}。","[Empower] :rb_energy_3: (:rb_energy_3:: Empower me. Use only if not Empowered.)
[Empowered][&gt;] Your spells cost :rb_energy_1::rb_rune_rainbow: less, to a minimum of :rb_energy_1:.",4,0,4,不凡,VEN,“预知测试第11次：成功，但第14和19次将会失败。如果跳过这两次，会发生什么呢？”,,false,2026-07-15 12:42:50.861849+00,2026-08-10 07:41:29.350663+00,"[""单位""]",
0e605937-1223-4532-a33b-f371543c4b98,SFD-115,三相之力,Trinity Force,,,"[""orange""]",[],"[""武装""]","[""装配""]","[""触发·据守""]",,"{{装配橙色}}（支付{{橙色}}：将此牌贴附到你控制的一名单位上。）
当我据守一处战场时，获得的分数+1。{{S}}+2","<p>[Equip] :rb_rune_body: (:rb_rune_body:: Attach this to a unit you control.)</p>
<p>When I hold, score 1 point.</p>
[S] +2",4,0,0,稀有,SFD,,,false,2026-06-18 15:11:45.468662+00,2026-08-10 07:41:29.350663+00,"[""装备""]",
0f4b23ce-b873-4a56-96aa-7f2db75f2797,OGN-233,宏伟战略,Grand Strategem,,,"[""yellow""]",[],[],"[""迅捷""]","[""战力·增强群体"",""战力·增强本回合""]",,"{{迅捷}}（可在你的回合或法术对决中打出。）
在本回合内，让所有友方单位{{S}}+5。",<p>[Action] (Play on your turn or in showdowns.)<br />Give friendly units +5 :rb_might: this turn.</p>,6,3,0,稀有,OGN,你无需理解我的计划——只要照做就好。,,false,2026-06-18 15:11:45.129603+00,2026-08-10 07:41:29.350663+00,"[""法术""]",
0f4be9fa-a9ab-44fa-9d51-2d7adce035c7,VEN-075,剑头蛟的卵,Platewyrm Egg,,,"[""orange""]",,,"[""强化"",""反应"",""获得""]","[""状态·以休眠进场"",""强化·强化"",""主动·横置技能"",""资源·获得费用"",""强化·已强化奖励""]",,"此牌以休眠状态进场。
{{强化}} — 支付{{1}}，{{横置}}（支付此费用：强化此牌。仅在未强化时可用。）
{{反应>}} {{横置}}：{{获得}}{{1}}。如果此牌{{已强化}}，则改为{{获得}}{{2}}。","This enters exhausted.
[Empower] — :rb_energy_1:, :rb_exhaust: (Pay the cost: Empower this. Use only if not Empowered.)
[Reaction][&gt;] :rb_exhaust:: [Add] :rb_energy_1:. If this is [Empowered], [Add] :rb_energy_2: instead.",3,0,0,普通,VEN,,,false,2026-07-17 11:50:11.953074+00,2026-08-10 07:41:29.350663+00,"[""装备""]",
0f510c06-d44c-4d36-a617-3f293c2b29e6,OGN-209,清理门户,Cull the Weak,,,"[""yellow""]",[],[],[],"[""摧毁·单位""]",,每名玩家选择并摧毁一名自己的单位。,<p>Each player kills one of their units.</p>,2,1,0,普通,OGN,不逼人跳下去，准备跳板还有什么意思？,,false,2026-06-18 15:11:45.129603+00,2026-08-10 07:41:29.350663+00,"[""法术""]",
0f70d1f7-4281-4dcd-abbd-fe452757aa00,SFD-111,前来相助,Here to Help,,,"[""orange""]",[],[],"[""待命"",""迅捷""]","[""费用·减费""]",,"{{待命}}(支付符能正面朝下放置此牌，之后可支付0将其当作反应牌打出。)
{{迅捷}}（可在你的回合或法术对决中打出。）
你可以选择将一名单位从手牌打出到你控制的一处战场,其费用减少{{3}}。","<p>[Hidden] (Hide now for :rb_rune_rainbow: to react with later for :rb_energy_0:.)<br />[Action] (Play on your turn or in showdowns.)<br />You may play a unit from hand to a battlefield you control, reducing its cost by :rb_energy_3:.</p>",2,1,0,稀有,SFD,,,false,2026-06-18 15:11:45.821819+00,2026-08-10 07:41:29.350663+00,"[""法术""]",
0f737224-b48e-4558-955b-7a792517a458,VEN-165,影流寺院,Shadow Temple,,,"[""colorless""]",,,"[""燃烧3""]","[""触发·据守"",""牌库·燃烧""]",,当你据守此处时，{{燃烧3}}。（将你主牌堆顶部的三张牌放入你的废牌堆。）,"When you hold here, [Burn 3]. (Put the top 3 cards of your Main Deck into your trash.)",0,0,0,不凡,VEN,,,false,2026-07-20 10:23:59.547404+00,2026-08-11 04:32:05.530677+00,"[""战场""]",1
0fd38555-6c1b-454d-8354-67ff1f3e3fdf,SFD-047,山猿老祖,Simian Ancestor,,,"[""green""]","[""艾欧尼亚""]",[],[],"[""增益·给予"",""状态·激活""]",,当你给予我增益时，让我变为活跃状态。,"<p>When you buff me, ready me.</p>",5,1,5,不凡,SFD,“我看着速度不快，实则不然。我看着年事已高，实则更高。”,,false,2026-06-18 15:11:45.468662+00,2026-08-10 07:41:29.350663+00,"[""单位""]",
105be240-179d-4eee-a079-2fb83942a5e4,OGN-127,加农炮幕,Cannon Barrage,,,"[""orange""]",[],[],"[""反应""]","[""伤害·群体""]",,"{{反应}}（可在任意时机打出，甚至先于其他法术和技能的结算。）
对战斗中的所有敌方单位各造成2点伤害。","<p>[Reaction] (Play any time, even before spells and abilities resolve.)<br />Deal 2 to all enemy units in combat.</p>",2,1,0,普通,OGN,只要大炮够多，就不需要瞄准。,,false,2026-06-18 15:11:45.129603+00,2026-08-10 07:41:29.350663+00,"[""法术""]",
105d9b43-8510-4a09-96fe-6b3c351cb54a,OGN-297,疾风山丘,Windswept Hillock,,,"[""colorless""]",[],[],"[""游走""]","[""持续·光环常驻"",""移动·单位""]",,此处的单位获得{{游走}}。（他们可以向其他战场进行移动。）,<p>Units here have [Ganking]. (They can move from battlefield to battlefield.)</p>,0,0,0,不凡,OGN,浪迹天涯，四海为家。,,false,2026-06-18 15:11:45.129603+00,2026-08-11 04:32:05.530677+00,"[""战场""]",1
10c4d263-4f30-477b-b939-b1353503569c,UNL-090,乐芙兰,LeBlanc,万象归宗,Everywhere at Once,"[""blue""]","[""诺克萨斯""]",[],"[""瞬息""]","[""持续·光环常驻""]",乐芙兰,"{{后排}}（我在战斗中最后承担伤害。）
你在我所处战场的{{瞬息}}效果不会触发。",<p>[Backline] (I must be assigned combat damage last.)<br />Your [Temporary] effects at my battlefield don't trigger.</p>,4,0,4,史诗,UNL,“远谋、武力、狡诈。历史不过是一个可笑的循环。”,,false,2026-06-18 15:11:45.821819+00,2026-08-10 07:41:29.350663+00,"[""英雄单位""]",
10d94826-970f-4b5f-a41c-bfc2489c6099,VEN-038,阿卡丽,Akali,无形致命,Silent,"[""green""]","[""艾欧尼亚""]",,,"[""持续·光环常驻"",""状态·免疫"",""触发·移动"",""战力·增强单体"",""战力·增强本回合""]",阿卡丽,"除非我处于战斗中，否则我无法被敌方法术和技能选作目标。
当我移动到一处战场时，给予我在本回合内{{S}}+2。","I can't be chosen by enemy spells and abilities unless I'm in combat.
When I move to a battlefield, give me +2 :rb_might: this turn.",4,1,4,稀有,VEN,“钢刀与技巧，缺一不可。”,,false,2026-07-13 14:11:02.122334+00,2026-08-10 07:41:29.350663+00,"[""英雄单位""]",
110afbbb-f39a-43eb-9b53-27a03eb7c968,OGN-040,暴怒之印,Seal of Rage,,,"[""red""]",[],[],"[""反应"",""获得""]","[""主动·横置技能"",""资源·获得费用""]",,{{横置}}：{{反应}}—{{获得}}{{红色}}，用以支付符能费用。（获得费用资源的技能无法成为其他法术的反应目标。）,<p>:rb_exhaust:: [Reaction] — [Add] :rb_rune_fury:. (Abilities that add resources can't be reacted to.)</p>,0,1,0,史诗,OGN,,,false,2026-06-18 15:11:45.129603+00,2026-08-10 07:41:29.350663+00,"[""装备""]",
111ef19b-63ac-4b8f-b83c-f2820727e3ee,OGN-184,塞壬号,The Syren,,,"[""purple""]",[],[],[],"[""主动·横置技能"",""主动·支付费用技能"",""移动·单位"",""互动·召回基地""]",,"支付{{1}}，{{横置}}：将战场上的一名友方单位移动到其所属的基地。
","<p>:rb_energy_1:, :rb_exhaust:: Move a friendly unit at a battlefield to its base.</p>",2,0,0,不凡,OGN,没有了船，海盗也不过是群普通的罪犯而已。,,false,2026-06-18 15:11:45.468662+00,2026-08-10 07:41:29.350663+00,"[""装备""]",
1130611b-5aaa-4378-b50c-504292c44970,UNL-182,完美谢幕,Curtain Call,,,"[""red"",""blue""]",[],[],"[""回响""]","[""费用·可选额外"",""牌库·抽牌"",""伤害·单体"",""伤害·对基地"",""战力·削弱""]",烬,"{{回响}} — 支付{{1}}/支付{{A}}/支付{{1}}和{{A}}（你可以选择支付各额外费用一次，以重复多次此法术效果。）
从以下中选择一个未选过的效果 —
- 抽一张牌。
- 对战场上的一名单位造成2点伤害。
- 对基地中的一名单位造成3点伤害。
- 让战场上的一名单位在本回合内{{S}}-4。",<p>[Repeat] — :rb_energy_1: / :rb_rune_rainbow: / :rb_energy_1::rb_rune_rainbow: (You may pay each additional cost to repeat this spell's effect.)<br />Choose one you haven't already chosen —</p><ul><li>Draw 1.</li><li>Deal 2 to a unit at a battlefield.</li><li>Deal 3 to a unit at a base.</li><li>Give a unit at a battlefield -4 :rb_might: this turn.</li></ul>,4,0,0,史诗,UNL,,,false,2026-06-18 15:11:45.821819+00,2026-08-10 07:41:29.350663+00,"[""专属法术""]",
11554822-90dd-4197-a33b-711f32b55af7,VEN-110,梅尔,Mel,镜转乾坤,Defiant Soul,"[""purple""]","[""恕瑞玛""]",,"[""强化""]","[""强化·强化"",""牌库·弃牌"",""强化·已强化奖励"",""牌库·放逐""]",梅尔,"{{强化}} — 弃置一张法术牌（支付此费用：强化我。仅在未强化时可用。）
当我变为{{已强化}}时，放逐战场上一名不高于3{{S}}的敌方单位。","[Empower] — Discard a spell (Pay the cost: Empower me. Use only if not Empowered.)
When I become [Empowered], banish an enemy unit at a battlefield with 3 :rb_might: or less.",5,0,4,稀有,VEN,“米达尔达家族素来有勇有谋，能征善战。”,,false,2026-07-10 11:00:46.719761+00,2026-08-10 07:41:29.350663+00,"[""英雄单位""]",
11632709-446e-4e30-ae17-675e40f4112e,VEN-R04,摧破符文,Body Rune,,,"[""orange""]",,,,,,,[NO TEXT],0,0,0,普通,VEN,,,false,2026-07-09 16:49:03.36084+00,2026-08-11 04:32:05.530677+00,"[""符文""]",12
118484ef-2a00-4a11-9918-b055fd81e866,UNL-208,黑焰祭坛,Black Flame Altar,,,"[""colorless""]",[],[],"[""坚守"",""瞬息""]","[""持续·光环常驻"",""战力·条件加成""]",,此处拥有{{瞬息}}的单位获得{{坚守}}。（如果它们是防守方，则{{S}}+1。）,<p>Units here with [Temporary] have [Shield]. (+1 :rb_might: while they're defenders.)</p>,0,0,0,不凡,UNL,,,false,2026-06-18 15:11:45.821819+00,2026-08-11 04:32:05.530677+00,"[""战场""]",1
1192ca85-829b-45b7-9b65-74f80aabc46d,SFD-212,雷区,Minefield,,,"[""colorless""]",[],[],[],"[""触发·征服"",""牌库·燃烧""]",,当你征服此处时，将你主牌堆顶部的两张牌放入废牌堆。,"<p>When you conquer here, put the top 2 cards of your Main Deck into your trash.</p>",0,0,0,不凡,SFD,,,false,2026-06-18 15:11:45.821819+00,2026-08-11 04:32:05.530677+00,"[""战场""]",1
119ea360-76db-4790-b5fa-37e04fcfc6d2,SFD-100,约德尔探险家,Yordle Explorer,,,"[""orange""]","[""班德尔城""]","[""约德尔人""]",[],"[""触发·打出"",""牌库·抽牌""]",,当你打出一张符能费用不低于{{A}}{{A}}的卡牌时，抽一张牌。,"<p>When you play a card with Power cost :rb_rune_rainbow::rb_rune_rainbow: or more, draw 1.</p>",4,0,4,普通,SFD,“不能就此停下脚步！冒险才刚刚开始呢！”,,false,2026-06-18 15:11:45.468662+00,2026-08-10 07:41:29.350663+00,"[""单位""]",
11d018b9-4b02-46c5-a049-27c4bc20b613,UNL-164,安全检查员,Safety Inspector,,,"[""yellow""]","[""班德尔城""]","[""约德尔人""]",[],"[""经验·消耗"",""费用·可选额外"",""触发·进场"",""摧毁·单位""]",,"你可以选择消耗3经验，作为打出我的额外费用。
当你打出我时，每名玩家必须摧毁自己的一名单位。如果你支付了我的额外费用，则你无需以此方式摧毁一名单位。","<p>You may spend 3 XP as an additional cost to play me.<br />When you play me, each player must kill one of their units. If you paid my additional cost, you don't kill a unit this way.</p>",5,1,3,不凡,UNL,“看着没啥毛病！”,,false,2026-06-18 15:11:46.036748+00,2026-08-10 07:41:29.350663+00,"[""单位""]",
125541fc-40a9-4bc3-8a17-8e82cb0d8aaa,SFD-210,传奇殿堂,Hall of Legends,,,"[""colorless""]",[],[],[],"[""触发·征服"",""费用·可选额外"",""状态·激活""]",,当你征服此处时，你可以选择支付{{1}}，以此让你的传奇变为活跃状态。,"<p>When you conquer here, you may pay :rb_energy_1: to ready your legend.</p>",0,0,0,不凡,SFD,,,false,2026-06-18 15:11:45.821819+00,2026-08-11 04:32:05.530677+00,"[""战场""]",1
1257302b-b2f5-4087-bb3e-c874191adffb,OGS-014,拉克丝,Lux,冕卫之光,Crownguard,"[""yellow""]","[""德玛西亚""]",[],"[""反应"",""获得""]","[""主动·横置技能"",""资源·获得费用""]",拉克丝,{{横置}}：{{反应}}-{{获得}}{{2}}，但仅可用于打出法术。（获得费用资源的技能无法成为其他法术的反应目标。）,<p>:rb_exhaust:: [Reaction] — [Add] :rb_energy_2:. Use only to play spells. (Abilities that add resources can't be reacted to.)</p>,4,0,2,史诗,OGS,“我已经压抑自己的光芒太久了。”,,false,2026-06-18 15:11:45.129603+00,2026-08-10 07:41:29.350663+00,"[""英雄单位""]",
12659390-e16f-45a6-a15c-500175a4ac46,UNL-008,莽林巨象,Towering Pairofant,,,"[""red""]","[""恕瑞玛""]",[],"[""强攻""]","[""触发·摧毁"",""状态·以活跃进场""]",,"{{强攻}}（如果我是进攻方，则{{S}}+1。）
如果本回合内有单位被摧毁，则我以活跃状态进场。","<p>[Assault] (+1 :rb_might: while I'm an attacker.)<br />If a unit died this turn, I enter ready.</p>",6,0,6,普通,UNL,不是不报，孽障未到。,,false,2026-06-18 15:11:45.821819+00,2026-08-10 07:41:29.350663+00,"[""单位""]",
1291cf2c-9dfa-4b43-a742-a7d6ef122ad6,OGS-008,绅士决斗,Gentlemen's Duel,,,"[""orange""]",[],[],"[""迅捷""]","[""战力·增强单体"",""战力·增强本回合"",""伤害·等同战力""]",,"{{迅捷}}（可在你的回合或法术对决中打出。）
让一名友方单位本回合内{{S}}+3。随后，选择一名敌方单位，让这两名单位互相以自身战力给对方造成伤害。",<p>[Action] (Play on your turn or in showdowns.)<br />Give a friendly unit +3 :rb_might: this turn. Then choose an enemy unit. They deal damage equal to their Mights to each other.</p>,6,1,0,普通,OGS,体面而正式地干掉你的敌人。,,false,2026-06-18 15:11:45.129603+00,2026-08-10 07:41:29.350663+00,"[""法术""]",
12b6148d-637f-4f3c-994d-7ef9b0fc7246,OGN-114,进化日,Progress Day,,,"[""blue""]",[],[],[],"[""牌库·抽牌""]",,抽四张牌。,<p>Draw 4.</p>,6,1,0,稀有,OGN,一千种明日之梦，一次看完，价格实惠！,,false,2026-06-18 15:11:45.129603+00,2026-08-10 07:41:29.350663+00,"[""法术""]",
13102e4e-6fc3-43d5-9ded-813a9566ee4a,UNL-163,搜魔人巡管,Mageseeker Investigator,,,"[""yellow""]","[""德玛西亚""]",[],[],"[""持续·光环常驻"",""费用·加费""]",,对手若要将多名单位同时移动到我所在的战场，则必须为除第一名单位外的每名其他单位各额外支付{{A}}。,<p>Opponents must pay :rb_rune_rainbow: for each unit beyond the first to move multiple units to my battlefield at the same time.</p>,4,0,4,不凡,UNL,“名字，工作。说吧。”,,false,2026-06-18 15:11:45.821819+00,2026-08-10 07:41:29.350663+00,"[""单位""]",
136b5ed6-b428-4c68-b1d4-b06efdc622f7,UNL-203,圣锤之毅,Keeper of the Hammer,,,"[""orange"",""yellow""]",[],[],[],"[""触发·据守"",""经验·获得"",""经验·消耗"",""主动·横置技能"",""牌库·抽牌""]",波比,"当你据守一处战场时，获得1经验。
消耗3经验，{{横置}}：抽一张牌。","<p>When you hold, gain 1 XP.<br />Spend 3 XP, :rb_exhaust:: Draw 1.</p>",0,0,0,稀有,UNL,,,false,2026-06-18 15:11:45.821819+00,2026-08-11 04:32:05.530677+00,"[""传奇""]",1
13719f02-226e-44f1-beb1-7063045d7940,UNL-147,纳什男爵,Baron Nashor,,,"[""purple""]","[""虚空之地""]",[],[],"[""触发·进场"",""衍生·单位"",""状态·免疫"",""持续·光环常驻"",""战力·增强群体""]",,"打出我时，如果场上没有“男爵巢穴”，则将一个“男爵巢穴”战场指示物添置到场上。若如此做，则我于“男爵巢穴”进场。（它具有“单位可从任意位置移动到此处”的效果。）
我无法被敌方法术和技能选作目标。
其他友方单位获得{{S}}+2。","<p>As you play me, add the Baron Pit battlefield token to the board if it's not there already. If you do, I enter there. (It has ""Units can move here from anywhere."")<br />I can't be chosen by enemy spells and abilities.<br />Other friendly units have +2 :rb_might:.</p>",10,3,12,史诗,UNL,,,false,2026-06-18 15:11:45.821819+00,2026-08-10 07:41:29.350663+00,"[""单位""]",
13805c41-b85c-434c-adcb-089c52b90641,UNL-083,镜中幻影,Smoke and Mirrors,,,"[""blue""]",[],[],"[""待命"",""瞬息"",""迅捷""]","[""移动·换位"",""牌库·抽牌""]",,"{{待命}}（支付{{A}}正面朝下放置此牌，之后可支付{{0}}将其当作反应牌打出。）
{{迅捷}}（可在你的回合或法术对决中打出。）
选择一名受你控制的单位和另一名与之位置不同的受你控制的单位。如果其中至少一个拥有{{瞬息}}，则将两名单位分别移动到对方的位置。抽一张牌。","<p>[Hidden] (Hide now for :rb_rune_rainbow: to react with later for :rb_energy_0:.)<br />[Action] (Play on your turn or in showdowns.)<br />Choose a unit you control and another unit you control at a different location. If at least one of them has [Temporary], move each to the other's location. Draw 1.</p>",2,0,0,稀有,UNL,,,false,2026-06-18 15:11:46.036748+00,2026-08-10 07:41:29.350663+00,"[""法术""]",
139fe09a-4520-4290-8b30-b878fd19b96a,VEN-056,千里眼,Clairvoyance,,,"[""blue""]",,,"[""反应"",""洞察5""]","[""牌库·查看"",""牌库·放回"",""牌库·抽牌""]",,"{{反应}}（可在任意时机打出，甚至先于其他法术和技能的结算。）
{{洞察5}}。（查看你主牌堆顶部的五张牌。你可以将其中任意卡牌回收，并将其余的卡牌按任意顺序放回原处。）
抽两张牌。","[Reaction] (Play any time, even before spells and abilities resolve.)
[Predict 5]. (Look at the top 5 cards of your Main Deck. Recycle any of them and put the rest back in any order.)
Draw 2.",7,0,0,不凡,VEN,,,false,2026-07-14 11:54:00.306963+00,2026-08-10 07:41:29.350663+00,"[""法术""]",
144c9a9d-4ebb-45b1-886a-50ecc98dcd1f,ARC-001,蔚,Vi,铲除者,Destructive,"[""red""]","[""皮尔特沃夫""]",,"[""游走""]","[""移动·单位"",""牌库·回收"",""战力·增强单体"",""战力·增强本回合"",""主动·支付费用技能"",""主动·可重复""]",蔚,"{{游走}} （我可以向其他战场进行移动。）
从你的废牌堆回收一张卡牌:让我本回合内{{S}}+1
(可重复执行)。","[Ganking] (I can move from battlefield to battlefield.)
Recycle 1 from your trash: Give me +1 :rb_might: this turn.",2,1,3,异画,ARC,,,false,2026-06-18 15:11:45.129603+00,2026-08-10 07:41:29.350663+00,"[""英雄单位""]",
14726981-698a-4162-b54d-d1e8e1989002,OGN-046,决斗架势,En Garde,,,"[""green""]",[],[],"[""反应""]","[""战力·增强单体"",""战力·增强本回合""]",,"{{反应}}（可在任意时机打出，甚至先于其他法术和技能的结算。）
让一名友方单位本回合内{{S}}+1，如果它是你在该处唯一控制的单位，则它本回合内额外获得{{S}}+1。","<p>[Reaction] (Play any time, even before spells and abilities resolve.)<br />Give a friendly unit +1 :rb_might: this turn, then an additional +1 :rb_might: this turn if it is the only unit you control there.</p>",1,0,0,普通,OGN,"“这也称得上是挑战吗？”
——菲奥娜",,false,2026-06-18 15:11:45.129603+00,2026-08-10 07:41:29.350663+00,"[""法术""]",
14ca7682-c37b-47c6-a757-800620601309,OGN-151,李青,Lee Sin,不怒自威,Centered,"[""orange""]","[""艾欧尼亚""]",[],"[""急速""]","[""持续·光环常驻"",""战力·增强群体"",""增益·数量联动""]",李青,"{{急速}}(你可以选择额外支付{{1}}和{{橙色}},让我以活跃状态进场。）
我所在战场上其他拥有增益的友方单位获得{{S}}+2。",<p>[Accelerate] (You may pay :rb_energy_1::rb_rune_body: as an additional cost to have me enter ready.)<br />Other buffed friendly units at my battlefield have +2 :rb_might:.</p>,6,0,6,稀有,OGN,“今日是一场重大的考验。”,,false,2026-06-18 15:11:45.129603+00,2026-08-10 07:41:29.350663+00,"[""英雄单位""]",
1554c690-a546-4528-821f-b578e27844ea,OGN-255,九尾妖狐,Nine-Tailed Fox,,,"[""green"",""blue""]",[],[],[],"[""触发·进攻"",""战力·削弱""]",阿狸,当敌方单位进攻你控制的战场时，让其本回合内{{S}}-1，不得低于1{{S}}。,"<p>When an enemy unit attacks a battlefield you control, give it -1 :rb_might: this turn, to a minimum of 1 :rb_might:.</p>",0,0,0,稀有,OGN,,,false,2026-06-18 15:11:45.129603+00,2026-08-11 04:32:05.530677+00,"[""传奇""]",1
155bfcb8-312c-48a4-a860-c7882948ac5b,ARC-002,凯特琳,Caitlyn,守望者,Patrolling,"[""green""]","[""皮尔特沃夫""]",,"[""后排""]","[""主动·横置技能"",""伤害·单体"",""伤害·等同战力""]",凯特琳,"我在战斗中最后承担伤害。
{{横置}}：对任意战场中的一个敌方单位造成等同于我战力的伤害。我必须位于战场中才能使用此技能。","I must be assigned combat damage last.
:rb_exhaust:: Deal damage equal to my Might to a unit at a battlefield. Use this ability only while I'm at a battlefield.",3,1,3,异画,ARC,,,false,2026-06-18 15:11:45.129603+00,2026-08-10 07:41:29.350663+00,"[""英雄单位""]",
157d538b-9e8e-410e-a60f-abd9d6f8baa8,OGN-058,训练有素,Discipline,,,"[""green""]",[],[],"[""反应""]","[""战力·增强单体"",""战力·增强本回合"",""牌库·抽牌""]",,"{{反应}}（可在任意时机打出，甚至先于其他法术和技能的结算。）
让一名单位在本回合内{{S}}+2，然后抽一张牌。","<p>[Reaction] (Play any time, even before spells and abilities resolve.)<br />Give a unit +2 :rb_might: this turn. Draw 1.</p>",2,0,0,不凡,OGN,刀剑是否锐利，全凭使用之人。,,false,2026-06-18 15:11:45.129603+00,2026-08-10 07:41:29.350663+00,"[""法术""]",
158c51c0-6fef-4577-ae7a-87119d9d1907,OGN-118,残响之魂,Wraith of Echoes,,,"[""blue""]","[""暗影岛""]","[""灵体""]",[],"[""触发·摧毁"",""牌库·抽牌"",""频率·每回合限一次""]",,每回合首次：当你的友方单位被摧毁时，抽一张牌。,"<p>The first time a friendly unit dies each turn, draw 1.</p>",6,1,5,稀有,OGN,朋友们的灵魂与他同在。,,false,2026-06-18 15:11:45.129603+00,2026-08-10 07:41:29.350663+00,"[""单位""]",
15c71e8c-d6e8-4c81-a371-1cf4534114af,OGN-013,呸呸魄罗,Pouty Poro,,,"[""red""]",,"[""魄罗""]","[""法盾""]","[""状态·免疫""]",,{{法盾}}（对手必须支付{{A}}才能将我选作法术或技能的目标）,<p>[Deflect] (Opponents must pay :rb_rune_rainbow: to choose me with a spell or ability.)</p>,2,0,2,普通,OGN,“你瞧，布隆也会吃药的！” ——布隆,"""Braum takes medicine too, see?""
-Braum",false,2026-06-18 15:11:45.129603+00,2026-08-10 07:41:29.350663+00,"[""单位""]",
15f5109e-480b-462f-9d5f-0aee21a78b45,VEN-077,帝国工具,Tools of Empire,,,"[""orange""]",,,"[""强化""]","[""强化·强化"",""主动·横置技能"",""战力·增强单体"",""战力·增强本回合"",""强化·已强化奖励""]",,"{{强化2}}（支付{{2}}：强化此牌。仅在未强化时可用。）
{{横置}}：给予一名单位在本回合内{{S}}+2。如果此牌{{已强化}}，则改为给予该单位在本回合内{{S}}+4。","[Empower] :rb_energy_2: (:rb_energy_2:: Empower this. Use only if not Empowered.)
:rb_exhaust:: Give a unit +2 :rb_might: this turn. If this is [Empowered], give that unit +4 :rb_might: this turn instead.",4,0,0,普通,VEN,"“我们会让早已遗失的东西重见天日。”
——阿兹尔",,false,2026-07-13 14:11:02.122334+00,2026-08-10 07:41:29.350663+00,"[""装备""]",
165ca1e7-c0b0-4872-898b-38fe6595f354,UNL-046,动物之友,Friendship,,,"[""green""]",[],[],"[""反应""]","[""特性·属性联动"",""战力·增强单体"",""战力·增强本回合""]",,"{{反应}}（可在任意时机打出，甚至先于其他法术和技能的结算。）
选择一名单位。你的单位中每有一种以下属性标签，则所选择的单位便在本回合内获得{{S}}+1 — “鸟类”、“猫科”、“犬形”、“魄罗”。","<p>[Reaction] (Play any time, even before spells and abilities resolve.)<br />Choose a unit. Give it +1 :rb_might: this turn for each of the following tags among your units — Bird, Cat, Dog, and Poro.</p>",1,0,0,不凡,UNL,摸摸头，准没错。,,false,2026-06-18 15:11:45.821819+00,2026-08-10 07:41:29.350663+00,"[""法术""]",
16a4478a-3033-4de1-b9d2-062e442dfa3b,OGN-291,烛光圣殿,The Candlelit Sanctum,,,"[""colorless""]",[],[],[],"[""触发·征服"",""牌库·查看"",""牌库·放回""]",,当你征服此处时，查看主牌堆顶部的两张牌。你可以选择从这两张牌中回收任意数量的卡牌，并将其余的卡牌按任意顺序放回原处。,"<p>When you conquer here, look at the top two cards of your Main Deck. You may recycle one or both of them. Put those you don't back in any order.</p>",0,0,0,不凡,OGN,,,false,2026-06-18 15:11:45.129603+00,2026-08-11 04:32:05.530677+00,"[""战场""]",1
171007b5-05d6-4930-a980-2a86f626da26,UNL-049,蜜糖果实,Honeyfruit,,,"[""green""]",[],[],"[""等级6"",""反应"",""获得""]","[""状态·以休眠进场"",""主动·横置技能"",""资源·获得费用"",""经验·等级奖励""]",,"此牌以休眠状态进场。
{{反应>}} {{横置}}：{{获得}}{{A}}。（获得费用资源的技能无法成为其他法术的反应目标。）
{{等级6>}} {{>>}}{{反应>}} {{横置}}：{{获得}} {{1}}和{{A}}。（你仅可在拥有不少于6经验时才能使用此技能。）",<p>This enters exhausted.<br />[Reaction][>] :rb_exhaust:: [Add] :rb_rune_rainbow:. (Abilities that add resources can't be reacted to.)<br />[Level 6][>] [>>][Reaction][>] :rb_exhaust:: [Add] :rb_energy_1::rb_rune_rainbow:. (Use this ability only while you have 6+ XP.)</p>,2,0,0,稀有,UNL,,,false,2026-06-18 15:11:46.036748+00,2026-08-10 07:41:29.350663+00,"[""装备""]",
171a0ad1-0ffb-4de7-a0d8-74ccfd627634,OGN-252,超究极死神飞弹！,Super Mega Death Rocket!,,,"[""red"",""purple""]",[],[],[],"[""伤害·单体"",""触发·征服"",""牌库·弃牌"",""牌库·回收""]",金克丝,"对一名单位造成5点伤害。
每当你征服一处战场时，你可以选择弃置一张手牌，以此让此牌从废牌堆返回你的手牌。","<p>Deal 5 to a unit.<br />When you conquer, you may discard 1 to return this from your trash to your hand.</p>",4,1,0,史诗,OGN,,,false,2026-06-18 15:11:45.129603+00,2026-08-10 07:41:29.350663+00,"[""专属法术""]",
179c90fb-2682-4695-b6bd-f99dbf498375,SFD-129,诱饵,Temptation,,,"[""purple""]",[],[],"[""回响""]","[""移动·敌方"",""费用·可选额外""]",,"{{回响2}}（你可以选择支付此额外费用，以重复此法术效果。）
将一名敌方单位移动到其控制者的其他单位所在的一处位置。",<p>[Repeat] :rb_energy_2: (You may pay the additional cost to repeat this spell's effect.)<br />Move an enemy unit to a location where there's a unit with the same controller.</p>,2,0,0,普通,SFD,俺寻思这能成。,,false,2026-06-18 15:11:45.821819+00,2026-08-10 07:41:29.350663+00,"[""法术""]",
1809f490-4ab1-43be-ad97-7c2e96a6d8b5,UNL-088,倾颓宫殿,Gutter Palace,,,"[""blue""]",[],[],"[""法盾""]","[""触发·回合开始"",""牌库·弃牌"",""主动·横置技能"",""衍生·单位""]",,"在你的开始阶段开始时，如果你有且仅有四张手牌，且你在各处战场上有且仅有四名单位，则立即赢得对局。
弃置一张手牌，{{横置}}：打出一名1{{S}}的“战鹰”，它拥有{{法盾}}。（对手必须支付{{A}}才能将其选作法术或技能的目标。）","<p>At the start of your Beginning Phase, if you have exactly 4 cards in hand and exactly 4 units at battlefields, you win the game.<br />Discard 1, :rb_exhaust:: Play a 1 :rb_might: Bird unit token with [Deflect]. (Opponents must pay :rb_rune_rainbow: to choose it with a spell or ability.)</p>",4,0,0,史诗,UNL,,,false,2026-06-18 15:11:45.821819+00,2026-08-10 07:41:29.350663+00,"[""装备""]",
18595a6a-558a-4ec6-b6f0-6f2cda6ade24,OGN-164,瑟提,Sett,铁拳,Brawler,"[""orange""]","[""艾欧尼亚""]",[],[],"[""触发·进场"",""触发·征服"",""增益·给予"",""增益·消耗"",""战力·增强单体"",""战力·增强本回合""]",瑟提,"当我被打出时、或当我征服一处战场时，给予我增益。（如果我未拥有增益，则获得一个{{S}}+1增益。）
消耗我的增益：让我本回合内{{S}}+4。","<p>When I'm played and when I conquer, buff me. (If I don't have a buff, I get a +1 :rb_might: buff.)<br />Spend my buff: Give me +4 :rb_might: this turn.</p>",5,1,4,史诗,OGN,“老妈总说我和她一个脾气。”,,false,2026-06-18 15:11:45.129603+00,2026-08-10 07:41:29.350663+00,"[""英雄单位""]",
187a35aa-d3a4-4c1d-a351-07ca222f0206,OGN-147,野爪萨满,Wildclaw Shaman,,,"[""orange""]","[""弗雷尔卓德""]",[],[],"[""触发·进场"",""增益·消耗"",""增益·给予"",""状态·激活""]",,当你打出我时，你可以选择消耗一个增益，以此给予我增益并让我变为活跃状态。（如果我未拥有增益，则获得一个{{S}}+1增益。）,"<p>When you play me, you may spend a buff to buff me and ready me. (If I don't have a buff, I get a +1 :rb_might: buff.)</p>",4,0,3,不凡,OGN,要引导自然的怒火，萨满自身也要承受它的肆虐。,,false,2026-06-18 15:11:45.129603+00,2026-08-10 07:41:29.350663+00,"[""单位""]",
18a12125-0760-4acc-954b-9596b7534bf2,OGN-226,幽灵主母,Spectral Matron,,,"[""yellow""]","[""暗影岛""]","[""灵体""]",[],"[""触发·进场"",""牌库·打出"",""费用·免费打出""]",,当你打出我时，你可以选择从你的废牌堆中打出一名费用不高于{{3}}且不高于{{A}}的单位，无需支付打出费用。,"<p>When you play me, you may play a unit costing no more than :rb_energy_3: and no more than :rb_rune_rainbow: from your trash, ignoring its cost.</p>",4,2,4,不凡,OGN,“过来——你的用处还不止于此。”,,false,2026-06-18 15:11:45.468662+00,2026-08-10 07:41:29.350663+00,"[""单位""]",
18a1262a-2242-4e00-8a89-edab85d79e69,UNL-157,严厉军士,Scrutinizing Sergeant,,,"[""yellow""]","[""德玛西亚""]","[""精锐""]",[],"[""触发·进场"",""经验·获得""]",,当你打出我时，场上每有一名友方单位，便获得1经验。,"<p>When you play me, gain 1 XP for each friendly unit.</p>",6,0,6,普通,UNL,“哼嗯……”,,false,2026-06-18 15:11:45.821819+00,2026-08-10 07:41:29.350663+00,"[""单位""]",
18adb72e-632f-445a-ba2d-db9f82d4aca0,OGN-298,祖安地沟,Zaun Warrens,,,"[""colorless""]",[],[],[],"[""触发·征服"",""牌库·弃牌"",""牌库·抽牌""]",,当你征服此处时，弃置一张手牌，然后抽一张牌。,"<p>When you conquer here, discard 1, then draw 1.</p>",0,0,0,不凡,OGN,在祖安，就连地下藏身处都有自己的地下藏身处。,,false,2026-06-18 15:11:45.129603+00,2026-08-11 04:32:05.530677+00,"[""战场""]",1
18ee5c74-8214-430d-ba39-0a5c995a056a,OGN-197,提莫,Teemo,斥候,Scout,"[""purple""]","[""班德尔城""]","[""约德尔人""]","[""待命""]","[""触发·进场"",""战力·增强单体"",""战力·增强本回合""]",提莫,"{{待命}}（支付{{A}}正面朝下放置此牌，之后可支付{{0}}将其当作反应牌打出。）
当你打出我时，让我本回合内{{S}}+3。","<p>[Hidden] (Hide now for :rb_rune_rainbow: to react with later for :rb_energy_0:.)<br />When you play me, give me +3 :rb_might: this turn.</p>",2,0,1,稀有,OGN,“提莫队长正在待命！”,,false,2026-06-18 15:11:45.129603+00,2026-08-10 07:41:29.350663+00,"[""英雄单位""]",
18f9c52f-e895-4b78-a753-414c764954af,SFD-038,绸舞士,Ribbon Dancer,,,"[""green""]","[""艾欧尼亚""]",[],[],"[""触发·移动"",""战力·增强单体"",""战力·增强本回合""]",,当我移动到一处战场时，让另一名友方单位在本回合内{{S}}+1。,"<p>When I move to a battlefield, give another friendly unit +1 :rb_might: this turn.</p>",3,0,3,普通,SFD,绸带飘起的那一刻，便是她对敌人的唯一警告。,,false,2026-06-18 15:11:45.468662+00,2026-08-10 07:41:29.350663+00,"[""单位""]",
1965fbac-9acc-4eab-8170-2ce02c187121,OGN-075,美味仙灵,Tasty Faefolk,,,"[""green""]","[""班德尔城""]","[""仙灵""]","[""急速"",""绝念""]","[""触发·摧毁"",""符文·召出"",""牌库·抽牌""]",,"{{急速}}（你可以选择额外支付{{1}}和{{绿色}}，让我以活跃状态进场。）
{{绝念}}—召出两枚休眠的符文，再抽一张牌。（当我被摧毁后，发动此效果。）","<p>[Accelerate] (You may pay :rb_energy_1::rb_rune_calm: as an additional cost to have me enter ready.)<br />[Deathknell] — Channel 2 runes exhausted and draw 1. (When I die, get the effect.)</p>",7,0,6,稀有,OGN,,,false,2026-06-18 15:11:45.468662+00,2026-08-10 07:41:29.350663+00,"[""单位""]",
197250a2-8f85-452a-b208-d54511758e6b,SFD-090,Z型驱动,The Zero Drive,,,"[""blue""]",[],"[""武装""]","[""装配"",""绝念""]","[""主动·支付费用技能"",""牌库·放逐"",""牌库·打出"",""费用·免费打出"",""触发·摧毁""]",,"{{装配1蓝色}}（支付{{1}}和{{蓝色}}：将此牌贴附到你控制的一名单位上。）
支付{{3}}和{{蓝色}}，放逐此牌：打出所有因此牌效果被放逐的单位，无视费用。（只有在未贴附时才能使用。）
{{绝念}} — 放逐我。（当我被摧毁后，发动此效果。）{{S}}+2","<p>[Equip] :rb_energy_1::rb_rune_mind: (:rb_energy_1::rb_rune_mind:: Attach this to a unit you control.)<br />:rb_energy_3::rb_rune_mind:, Banish this: Play all units banished with this, ignoring their costs. (Use only if unattached.)</p>
<p>[Deathknell] — Banish me. (When I die, get the effect.)</p>
[S] +2",3,0,0,史诗,SFD,,,false,2026-06-18 15:11:45.821819+00,2026-08-10 07:41:29.350663+00,"[""装备""]",
19a2d0fb-9a62-4b05-bb22-ee3165350e6c,VEN-135,凯南,Kennen,御衡之心,Keeper of Balance,"[""yellow""]","[""艾欧尼亚""]","[""约德尔人""]","[""待命"",""眩晕""]","[""触发·进场"",""触发·进攻"",""费用·可选额外"",""状态·眩晕"",""战力·条件加成""]",凯南,"{{待命}}（支付{{A}}正面朝下放置此牌，之后可支付{{0}}将其当作反应牌打出。）
当你打出我时，或当我进攻时，你可以选择支付{{2}}，以此{{眩晕}}一名单位。（使其在本回合内无法造成战斗伤害。）
如果此处有一名被眩晕的敌方单位，则我获得{{S}}+2。","[Hidden] (Hide now for :rb_rune_rainbow: to react with later for :rb_energy_0:.)
When you play me or I attack, you may pay :rb_energy_2: to [Stun] a unit. (It doesn't deal combat damage this turn.)
While there's a stunned enemy unit here, I have +2 :rb_might:.",3,0,2,稀有,VEN,,,false,2026-07-10 11:00:46.719761+00,2026-08-10 07:41:29.350663+00,"[""英雄单位""]",
1a073931-9e7e-4e60-a3f2-b059fa4a3991,UNL-066,月光之殇,Moonlight Affliction,,,"[""blue""]",[],[],"[""反应""]","[""战力·削弱""]",,"{{反应}}（可在任意时机打出，甚至先于其他法术和技能的结算。）
让一名单位在本回合内{{S}}-10。","<p>[Reaction] (Play any time, even before spells and abilities resolve.)<br />Give a unit -10 :rb_might: this turn.</p>",7,0,0,普通,UNL,光可以照亮一切，也能照瞎眼睛。,,false,2026-06-18 15:11:46.036748+00,2026-08-10 07:41:29.350663+00,"[""法术""]",
1a178592-83ed-4b88-87d3-5694fa268d95,OGN-278,班德尔树,Bandle Tree,,,"[""colorless""]",[],[],[],"[""持续·光环常驻""]",,你可以选择在此处额外布置一张{{待命}}卡牌。,<p>You may hide an additional card here.</p>,0,0,0,不凡,OGN,,,false,2026-06-18 15:11:45.129603+00,2026-08-11 04:32:05.530677+00,"[""战场""]",1
1a36e9c6-f759-4ace-90c9-b222883d4a62,VEN-032,霜衣狼母,Frostcoat Mother,,,"[""green""]","[""弗雷尔卓德""]","[""犬形""]","[""强化""]","[""强化·强化"",""费用·条件减费"",""强化·已强化奖励"",""战力·增强单体"",""战力·永久成长""]",,"{{强化12}}。你每控制一枚符文，此技能的费用便减少{{1}}。（支付此费用：强化我。仅在未强化时可用。）
{{已强化>}} 我获得{{S}}+3。","[Empower] :rb_energy_12:. This ability costs :rb_energy_1: less for each rune you control. (Pay the cost: Empower me. Use only if not Empowered.)
[Empowered][&gt;] I have +3 :rb_might:.",3,0,3,不凡,VEN,很少有人敢向护崽的霜衣狼母靠近一步。能活着靠近两步的，更是一个也没有。,,false,2026-07-17 11:50:11.953074+00,2026-08-10 07:41:29.350663+00,"[""单位""]",
1a3ac56a-877e-4ca5-8d4e-f847de438833,VEN-026,战地乐团,Field Musicians,,,"[""green""]","[""艾欧尼亚""]",,,"[""触发·进场"",""战力·增强单体"",""战力·增强本回合""]",,当你打出我时，给予一名单位在本回合内{{S}}+3。,"When you play me, give a unit +3 :rb_might: this turn.",4,0,3,普通,VEN,“节奏加快！”,,false,2026-07-10 11:00:46.719761+00,2026-08-10 07:41:29.350663+00,"[""单位""]",
1a587559-240e-4386-8694-633e551a3baf,UNL-149,黛安娜,Diana,超脱凡界,No Longer Human,"[""purple""]","[""巨神峰""]",[],"[""反应"",""伏击""]","[""触发·打出"",""战力·增强单体"",""战力·增强本回合""]",黛安娜,"{{伏击}}（你可以选择将我作为{{反应}}牌，打出到有己方单位的战场。）
每当你打出一个法术时，让我本回合内{{S}}+2。","<p>[Ambush] (You may play me as a [Reaction] to a battlefield where you have units.)<br />When you play a spell, give me +2 :rb_might: this turn.</p>",4,1,3,史诗,UNL,“我没有退路了。”,,false,2026-06-18 15:11:45.821819+00,2026-08-10 07:41:29.350663+00,"[""英雄单位""]",
1a777790-0f65-440c-b2e4-8a423eb1c9f3,VEN-121,草包队长,Reluctant Leader,,,"[""yellow""]","[""艾欧尼亚""]",,,"[""触发·打出"",""战力·增强单体"",""战力·增强本回合""]",,当你打出另一名单位时，给予我在本回合内{{S}}+2。,"When you play another unit, give me +2 :rb_might: this turn.",4,1,3,普通,VEN,无人愿担的责任，有时就只能自己上了。,,false,2026-07-10 11:00:46.719761+00,2026-08-10 07:41:29.350663+00,"[""单位""]",
1afe79bb-b477-4c20-a959-7a6bd728b928,VEN-T05,影分身,,,,"[""colorless""]",,,"[""强攻4""]","[""触发·进攻"",""费用·可选额外"",""牌库·放逐"",""战力·增强单体"",""战力·增强本回合""]",,当我进攻时，你可以选择从你的废牌堆中放逐一名单位。若如此做，则给予我在本回合内{{强攻4}}。（如果我是进攻方，则{{S}}+4。）,,0,0,0,普通,VEN,,,false,2026-07-09 16:49:03.36084+00,2026-08-10 07:41:29.350663+00,"[""指示物单位""]",
1b02a9b9-dfb2-427d-b0fe-1cc478334f91,UNL-067,破败大鲨炮,Ruined Rex,,,"[""blue""]","[""比尔吉沃特""]",[],"[""绝念""]","[""触发·摧毁"",""伤害·单体""]",,{{绝念>}} 对一名敌方单位造成4点伤害。（当我被摧毁后，发动此效果。）,"<p>[Deathknell][>] Deal 4 to an enemy unit. (When I die, get the effect.)</p>",6,1,6,普通,UNL,它回来了，而且更加致命。,,false,2026-06-18 15:11:46.036748+00,2026-08-10 07:41:29.350663+00,"[""单位""]",
1b17a2a8-d0b9-44c6-b9b5-07e22783f5c3,OGN-107,斥候标兵 艾娃,Ava Achiever,,,"[""blue""]","[""班德尔城""]","[""约德尔人""]",[],"[""触发·进攻"",""费用·可选额外"",""费用·免费打出""]",,当我进攻时，你可以选择支付{{蓝色}}，以此从你的手牌中正面朝上打出一张带有{{待命}}技能的卡牌，无视费用。如果其为单位，则将其打出到此处。,"<p>When I attack, you may pay :rb_rune_mind: to play a card with [Hidden] from your hand, ignoring its cost. If it’s a unit, play it here.</p>",5,0,4,稀有,OGN,“我带了一些零食！”,,false,2026-06-18 15:11:45.129603+00,2026-08-10 07:41:29.350663+00,"[""单位""]",
1b6bcd9c-fc52-4b6b-b67d-ff828442834d,VEN-164,沙蚀墓穴,Sandswept Tomb,,,"[""colorless""]",,,,"[""持续·光环常驻"",""费用·减费"",""触发·被选为目标""]",,每个将此处同为友方的一名或多名单位选为目标的法术，其费用减少{{A}}。,Each spell that chooses one or more units here that are friendly to it costs :rb_rune_rainbow: less.,0,0,0,不凡,VEN,,,false,2026-07-09 16:49:03.36084+00,2026-08-11 04:32:05.530677+00,"[""战场""]",1
1bd8bc1c-b73c-4332-92ca-76252d766f27,SFD-166,集结部队,Rally the Troops,,,"[""yellow""]",[],[],"[""迅捷""]","[""触发·打出"",""增益·给予"",""牌库·抽牌""]",,"{{迅捷}}（可在你的回合或法术对决中打出。）
在本回合内，每当一名友方单位被打出时，给予其增益。（如果该单位未拥有增益，则获得一个{{S}}+1增益。）
抽一张牌。","<p>[Action] (Play on your turn or in showdowns.)<br />When a friendly unit is played this turn, buff it. (If it doesn't have a buff, it gets a +1 :rb_might: buff.)<br />Draw 1.</p>",2,0,0,不凡,SFD,“德玛西亚！”,,false,2026-06-18 15:11:45.821819+00,2026-08-10 07:41:29.350663+00,"[""法术""]",
1c2e67d9-988c-4213-9cfe-1108398560f7,UNL-165,暗影的召唤,Shadow's Call,,,"[""yellow""]",[],[],"[""瞬息""]","[""牌库·抽牌""]",,选择一名未拥有{{瞬息}}的友方单位，让其获得{{瞬息}}。抽两张牌。（在其控制者的开始阶段开始时，结算得分之前将其摧毁。）,"<p>Choose a friendly unit without [Temporary]. Give it [Temporary]. Draw 2. (Kill it at the start of its controller's Beginning Phase, before scoring.)</p>",2,0,0,不凡,UNL,“你一文不值。你是废物。放弃挣扎吧。”,,false,2026-06-18 15:11:45.821819+00,2026-08-10 07:41:29.350663+00,"[""法术""]",
1c4e0a63-2359-4670-9d61-b574ac7c19a5,SFD-061,见习工程师,Aspiring Engineer,,,"[""blue""]","[""皮尔特沃夫""]",[],[],"[""触发·进场"",""牌库·回收""]",,当你打出我时，让一件装备从你的废牌堆返回手牌。,"<p>When you play me, return a gear from your trash to your hand.</p>",3,1,3,普通,SFD,“用不了多久，这里就由我管事了。”,,false,2026-06-18 15:11:45.468662+00,2026-08-10 07:41:29.350663+00,"[""单位""]",
1cfcc794-382d-45dd-a69f-f8ba9c5c9616,OGN-176,鬼祟的水手,Sneaky Deckhand,,,"[""purple""]","[""比尔吉沃特""]","[""海盗""]",[],"[""位置·开放战场""]",,你可以选择将我打出到一处开放的战场。,<p>You may play me to an open battlefield.</p>,3,0,2,普通,OGN,“在我看来，她算是登舰小队的先锋。”——厄运小姐,,false,2026-06-18 15:11:45.129603+00,2026-08-10 07:41:29.350663+00,"[""单位""]",
1d00c3f3-14ec-4466-b2b7-5efbded77cb6,OGN-011,熔浆巨龙,Magma Wurm,,,"[""red""]","[""弗雷尔卓德""]",,,"[""持续·光环常驻"",""状态·以活跃进场""]",,当我在场上时，其他友方单位以活跃状态进场。,<p>Other friendly units enter ready.</p>,8,1,8,普通,OGN,冰原雪海中的火焰之河。,A river of flame in an ocean of ice.,false,2026-06-18 15:11:45.129603+00,2026-08-10 07:41:29.350663+00,"[""单位""]",
1d3cf215-9a94-45b5-a354-b0cbe010784f,ARC-003,黑默丁格,Heimerdinger,博学家,Inventor,"[""blue""]","[""皮尔特沃夫""]","[""约德尔人""]",,"[""持续·光环常驻"",""复制·效果技能""]",黑默丁格,我拥有场上其他友方传奇、单位、装备卡牌的所有{{横置}}技能。,"I have all :rb_exhaust: abilities of all friendly legends, units, and gear.",3,1,3,异画,ARC,,,false,2026-06-18 15:11:45.129603+00,2026-08-10 07:41:29.350663+00,"[""英雄单位""]",
1d9514ec-b497-4d65-8a8a-3e1632597a72,OGN-083,借鉴历史,Consult the Past,,,"[""blue""]",[],[],"[""待命"",""反应""]","[""牌库·抽牌""]",,"{{待命}}（支付{{A}}正面朝下放置此牌，之后可支付{{0}}将其当作反应牌打出。）
{{反应}}（可在任意时机打出，甚至先于其他法术和技能的结算。）
抽两张牌。","<p>[Hidden] (Hide now for :rb_rune_rainbow: to react with later for :rb_energy_0:.)<br />[Reaction] (Play any time, even before spells and abilities resolve.)<br />Draw 2.</p>",4,0,0,普通,OGN,,,false,2026-06-18 15:11:45.129603+00,2026-08-10 07:41:29.350663+00,"[""法术""]",
1df59cb6-7638-4c05-91de-e1fb1ddb1a80,OGN-160,闪耀极光,Dazzling Aurora,,,"[""orange""]",[],[],[],"[""触发·回合结束"",""牌库·查看"",""牌库·放逐"",""费用·免费打出"",""牌库·放回""]",,在你的回合结束时，从主牌堆顶部开始逐一展示卡牌，直到翻出一名单位为止，将其放逐，然后将其打出，无视费用，并回收其余的卡牌。,"<p>At the end of your turn, reveal cards from the top of your Main Deck until you reveal a unit and banish it. Play it, ignoring its cost, and recycle the rest.</p>",9,2,0,史诗,OGN,只有勇于面对天兆者，才配接受上天的丰厚馈赠。,,false,2026-06-18 15:11:45.129603+00,2026-08-10 07:41:29.350663+00,"[""装备""]",
1ea0e1ca-e957-409d-ae69-6240c8b3877b,UNL-017,怒吼清算,Square Up,,,"[""red""]",[],[],"[""强攻4"",""回响""]","[""费用·可选额外"",""牌库·弃牌"",""战力·增强单体"",""战力·增强本回合""]",,{{回响}} — 弃置一张手牌（你可以选择支付此额外费用，以重复此法术效果）\n让一名单位本回合内获得{{强攻4}}。（如果它是进攻方，则{{S}}+4。）,<p>[Repeat] — Discard 1 (You may pay the additional cost to repeat this spell's effect.)<br />Give a unit [Assault 4] this turn. (+4 :rb_might: while it's an attacker.)</p>,4,0,0,不凡,UNL,"开打前吼一嗓子,至少能壮胆。",,false,2026-06-18 15:11:45.821819+00,2026-08-10 07:41:29.350663+00,"[""法术""]",
1eef7794-b55e-4337-bdcd-192fe0382950,SFD-043,禁军之墙,Emperor's Divide,,,"[""green""]",[],[],"[""待命"",""迅捷""]","[""移动·单位"",""互动·召回基地""]",,"{{待命}}（支付{{A}}正面朝下放置此牌，之后可支付{{0}}将其当作反应牌打出。）
{{迅捷}}（可在你的回合或法术对决中打出。）
将一处战场上任意数量的友方单位移动到其所属的基地。",<p>[Hidden] (Hide now for :rb_rune_rainbow: to react with later for :rb_energy_0:.)<br />[Action] (Play on your turn or in showdowns.)<br />Move any number of friendly units at a battlefield to their base.</p>,2,0,0,不凡,SFD,只需阿兹尔一声令下，沙场就会塑造成他想要的模样。,,false,2026-06-18 15:11:45.468662+00,2026-08-10 07:41:29.350663+00,"[""法术""]",
1f05cb95-85d4-4506-98d1-d2ac86bb82f6,VEN-013,暗影刺客,Shadow Assassin,,,"[""red""]","[""艾欧尼亚""]",,,"[""状态·以活跃进场""]",,如果你的废牌堆中有一张和我同名的卡牌，则我以活跃状态进场。,I enter ready if you have a card with my name in your trash.,5,0,5,不凡,VEN,当太阳升起，没有人会记得她曾来过。,,false,2026-07-10 11:00:46.719761+00,2026-08-10 07:41:29.350663+00,"[""单位""]",
1f349c03-b244-4127-a25a-f75ceaa43997,VEN-049,深水打捞,Dredge Up,,,"[""blue""]",,,"[""流转""]","[""牌库·抽牌"",""牌库·打出"",""费用·可选额外"",""牌库·放逐""]",,"抽一张牌。
{{流转2}}（你可以选择支付此牌的流转费用，以此将其从你的废牌堆中打出。然后将其放逐。）","Draw 1.
[Flow] :rb_energy_2: (You may play this from your trash for its Flow cost. Then banish it.)",2,0,0,普通,VEN,咱们好好捞一笔。,,false,2026-07-16 11:27:40.706485+00,2026-08-10 07:41:29.350663+00,"[""法术""]",
1f4a6d36-a25f-4f0d-bace-86d84afcb5d0,SFD-032,斩剑浪客,Disarming Rake,,,"[""green""]","[""德玛西亚""]",[],[],"[""触发·进场"",""摧毁·装备""]",,当你打出我时，你可以选择摧毁一件装备。,"<p>When you play me, you may kill a gear.</p>",3,1,2,普通,SFD,“我喜欢一刀两断的感觉，无论是对刀剑、肢体，还是一段关系……”,,false,2026-06-18 15:11:45.468662+00,2026-08-10 07:41:29.350663+00,"[""单位""]",
1f579a03-70d6-44ae-876f-d633b93e1f61,UNL-219,海力亚秘库,Vaults of Helia,,,"[""colorless""]",[],[],[],"[""触发·据守"",""费用·加费""]",,当你据守此处时，你的非指示物单位在本回合内的打出费用增加{{1}}。,"<p>When you hold here, your non-token units cost :rb_energy_1: more to play this turn.</p>",0,0,0,不凡,UNL,,,false,2026-06-18 15:11:45.821819+00,2026-08-11 04:32:05.530677+00,"[""战场""]",1
1fa96821-23c0-4e20-a54e-d747fd51cf53,UNL-058,莉莉娅,Lillia,梦境守护者,Protector of Dreams,"[""green""]","[""艾欧尼亚""]","[""仙灵""]","[""壁垒""]","[""触发·打出"",""战力·增强单体"",""战力·增强本回合"",""持续·光环常驻""]",莉莉娅,"当你打出一名指示物单位时，让我本回合内{{S}}+1。
你的指示物单位获得{{壁垒}}。（其在战斗中首先承担伤害。）","<p>When you play a token unit, give me +1 :rb_might: this turn.<br />Your token units have [Tank]. (They must be assigned combat damage first.)</p>",5,0,4,史诗,UNL,“最刺耳的声音……就是孤独在叫喊。”,,false,2026-06-18 15:11:45.821819+00,2026-08-10 07:41:29.350663+00,"[""英雄单位""]",
1fd712c6-08ab-45ad-b2a1-aeba8ea542cd,OGN-009,海克斯射线,Hextech Ray,,,"[""red""]",,,"[""迅捷""]","[""伤害·单体""]",,"{{迅捷}}（可在你的回合或法术对决中打出。）
对战场上的一名单位造成3点伤害。",<p>[Action] (Play on your turn or in showdowns.)<br />Deal 3 to a unit at a battlefield.</p>,1,1,0,普通,OGN,"“摧毁，然后改进。”
——维克托","""Destroy. Then Improve.""
-Viktor",false,2026-06-18 15:11:45.468662+00,2026-08-10 07:41:29.350663+00,"[""法术""]",
208f6ae8-ce8d-4aeb-826a-d3f43d10fd6e,OGN-293,宏伟广场,The Grand Plaza,,,"[""colorless""]",[],[],[],"[""触发·据守""]",,当你据守此处时，如果你在此拥有至少七名单位，则你赢得游戏胜利。,"<p>When you hold here, if you have 7+ units here, you win the game.</p>",0,0,0,不凡,OGN,,,false,2026-06-18 15:11:45.129603+00,2026-08-11 04:32:05.530677+00,"[""战场""]",1
20b96e8e-61c9-44dd-baa0-135a9b876a13,OGN-178,卧底特工,Undercover Agent,,,"[""purple""]",[],[],"[""绝念""]","[""触发·摧毁"",""牌库·弃牌"",""牌库·抽牌""]",,{{绝念}}—弃置两张手牌，然后抽两张牌。（当我被摧毁后，发动此效果。）,"<p>[Deathknell] — Discard 2, then draw 2. (When I die, get the effect.)</p>",5,1,5,普通,OGN,就连他自己也分不清自己到底是为哪边卖命了。,,false,2026-06-18 15:11:45.129603+00,2026-08-10 07:41:29.350663+00,"[""单位""]",
20dac915-5c9d-4d84-b442-a1b7b6f7e1e3,SFD-211,玛莱尖塔,Marai Spire,,,"[""colorless""]",[],[],"[""回响""]","[""持续·光环常驻"",""费用·减费""]",,如果此战场受你控制，则友方{{回响}}的费用减少{{1}}。,"<p>While you control this battlefield, friendly [Repeat] costs cost :rb_energy_1: less.</p>",0,0,0,不凡,SFD,,,false,2026-06-18 15:11:45.821819+00,2026-08-11 04:32:05.530677+00,"[""战场""]",1
20e952f5-b182-4cd6-a799-1279761f9b28,VEN-035,念化盈虚,Sanction,,,"[""green""]",,,"[""反应""]","[""强化·强化"",""强化·解除强化"",""触发·回合结束""]",,"{{反应}}（可在任意时机打出，甚至先于其他法术和技能的结算。）
选择一个效果 —
- 强化一名单位。回合结束时，解除其强化。
- 解除一名{{已强化}}单位的强化。在回合结束时，强化该单位。","[Reaction] (Play any time, even before spells and abilities resolve.)
Choose one —
Empower a unit. Disempower it at end of turn.Disempower a unit that's [Empowered]. Empower it at end of turn.",3,1,0,不凡,VEN,,,false,2026-07-16 11:27:40.706485+00,2026-08-10 07:41:29.350663+00,"[""法术""]",
210ff453-87e5-4ffd-8ed7-1282943b9566,SFD-130,寻宝猎人,Treasure Hunter,,,"[""purple""]","[""恕瑞玛""]",[],[],"[""触发·移动"",""衍生·装备""]",,每当我移动时，打出一个休眠的“金币”装备指示物。,"<p>When I move, play a Gold gear token exhausted.</p>",2,0,1,普通,SFD,“他们肯定不会介意的。”,,false,2026-06-18 15:11:45.468662+00,2026-08-10 07:41:29.350663+00,"[""单位""]",
2136ca53-0ec2-49cd-853e-36f624e7ac10,UNL-113,易,Master Yi,臻入化境,Tempered,"[""orange""]","[""艾欧尼亚""]",[],"[""狩猎2"",""等级6"",""法盾"",""游走""]","[""经验·获得"",""触发·征服"",""触发·据守"",""经验·等级奖励""]",易,"{{狩猎2}}（当我征服或据守一处战场时，获得2经验。）
{{等级6>}} 我获得{{法盾}}和{{游走}}。（如果你拥有不少于6经验，对手必须支付{{A}}才能将我选作法术或技能的目标，且我可以向其他战场进行移动。）","<p>[Hunt 2] (When I conquer or hold, gain 2 XP.)<br />[Level 6][>] I have [Deflect] and [Ganking]. (While you have 6+ XP, opponents must pay :rb_rune_rainbow: to choose me with a spell or ability and I can move from battlefield to battlefield.)</p>",4,0,4,稀有,UNL,“好好看，好好学。”,,false,2026-06-18 15:11:45.821819+00,2026-08-10 07:41:29.350663+00,"[""英雄单位""]",
2155e1a4-0f89-4be1-8f52-c4be28ede815,SFD-029,雷克塞,Rek'Sai,黄沙噬猎,Breacher,"[""red""]","[""虚空之地""]",[],"[""急速"",""强攻""]","[""持续·光环常驻""]",雷克塞,"{{急速}}（你可以选择额外支付{{1}}和{{红色}}，让我以活跃状态进场。）
{{强攻}}（如果我是进攻方，则{{S}}+1。）
从手牌以外位置被打出的友方单位获得{{急速}}。",<p>[Accelerate] (You may pay :rb_energy_1::rb_rune_fury: as an additional cost to have me enter ready.)<br />[Assault] (+1 :rb_might: while I'm an attacker.)<br />Friendly units played from anywhere other than a player's hand have [Accelerate].</p>,3,0,3,史诗,SFD,,,false,2026-06-18 15:11:45.468662+00,2026-08-10 07:41:29.350663+00,"[""英雄单位""]",
226a0293-baa1-4159-9a6b-fbc960d062e3,SFD-220,珍宝堆,Treasure Hoard,,,"[""colorless""]",[],[],[],"[""触发·征服"",""费用·可选额外"",""衍生·装备""]",,当你征服此处时，你可以选择支付{{1}}，以此打出一个休眠的“金币”装备指示物。,"<p>When you conquer here, you may pay :rb_energy_1: to play a Gold gear token exhausted.</p>",0,0,0,不凡,SFD,,,false,2026-06-18 15:11:45.468662+00,2026-08-11 04:32:05.530677+00,"[""战场""]",1
22a66aa5-1bf5-4d5c-98b2-a840be7d465a,UNL-033,调皮猎手,Frisky Hunter,,,"[""green""]","[""祖安""]","[""猫科""]","[""法盾""]","[""触发·进场"",""衍生·单位""]",,当你打出我时，在此处打出一名1{{S}}的“战鹰”，它拥有{{法盾}}。（对手必须支付{{A}}才能将其选作法术或技能的目标。）,"<p>When you play me, play a 1 :rb_might: Bird unit token with [Deflect] here. (Opponents must pay :rb_rune_rainbow: to choose it with a spell or ability.)</p>",4,0,3,普通,UNL,它从来都顺着猎物的味儿走。,,false,2026-06-18 15:11:46.036748+00,2026-08-10 07:41:29.350663+00,"[""单位""]",
2313d884-b1fa-436b-9730-118e909f7d5e,OGN-186,无主宝藏,Treasure Trove,,,"[""purple""]",[],[],[],"[""触发·离场"",""牌库·抽牌"",""符文·召出"",""主动·横置技能"",""主动·支付费用技能"",""摧毁·装备""]",,"当此牌离场时，抽一张牌，然后召出一枚休眠的符文。
支付{{紫色}}，{{横置}}：摧毁此牌。","<p>When this leaves the board, draw 1 and channel 1 rune exhausted.<br />:rb_rune_chaos:, :rb_exhaust:: Kill this.</p>",2,0,0,不凡,OGN,"“咱们要发财啦！”
——常见遗言",,false,2026-06-18 15:11:45.468662+00,2026-08-10 07:41:29.350663+00,"[""装备""]",
2328e9ec-7844-4c49-8d8f-5a5ad31ed24c,UNL-109,猩红玫瑰,Blood Rose,,,"[""orange""]",[],[],[],"[""触发·打出"",""费用·可选额外"",""经验·获得"",""经验·消耗"",""主动·横置技能"",""状态·激活""]",,"当你打出一名单位时，你可以选择支付{{1}}来获得1经验。
消耗3经验，{{横置}}：让一名单位变为活跃状态。","<p>When you play a unit, you may pay :rb_energy_1: to gain 1 XP.<br />Spend 3 XP, :rb_exhaust:: Ready a unit.</p>",1,0,0,稀有,UNL,一朵玫瑰，也能让人血脉贲张。,,false,2026-06-18 15:11:45.821819+00,2026-08-10 07:41:29.350663+00,"[""装备""]",
235529a1-86ad-4290-a229-d58f0357c5e4,OGN-043,魅惑妖术,Charm,,,"[""green""]",[],[],[],"[""移动·敌方""]",,移动一名敌方单位。,<p>Move an enemy unit.</p>,1,1,0,普通,OGN,"“看一眼又不会怎样。”
——常见遗言",,false,2026-06-18 15:11:45.129603+00,2026-08-10 07:41:29.350663+00,"[""法术""]",
2395d7be-a5ec-4b0f-977b-ad51043056b7,VEN-011,悬摆之刃,Pendulum Blade,,,"[""red""]",,"[""武装""]","[""装配""]","[""触发·移动"",""战力·增强单体"",""战力·增强本回合""]",,"{{装配红色}}（支付{{红色}}：将此牌贴附到你控制的一名单位上。）
当我移动到一处战场时，给予我在本回合内{{S}}+2。 {{S}}+1","[Equip] :rb_rune_fury: (:rb_rune_fury:: Attach this to a unit you control.)
When I move to a battlefield, give me +2 :rb_might: this turn. +1",3,0,1,不凡,VEN,,,false,2026-07-15 12:42:50.861849+00,2026-08-10 07:41:29.350663+00,"[""装备""]",
23b70d38-fc43-414a-a029-c99ec168d0be,UNL-041,艾蕾，头号拥趸,Allay,,Eager Admirer,"[""green""]","[""班德尔城""]","[""约德尔人""]","[""法盾""]","[""持续·光环常驻""]",,"{{法盾}}（对手必须支付{{A}}才能将我选作法术或技能的目标。）
如果我位于战场上，则你此处的其他单位获得{{法盾}}。","<p>[Deflect] (Opponents must pay :rb_rune_rainbow: to choose me with a spell or ability.)<br />While I'm at a battlefield, your other units here have [Deflect].</p>",3,0,3,不凡,UNL,“嘿!快看薇古丝!我给你准备了惊喜 !! 开不开心 !? ”,,false,2026-06-18 15:11:45.821819+00,2026-08-10 07:41:29.350663+00,"[""单位""]",
23d7d862-1155-467c-bbf4-0bd5fe71b94f,SFD-163,断魂一扼,Deathgrip,,,"[""yellow""]",[],[],"[""反应""]","[""摧毁·单位"",""战力·增强单体"",""战力·增强本回合"",""牌库·抽牌""]",,"{{反应}}（可在任意时机打出，甚至先于其他法术和技能的结算。）
摧毁一名友方单位。若如此做，则让另一名友方单位在本回合内获得等同于前者战力的+{{S}}加成。
抽一张牌。","<p>[Reaction] (Play any time, even before spells and abilities resolve.)<br />Kill a friendly unit. If you do, give +:rb_might: equal to its Might to another friendly unit this turn.<br />Draw 1.</p>",2,0,0,不凡,SFD,"“死亡是我的仁慈。”
——莫德凯撒",,false,2026-06-18 15:11:45.821819+00,2026-08-10 07:41:29.350663+00,"[""法术""]",
2431deed-a62e-4560-a590-0d407d47b326,UNL-059,易,Master Yi,人剑合一,Unstoppable,"[""green""]","[""艾欧尼亚""]",[],"[""等级6"",""等级11"",""等级3"",""等级16""]","[""经验·等级奖励"",""费用·减费"",""状态·免疫""]",易,"{{等级3>}} 我的费用减少{{2}}和{{绿色}}。（如果你拥有不少于3经验，则获得该效果。）
{{等级6>}} 改为我的费用减少{{4}}和{{绿色}}{{绿色}}。
{{等级11>}} 改为我的费用减少{{6}}和{{绿色}}{{绿色}}{{绿色}}。
{{等级16>}} 我无法被敌方法术和技能选作目标。","<p>[Level 3][>] I cost :rb_energy_2::rb_rune_calm: less. (While you have 3+ XP, get the effect.)<br />[Level 6][>] I cost :rb_energy_4::rb_rune_calm::rb_rune_calm: less instead.<br />[Level 11][>] I cost :rb_energy_6::rb_rune_calm::rb_rune_calm::rb_rune_calm: less instead.<br />[Level 16][>] I can't be chosen by enemy spells and abilities.</p>",12,3,12,史诗,UNL,,,false,2026-06-18 15:11:45.821819+00,2026-08-10 07:41:29.350663+00,"[""英雄单位""]",
24f8cc95-eb5b-4369-8c40-55fcf70cb51f,OGN-187,飓风席卷,Whirlwind,,,"[""purple""]",[],[],[],"[""互动·返回手牌""]",,从下一名玩家开始，每名玩家可以选择让一名单位返回其所属的手牌。,"<p>Starting with the next player, each player may return a unit to its owner's hand.</p>",4,1,0,不凡,OGN,"“风暴就要来临了！”
——迦娜",,false,2026-06-18 15:11:45.129603+00,2026-08-10 07:41:29.350663+00,"[""法术""]",
264f4b88-962a-4209-a228-be2eefff26a4,VEN-036,砂岩奇美拉,Sandstone Chimera,,,"[""green""]","[""恕瑞玛""]",,,"[""持续·光环常驻"",""限制·行动禁止"",""符文·召出""]",,如果我位于战场上，则所有玩家在其召出阶段开始时只能召出一枚符文。,"While I'm at a battlefield, players only channel 1 rune at the start of their Channel Phase.",7,2,8,不凡,VEN,她穿越永无止息的风暴，用意志让沙潮止步。,,false,2026-07-15 12:42:50.861849+00,2026-08-10 07:41:29.350663+00,"[""单位""]",
267901e6-67e7-44aa-98e5-f7d627ccb470,SFD-095,多兰之刃,Doran's Blade,,,"[""orange""]",[],"[""武装""]","[""装配""]",[],,"{{装配橙色}}（支付{{橙色}}：将此牌贴附到你控制的一名单位上。）
{{S}}+2","<p>[Equip] :rb_rune_body: (:rb_rune_body:: Attach this to a unit you control.)</p>
[S] +2",2,0,0,普通,SFD,"“我想，也许可以……用来砸人。”
——厄运小姐",,false,2026-06-18 15:11:45.468662+00,2026-08-10 07:41:29.350663+00,"[""装备""]",
2683c265-15d8-4641-8e17-bb83364caa2e,UNL-094,晶手猎人,Gemhand Hunter,,,"[""orange""]","[""巨神峰""]","[""约德尔人""]","[""等级6"",""狩猎""]","[""经验·获得"",""触发·征服"",""触发·据守"",""经验·等级奖励"",""战力·增强单体"",""战力·永久成长""]",,"{{狩猎}}（当我征服或据守一处战场时，获得1经验。）
{{等级6>}} 我获得{{S}}+1。（如果你拥有不少于6经验，则获得该效果。）","<p>[Hunt] (When I conquer or hold, gain 1 XP.)<br />[Level 6][>] I have +1 :rb_might:. (While you have 6+ XP, get the effect.)</p>",2,0,2,普通,UNL,各种意义上的约德尔多面手。,,false,2026-06-18 15:11:45.821819+00,2026-08-10 07:41:29.350663+00,"[""单位""]",
26aeeff0-1379-48ac-beed-56b154b92881,VEN-006,绿洲劫掠者,Oasis Raider,,,"[""red""]","[""恕瑞玛""]",,"[""游走""]","[""触发·回合开始"",""符文·数量条件"",""战力·条件加成"",""战力·增强本回合"",""移动·单位""]",,在你的开始阶段开始时，如果你控制的符文数量少于任一对手，则给予我在本回合内{{S}}+2和{{游走}}。（我可以向其他战场进行移动。）,"If you control fewer runes than an opponent at the start of your Beginning Phase, give me +2 :rb_might: and [Ganking] this turn. (I can move from battlefield to battlefield.)",4,0,4,普通,VEN,"“冷知识！它的咬合力很强，但人类只需单手就能压住它的嘴——”
——莫名常见的遗言",,false,2026-07-13 14:11:02.122334+00,2026-08-10 07:41:29.350663+00,"[""单位""]",
2703c68a-e124-49fd-a156-ab67bd00be97,SFD-209,遗忘丰碑,Forgotten Monument,,,"[""colorless""]",[],[],[],"[""持续·光环常驻"",""限制·行动禁止""]",,每名玩家在各自的第三回合开始前，无法从此处得分。,<p>Players can't score here until their third turn.</p>,0,0,0,不凡,SFD,,,false,2026-06-18 15:11:45.821819+00,2026-08-11 04:32:05.530677+00,"[""战场""]",1
279525da-dcd9-4261-ae90-bd7b5252dab9,UNL-048,特雷弗·达顿尔,Trevor Snoozebottom,,,"[""green""]","[""艾欧尼亚""]","[""约德尔人""]","[""坚守"",""瞬息""]","[""触发·据守"",""衍生·单位"",""状态·以活跃进场""]",,"{{坚守}}（如果我是防守方，则{{S}}+1。）
当我据守一处战场时，在此处打出一名处于活跃状态的3{{S}}“精灵”，它拥有{{瞬息}}。（在其控制者的下个开始阶段开始时，结算得分之前将其摧毁。）","<p>[Shield] (+1 :rb_might: while I'm a defender.)<br />When I hold, play a ready 3 :rb_might: Sprite unit token with [Temporary] here. (Kill it at the start of its controller's next Beginning Phase, before scoring.)</p>",3,0,3,不凡,UNL,他让梦游成了艺术。,,false,2026-06-18 15:11:46.036748+00,2026-08-10 07:41:29.350663+00,"[""单位""]",
279d3b28-4e26-49fb-9c37-76f26f5de759,OGN-089,灵光符文,Mind Rune,,,"[""blue""]",[],[],[],,,,,0,0,0,普通,OGN,,,false,2026-06-18 15:11:45.129603+00,2026-08-11 04:32:05.530677+00,"[""符文""]",12
28109c13-830c-406e-b79c-f1481f0c27e8,UNL-138,夺命名单,The List,,,"[""purple""]",[],[],[],"[""触发·进场"",""特性·属性联动"",""主动·横置技能"",""战力·削弱""]",,"打出此牌时，宣告一种属性标签。（如：“厄运小姐”、“德玛西亚”、“魄罗”等均为属性标签。）
{{横置}}：让一名具有该属性标签的单位在本回合内{{S}}-2。","<p>As you play this, name a tag. (For example, Miss Fortune, Demacia, and Poro are tags.)<br />:rb_exhaust:: Give a unit with the named tag -2 :rb_might: this turn.</p>",1,0,0,不凡,UNL,榜上有名，不见得全是好事。,,false,2026-06-18 15:11:45.821819+00,2026-08-10 07:41:29.350663+00,"[""装备""]",
28131289-6f34-4773-8c2f-746d8f37f1a7,VEN-029,老老魄罗,Ol' Poro,,,"[""green""]","[""班德尔城""]","[""魄罗""]",,"[""持续·光环常驻"",""限制·行动禁止""]",,我无法在你的第一、第二或第三个回合中被打出。,"I can't be played on your first, second, or third turns.",2,0,4,普通,VEN,人们都在等待老老魄罗分享自己的智慧。等啊，等啊……,,false,2026-07-10 11:00:46.719761+00,2026-08-10 07:41:29.350663+00,"[""单位""]",
281c9e94-2fa3-4ea3-ba82-91a99cef553a,SFD-079,巴德,Bard,幻神,Mercurial,"[""blue""]",[],[],[],"[""费用·可选额外"",""状态·休眠化"",""触发·进场"",""移动·单位"",""位置·开放战场""]",巴德,"你可以选择让你的传奇卡牌进入休眠状态，作为打出我的额外费用。
当你打出我时，如果你支付了该额外费用，则可以将你任意数量的单位移动到一处开放的战场。","<p>You may exhaust your legend as an additional cost to play me.<br />When you play me, if you paid the additional cost, move any number of your units to an open battlefield.</p>",4,1,4,稀有,SFD,（神秘的叮当声愈发响亮。）,,false,2026-06-18 15:11:45.468662+00,2026-08-10 07:41:29.350663+00,"[""英雄单位""]",
298ce9d1-4f42-411e-a249-462e7b67661c,UNL-014,渊海狩咒,Monster Harpoon,,,"[""red""]",[],[],"[""迅捷""]","[""伤害·单体""]",,"{{迅捷}}（可在你的回合或法术对决中打出。）
对战场上的一名单位造成2点伤害。如果你控制着一张正面朝下的卡牌，则改为对该单位造成4点伤害。","<p>[Action] (Play on your turn or in showdowns.)<br />Deal 2 to a unit at a battlefield. If you control a facedown card, deal 4 to it instead.</p>",1,1,0,不凡,UNL,举枪和开火从来不是难事，准头如何才是关键。,,false,2026-06-18 15:11:46.036748+00,2026-08-10 07:41:29.350663+00,"[""法术""]",
29c1c5b6-617a-41fd-a1c4-5cff4592e619,SFD-151,力量之缚,Bonds of Strength,,,"[""yellow""]",[],[],"[""反应"",""回响""]","[""战力·增强单体"",""战力·增强本回合"",""费用·可选额外""]",,"{{反应}}（可在任意时机打出，甚至先于其他法术和技能的结算。）
{{回响2}}（你可以选择支付此额外费用，以重复此法术效果。）
让两名友方单位在本回合内{{S}}+1。","<p>[Reaction] (Play any time, even before spells and abilities resolve.)<br />[Repeat] :rb_energy_2: (You may pay the additional cost to repeat this spell's effect.)<br />Give two friendly units each +1 :rb_might: this turn.</p>",2,0,0,普通,SFD,誓言重在其意，而非其言。,,false,2026-06-18 15:11:45.468662+00,2026-08-10 07:41:29.350663+00,"[""法术""]",
2a435ad0-56a9-466c-9e77-3da22a196083,SFD-217,权能之座,Seat of Power,,,"[""colorless""]",[],[],[],"[""触发·征服"",""牌库·抽牌""]",,当你征服此处时，你和盟友每控制一处其他战场，你便抽一张牌。,"<p>When you conquer here, draw 1 for each other battlefield you or allies control.</p>",0,0,0,不凡,SFD,,,false,2026-06-18 15:11:45.821819+00,2026-08-11 04:32:05.530677+00,"[""战场""]",1
2a6080c3-e336-4367-b1fe-a42ee852e11e,SFD-216,落岩之径,Rockfall Path,,,"[""colorless""]",[],[],[],"[""持续·光环常驻"",""限制·行动禁止""]",,单位无法被打出到此处。,<p>Units can't be played here.</p>,0,0,0,不凡,SFD,,,false,2026-06-18 15:11:45.821819+00,2026-08-11 04:32:05.530677+00,"[""战场""]",1
2aa04bcc-c227-4c9f-99ad-8b2927262836,VEN-145,沙漠死神,Curator of the Sands,,,"[""green"",""blue""]",,,,"[""触发·打出"",""状态·休眠化"",""符文·激活""]",内瑟斯,当你打出一个法力费用不低于{{7}}的单位、装备或主动技能时，你可以选择让我变为休眠状态，以此让最多两枚符文变为活跃状态。,"When you play a unit, gear, or activated ability with Energy cost :rb_energy_7: or more, you may exhaust me to ready up to 2 runes.",0,0,0,稀有,VEN,,,false,2026-07-10 11:00:46.719761+00,2026-08-11 04:32:05.530677+00,"[""传奇""]",1
2b023987-706c-4abd-bba3-ec12b53e5351,VEN-084,安蓓萨,Ambessa,恶狼意志,The Wolf,"[""orange""]","[""诺克萨斯""]",,"[""强化""]","[""强化·强化"",""强化·已强化奖励"",""战力·增强单体"",""战力·永久成长"",""保护·抵挡伤害""]",安蓓萨,"{{强化3橙色}}（支付{{3}}和{{橙色}}：强化我。仅在未强化时可用。）
{{已强化>}} 我获得{{S}}+3，且除非我处于战斗中，否则我无法受到伤害。","[Empower] :rb_energy_3::rb_rune_body: (:rb_energy_3::rb_rune_body:: Empower me. Use only if not Empowered.)
[Empowered][&gt;] I have +3 :rb_might: and can't be dealt damage unless I'm in combat.",4,0,4,稀有,VEN,“我从不迷茫，也从不投降。”,,false,2026-07-15 12:42:50.861849+00,2026-08-10 07:41:29.350663+00,"[""英雄单位""]",
2ba7a170-ddfa-4c37-a0c6-f0126956feb5,UNL-136,占卜花朵,Scryer's Bloom,,,"[""purple""]",[],[],"[""洞察2""]","[""状态·以休眠进场"",""摧毁·装备"",""主动·横置技能"",""主动·支付费用技能"",""牌库·查看"",""牌库·放回"",""牌库·抽牌"",""经验·获得""]",,"此牌以休眠状态进场。
摧毁此牌，支付{{1}}，{{横置}}：{{洞察2}}，然后抽一张牌。获得1经验。（执行洞察2，即查看你主牌堆顶部的两张牌。你可以将其中任意卡牌回收，并将其余的卡牌按任意顺序放回原处。）","<p>This enters exhausted.<br />Kill this, :rb_energy_1:, :rb_exhaust:: [Predict 2], then draw 1. Gain 1 XP.  (To Predict 2, look at the top two cards of your Main Deck. Recycle any of them and put the rest back in any order.)</p>",1,0,0,不凡,UNL,一花一叶，并非总会障目。,,false,2026-06-18 15:11:45.821819+00,2026-08-10 07:41:29.350663+00,"[""装备""]",
2be8f039-6b69-438e-873c-df222a439d3c,SFD-017,雷霆突降,Sudden Storm,,,"[""red""]",[],[],"[""待命"",""迅捷""]","[""伤害·单体""]",,"{{待命}}（支付{{A}}正面朝下放置此牌，之后可支付{{0}}将其当作反应牌打出。）
{{迅捷}}（可在你的回合或法术对决中打出。）
对战场上的一名单位造成2点伤害。如果它是进攻方，则改为对其造成4点伤害。","<p>[Hidden] (Hide now for :rb_rune_rainbow: to react with later for :rb_energy_0:.)<br />[Action] (Play on your turn or in showdowns.)<br />Deal 2 to a unit at a battlefield. If it's attacking, deal 4 to it instead.</p>",3,0,0,不凡,SFD,不可越雷池一步。,,false,2026-06-18 15:11:45.468662+00,2026-08-10 07:41:29.350663+00,"[""法术""]",
2c593f08-8341-49a6-ab20-9f50da70aa8f,UNL-T07,精灵,Sprite,,,"[""colorless""]",[],"[""仙灵""]","[""瞬息""]",[],,{{瞬息}}（在你的开始阶段开始时，结算得分之前将我摧毁。）,"<p>[Temporary] (Kill me at the start of your Beginning Phase, before scoring.)</p>",0,0,3,普通,UNL,幻梦易逝，做梦之人的心境却已然不同。,,false,2026-06-18 15:11:45.821819+00,2026-08-10 07:41:29.350663+00,"[""指示物单位""]",
2c89713e-e6bf-4088-a911-1ae03114ca38,SFD-006,好斗的龙犬,Eager Drakehound,,,"[""red""]","[""诺克萨斯""]","[""犬形"",""龙""]",[],"[""状态·以活跃进场""]",,我以活跃状态进场。,<p>I enter ready.</p>,3,1,3,普通,SFD,龙犬训练师只有两种：严厉的，和被吃掉的。,,false,2026-06-18 15:11:45.821819+00,2026-08-10 07:41:29.350663+00,"[""单位""]",
2ce39af3-b692-4813-b513-eea736451cbc,SFD-140,菲兹,Fizz,捣蛋鬼,Trickster,"[""purple""]","[""比尔吉沃特""]","[""约德尔人""]",[],"[""触发·进场"",""牌库·打出"",""费用·免费打出"",""牌库·回收""]",菲兹,当你打出我时，你可以选择从你的废牌堆中打出一个法力费用不高于{{3}}的法术，无视其法力费用。然后将其回收。（仍需支付所有符能费用。）,"<p>When you play me, you may play a spell from your trash with Energy cost no more than :rb_energy_3:, ignoring its Energy cost. Then recycle it. (You must still pay its Power cost.)</p>",3,1,3,稀有,SFD,“一跳就到你前面去了。”,,false,2026-06-18 15:11:45.468662+00,2026-08-10 07:41:29.350663+00,"[""英雄单位""]",
2cf1ae09-9524-4093-b6a3-f13cd998456b,VEN-118,龙角勇士,Horns of the Dragon,,,"[""yellow""]","[""艾欧尼亚""]",,"[""壁垒""]",[],,{{壁垒}}（我在战斗中首先承担伤害。）,[Tank] (I must be assigned combat damage first.),6,0,6,普通,VEN,顾名思义，顶撞他们会有什么下场，你应该已经明白了。,,false,2026-07-13 14:11:02.122334+00,2026-08-10 07:41:29.350663+00,"[""单位""]",
2d2d5802-bb82-40a3-9eec-5cf73621598d,VEN-151,流光镜影,Soul's Reflection,,,"[""blue"",""purple""]",,,,"[""强化·强化"",""强化·解除强化"",""主动·横置技能"",""战力·削弱""]",梅尔,"当你强化其他物体时，强化我。（如果我未被强化，则变为已强化状态。）
解除我的强化，{{横置}}：给予战场上的一名单位在本回合内{{S}}-2。","When you empower something else, empower me. (I become Empowered if I'm not already.)
Disempower me, :rb_exhaust:: Give a unit at a battlefield -2 :rb_might: this turn.",0,0,0,稀有,VEN,,,false,2026-07-10 11:00:46.719761+00,2026-08-11 04:32:05.530677+00,"[""传奇""]",1
2d5f3a2f-c4b1-4e3b-adf4-c29a0a14f9a8,VEN-060,天际漫游者,Sky Cruiser,,,"[""blue""]","[""皮尔特沃夫""]",,,"[""牌库·弃牌"",""主动·横置技能"",""主动·支付费用技能"",""伤害·单体""]",,弃置一张装备牌，支付{{1}}，{{横置}}：对战场上的一名单位造成4点伤害。,"Discard a gear, :rb_energy_1:, :rb_exhaust:: Deal 4 to a unit at a battlefield.",4,1,3,不凡,VEN,当心脚下。,,false,2026-07-13 14:11:02.122334+00,2026-08-10 07:41:29.350663+00,"[""单位""]",
2d8ba9a0-d133-45c3-8e8b-610f2fd25134,OGN-240,瑟提,Sett,魁首,Kingpin,"[""yellow""]","[""艾欧尼亚""]",[],"[""壁垒""]","[""增益·数量联动"",""战力·条件加成""]",瑟提,"{{壁垒}}（我在战斗中首先承担伤害。）
我所处的战场每有一名拥有增益的友方单位，我便获得{{S}}+1。",<p>[Tank] (I must be assigned combat damage first.)<br />I get +1 :rb_might: for each buffed friendly unit at my battlefield.</p>,4,1,5,稀有,OGN,“当大哥的感觉，比不当好太多了。”,,false,2026-06-18 15:11:45.129603+00,2026-08-10 07:41:29.350663+00,"[""英雄单位""]",
2d90eab0-6ee3-49c6-a49c-d1abdf57fd50,OGN-192,辟心玄龙,Mindsplitter,,,"[""purple""]","[""巨神峰""]","[""龙""]",[],"[""触发·进场"",""干扰·展示手牌"",""干扰·弃对手手牌""]",,当你打出我时，让一名对手展示手牌，然后从中选择一张，让对手将其弃置。,"<p>When you play me, choose an opponent. They reveal their hand. Choose a card from it, and they discard that card.</p>",7,2,7,稀有,OGN,光是要决定先逃离哪一半，就足以把受害者逼疯。,,false,2026-06-18 15:11:45.129603+00,2026-08-10 07:41:29.350663+00,"[""单位""]",
2d959459-1ebf-4942-b82f-2b0e288331dc,SFD-R03,灵光符文,,,,"[""blue""]",[],[],[],,,,,0,0,0,普通,SFD,,,false,2026-06-18 15:11:45.821819+00,2026-08-11 04:32:05.530677+00,"[""符文""]",12
2df16e26-e6ba-4165-bc39-e2298c675f3c,OGN-108,聚合变异,Convergent Mutation,,,"[""blue""]",[],[],"[""反应""]","[""战力·调整"",""战力·增强本回合""]",,"{{反应}}（可在任意时机打出，甚至先于其他法术和技能的结算。）

选择一名友方单位。本回合内，将其战力提升至与另一名友方单位战力相同。","<p>[Reaction] (Play any time, even before spells and abilities resolve.)<br />Choose a friendly unit. This turn, increase its Might to the Might of another friendly unit.</p>",2,1,0,稀有,OGN,“怎么说呢，我觉得还挺可爱的。”,,false,2026-06-18 15:11:45.468662+00,2026-08-10 07:41:29.350663+00,"[""法术""]",
2df901fa-152e-466e-9d1c-1f03f81a41b8,SFD-128,狂热粉丝,Overzealous Fan,,,"[""purple""]","[""诺克萨斯""]",[],[],"[""触发·防守"",""摧毁·单位"",""移动·单位"",""互动·召回基地""]",,当我防守时，你可以选择摧毁我，以此将一名进攻方单位移动到其基地。,"<p>When I defend, you may kill me to move an attacking unit to its base.</p>",2,0,2,普通,SFD,“德莱文说的......朝他们受伤的地方猛打!”,,false,2026-06-18 15:11:45.468662+00,2026-08-10 07:41:29.350663+00,"[""单位""]",
2e124e5e-3eb4-4936-aae5-fb4b4b068eda,SFD-040,扑咚！,Thwonk!,,,"[""green""]",[],[],"[""回响"",""迅捷""]","[""状态·眩晕"",""费用·可选额外""]",,"{{迅捷}}（可在你的回合或法术对决中打出。）
{{回响2}}（你可以选择支付此额外费用，以重复此法术效果。）
眩晕一名进攻方单位。（使其在本回合内无法造成战斗伤害。）",<p>[Action] (Play on your turn or in showdowns.)<br />[Repeat] :rb_energy_2: (You may pay the additional cost to repeat this spell's effect.)<br />Stun an attacking unit. (It doesn't deal combat damage this turn.)</p>,2,0,0,普通,SFD,,,false,2026-06-18 15:11:45.468662+00,2026-08-10 07:41:29.350663+00,"[""法术""]",
2e1da43a-1f51-4103-8f5f-424953689b4e,OGN-285,劫掠船巷,Reaver's Row,,,"[""colorless""]",,,,"[""触发·防守"",""移动·单位"",""互动·召回基地""]",,当你防守此处时，你可以选择将此处的一名友方单位移动到基地。,"<p>When you defend here, you may move a friendly unit here to base.</p>",0,0,0,不凡,OGN,,,true,2026-06-18 15:11:45.129603+00,2026-08-11 04:32:05.530677+00,"[""战场""]",1
2ea8514c-8295-4c9a-8012-af97fd5824ff,UNL-001,竞技场理事,Arena Kingpin,,,"[""red""]","[""诺克萨斯""]","[""约德尔人""]",[],"[""状态·以活跃进场"",""主动·横置技能"",""战力·增强单体"",""战力·增强本回合""]",,"我以活跃状态进场。
{{横置}}：让一名单位在本回合内{{S}}+3。",<p>I enter ready.<br />:rb_exhaust:: Give a unit +3 :rb_might: this turn.</p>,5,0,3,普通,UNL,千万别提假发的事。,,false,2026-06-18 15:11:46.036748+00,2026-08-10 07:41:29.350663+00,"[""单位""]",
2ef90256-fe51-4aca-8f51-1c8f24055ec0,UNL-R01,炽烈符文,,,,"[""red""]",[],[],[],,,,,0,0,0,普通,UNL,,,false,2026-06-18 15:11:45.821819+00,2026-08-11 04:32:05.530677+00,"[""符文""]",12
2f27a268-847a-4a1a-9c06-2f7f13075081,SFD-157,皇家守卫,Royal Guard,,,"[""yellow""]","[""恕瑞玛""]",[],[],"[""触发·进场"",""衍生·单位""]",,当你打出我时，在此处打出一名2{{S}}的“黄沙士兵”。,"<p>When you play me, play a 2 :rb_might: Sand Soldier unit token here.</p>",4,0,2,普通,SFD,统治者的真正力量，源自属下的忠诚。,,false,2026-06-18 15:11:45.468662+00,2026-08-10 07:41:29.350663+00,"[""单位""]",
2ff652b8-195c-48d0-8c8a-925750ad2c6f,UNL-R06,序理符文,,,,"[""yellow""]",[],[],[],,,,,0,0,0,普通,UNL,,,false,2026-06-18 15:11:45.821819+00,2026-08-11 04:32:05.530677+00,"[""符文""]",12
3037db3f-2ea7-41b6-b3ca-50be714d81e3,OGN-037,不朽凤凰,Immortal Phoenix,,,"[""red""]",[],"[""灵体""]","[""强攻2""]","[""触发·摧毁"",""牌库·打出"",""费用·可选额外""]",,"{{强攻2}}（如果我是进攻方，则{{S}}+2。）
当你使用法术摧毁一名单位时，你可以选择支付{{1}}和{{红色}}，以此从废牌堆中将我打出。","<p>[Assault 2] (+2 :rb_might: while I'm an attacker.)<br />When you kill a unit with a spell, you may pay :rb_energy_1::rb_rune_fury: to play me from your trash.</p>",3,1,3,史诗,OGN,每一个亡者的记忆，都让这火焰燃烧得更炽烈。,,false,2026-06-18 15:11:45.129603+00,2026-08-10 07:41:29.350663+00,"[""单位""]",
30742ec8-8d06-40df-95f9-eb9045a33395,SFD-145,换换乐,Switcheroo,,,"[""purple""]",[],[],"[""待命"",""迅捷""]","[""战力·调整""]",,"{{待命}}（支付{{A}}正面朝下放置此牌，之后可支付{{0}}将其当作反应牌打出。）
{{迅捷}}（可在你的回合或法术对决中打出。）
让同一处战场上的两名单位在本回合内战力互换。",<p>[Hidden] (Hide now for :rb_rune_rainbow: to react with later for :rb_energy_0:.)<br />[Action] (Play on your turn or in showdowns.)<br />Swap the Might of two units at the same battlefield this turn.</p>,2,2,0,稀有,SFD,小身板才是大威胁。,,false,2026-06-18 15:11:45.468662+00,2026-08-10 07:41:29.350663+00,"[""法术""]",
30824b4d-6374-48b6-b956-ff775b9ff0f6,SFD-074,暗巷神偷,Pickpocket,,,"[""blue""]","[""祖安""]",[],[],"[""触发·进场"",""摧毁·装备"",""衍生·装备""]",,当你打出我时，你可以选择摧毁一件法力费用不高于{{1}}的装备。若如此做，则打出一个休眠的“金币”装备指示物。,"<p>When you play me, you may kill a gear with Energy cost no more than :rb_energy_1:. If you do, play a Gold gear token exhausted.</p>",3,0,3,不凡,SFD,"“点到即止，绝不停留。”
——暗巷神偷的座右铭",,false,2026-06-18 15:11:45.468662+00,2026-08-10 07:41:29.350663+00,"[""单位""]",
30b19125-99a7-4e24-b4df-9d35a1214933,UNL-144,守门者马杜里,Maduli the Gatekeeper,,,"[""purple""]","[""班德尔城""]",[],[],"[""持续·光环常驻"",""限制·行动禁止"",""主动·支付费用技能"",""移动·单位""]",,"我无法变为活跃状态。
支付{{紫色}}：如果我的战力大于一处敌方控制的战场上所有敌方单位的战力总和，则将我移动到该处。",<p>I can't be readied.<br />:rb_rune_chaos:: Move me to an occupied enemy battlefield if my Might is greater than the total Might of enemy units there.</p>,7,1,6,稀有,UNL,“……那旋律简直让人毛骨悚然，我都以为自己要没命了。”——《老加夫怪谈》,,false,2026-06-18 15:11:46.036748+00,2026-08-10 07:41:29.350663+00,"[""单位""]",
312ee5a6-8447-402f-a270-e59f4e90fe5c,OGN-049,贪玩的小鬼,Playful Phantom,,,"[""green""]","[""暗影岛""]","[""灵体""]",[],,,,,5,0,5,普通,OGN,“这些玩具真容易坏。”,,false,2026-06-18 15:11:45.129603+00,2026-07-16 07:29:52.575498+00,"[""单位""]",
322e997c-4827-48dd-bebb-91ac240d98dc,VEN-033,帕卡监护者,Pakaa Protector,,,"[""green""]","[""恕瑞玛""]","[""猫科""]",,"[""触发·移动"",""牌库·查看"",""牌库·抽牌"",""牌库·燃烧"",""战力·增强单体"",""战力·增强本回合""]",,当我移动时，展示你主牌堆顶部的一张牌。如果是一张单位牌，则抽取该卡牌。否则，将其放入你的废牌堆并给予我在本回合内{{S}}+2。,"When I move, reveal the top card of your Main Deck. If it's a unit, draw it. Otherwise, put it in your trash and give me +2 :rb_might: this turn.",5,0,4,不凡,VEN,"“不存在走丢的帕卡幼崽这么一说。”
——野外生存小知识",,false,2026-07-16 11:27:40.706485+00,2026-08-10 07:41:29.350663+00,"[""单位""]",
3269cec4-fd66-4671-8fb9-e8d640ed0af9,VEN-023,劫,Zed,禁忌之影,From the Shadows,"[""red""]","[""艾欧尼亚""]",,"[""强攻4""]","[""费用·可选额外"",""牌库·弃牌"",""触发·进场"",""衍生·单位""]",劫,"你可以选择弃置一张手牌，作为打出我的额外费用。
当你打出我时，如果你支付了该额外费用，则打出一名0{{S}}的“影分身”。（其具有“当我进攻时，你可以选择从你的废牌堆中放逐一名单位。若如此做，则给予我在本回合内{{强攻4}}。”）","You may discard 1 as an additional cost to play me.
When you play me, if you paid the additional cost, play a 0 :rb_might: Shadow Clone unit token. (It has &quot;When I attack, you may banish a unit from your trash. If you do, give me [Assault 4] this turn.&quot;)",4,1,4,史诗,VEN,“忍术里没有禁忌可言。”,,false,2026-07-10 11:00:46.719761+00,2026-08-10 07:41:29.350663+00,"[""英雄单位""]",
3278fb05-6900-4408-8920-8b5bfca00e86,SFD-070,痛苦之酬,Wages of Pain,,,"[""blue""]",[],[],"[""待命"",""迅捷""]","[""伤害·单体"",""衍生·装备""]",,"{{待命}}（支付{{A}}正面朝下放置此牌，之后可支付{{0}}将其当作反应牌打出。）
{{迅捷}}（可在你的回合或法术对决中打出。）
对战场上的一名单位造成3点伤害。打出一个休眠的“金币”装备指示物。",<p>[Hidden] (Hide now for :rb_rune_rainbow: to react with later for :rb_energy_0:.)<br />[Action] (Play on your turn or in showdowns.)<br />Deal 3 to a unit at a battlefield. Play a Gold gear token exhausted.</p>,3,0,0,普通,SFD,先砸后抢。,,false,2026-06-18 15:11:45.821819+00,2026-08-10 07:41:29.350663+00,"[""法术""]",
32a3e202-4fc6-4c4f-902f-8a50ad6b9958,SFD-126,忠诚的猎犬,Loyal Pup,,,"[""purple""]","[""班德尔城""]","[""犬形""]",[],"[""触发·防守"",""移动·单位""]",,当你防守一处战场时，可以选择将我移动到该处。,"<p>When you defend at a battlefield, you may move me there.</p>",3,0,3,普通,SFD,“汪！”,,false,2026-06-18 15:11:45.468662+00,2026-08-10 07:41:29.350663+00,"[""单位""]",
3321a062-eba1-438b-a552-82b2581ca1e9,SFD-165,戈拉斯克调酒师,Glasc Mixologist,,,"[""yellow""]","[""祖安""]",[],"[""绝念""]","[""触发·摧毁"",""牌库·打出"",""费用·免费打出""]",,{{绝念}} — 你可以选择从你的废牌堆中打出一名费用不高于{{3}}且不高于{{A}}的单位，无视其费用。（当我被摧毁后，发动此效果。）,"<p>[Deathknell] — You may play a unit with cost no more than :rb_energy_3: and no more than :rb_rune_rainbow: from your trash, ignoring its cost. (When I die, get the effect.)</p>",5,1,5,不凡,SFD,"“杀人还是救人，只取决于剂量大小。”
——烈娜塔·戈拉斯克",,false,2026-06-18 15:11:45.468662+00,2026-08-10 07:41:29.350663+00,"[""单位""]",
33222f6f-bd10-48e7-bc8a-b69e90425608,UNL-079,黛安娜,Diana,皎月化身,Lunari,"[""blue""]","[""巨神峰""]",[],"[""洞察""]","[""费用·可选额外"",""牌库·查看"",""牌库·抽牌"",""牌库·放回""]",黛安娜,当法术对决在此处开始时，你可以选择支付{{1}}，以此进行{{洞察}}，然后展示你主牌堆顶部的一张牌。如果是一张法术牌，则抽取该卡牌。（洞察时，查看你主牌堆顶部的一张牌。你可以选择将其回收。）,"<p>When a showdown begins here, you may pay :rb_energy_1: to [Predict], then reveal the top card of your Main Deck. If it's a spell, draw it. (To Predict, look at the top card of your Main Deck. You may recycle it.)</p>",3,0,3,稀有,UNL,“追随无伪之光。”,,false,2026-06-18 15:11:45.821819+00,2026-08-10 07:41:29.350663+00,"[""英雄单位""]",
3350b369-5a1e-4ea8-9c0d-c330e530419e,SFD-107,击倒,Strike Down,,,"[""orange""]",[],[],[],"[""伤害·单体"",""伤害·等同战力""]",,选择一名配装的友方单位，并对一名敌方单位造成等同于该友方单位战力的伤害。然后，卸除该友方单位的一件武装。,<p>Choose an equipped friendly unit. It deals damage equal to its Might to an enemy unit. Then detach an Equipment from it.</p>,3,1,0,不凡,SFD,“这下就够了？”,,false,2026-06-18 15:11:45.468662+00,2026-08-10 07:41:29.350663+00,"[""法术""]",
3369e947-c1fd-4bd8-81f2-6732f4d13a0a,OGN-242,海兽钓钩,Baited Hook,,,"[""yellow""]",[],[],[],"[""主动·横置技能"",""主动·支付费用技能"",""摧毁·单位"",""牌库·查看"",""牌库·放逐"",""费用·免费打出"",""牌库·放回""]",,支付{{1}}和{{黄色}}，{{横置}}：摧毁一名友方单位。查看你主牌堆顶部的五张牌。你可以选择从中放逐一名战力比被摧毁单位最多高 1 点的单位卡牌，然后将其打出，无视费用。然后回收其余的卡牌。,"<p>:rb_energy_1::rb_rune_order:, :rb_exhaust:: Kill a friendly unit. Look at the top 5 cards of your Main Deck. You may banish a unit from among them that has Might up to 1 more than the killed unit and play it, ignoring its cost. Then recycle the rest.</p>",3,0,0,史诗,OGN,小鱼总是会被大鱼吃掉，有些还不是一般地大。,,false,2026-06-18 15:11:45.468662+00,2026-08-10 07:41:29.350663+00,"[""装备""]",
33a7015a-371a-43f9-aa1d-694ca4b67236,SFD-114,行军号令,Marching Orders,,,"[""orange""]",[],[],"[""回响"",""迅捷""]","[""伤害·等同战力"",""费用·可选额外""]",,"{{迅捷}}（可在你的回合或法术对决中打出。）
{{回响3}}（你可以选择支付此额外费用，以重复此法术效果。）
选择任意一名友方单位，和战场上的一名敌方单位。让这两名单位相互以自身战力给对方造成伤害。",<p>[Action] (Play on your turn or in showdowns.)<br />[Repeat] :rb_energy_3: (You may pay the additional cost to repeat this spell's effect.)<br />Choose a friendly unit anywhere and an enemy unit at a battlefield. They deal damage equal to their Mights to each other.</p>,3,0,0,稀有,SFD,,,false,2026-06-18 15:11:45.468662+00,2026-08-10 07:41:29.350663+00,"[""法术""]",
33b3c3e3-7899-4f05-a2b6-1469746aa512,OGN-206,背靠背,Back to Back,,,"[""yellow""]",[],[],"[""反应""]","[""战力·增强单体"",""战力·增强本回合""]",,"{{反应}}（可在任意时机打出，甚至先于其他法术和技能的结算。）
让两名友方单位本回合内{{S}}+2。","<p>[Reaction] (Play any time, even before spells and abilities resolve.)<br />Give two friendly units each +2 :rb_might: this turn.</p>",3,0,0,普通,OGN,合力则生，分立则亡。,,false,2026-06-18 15:11:45.129603+00,2026-08-10 07:41:29.350663+00,"[""法术""]",
340b3e93-eee3-4b14-bc97-85704812978c,OGN-221,帝国谕令,Imperial Decree,,,"[""yellow""]",[],[],"[""迅捷""]","[""触发·摧毁"",""摧毁·单位""]",,"{{迅捷}}（可在你的回合或法术对决中打出。）
在本回合内，每当任意单位承受伤害时，直接将它摧毁。","<p>[Action] (Play on your turn or in showdowns.)<br />When any unit takes damage this turn, kill it.</p>",5,2,0,不凡,OGN,"“一个词语，我就能灭掉你。”
——阿兹尔",,false,2026-06-18 15:11:45.468662+00,2026-08-10 07:41:29.350663+00,"[""法术""]",
343c3e5f-16db-4894-be5c-b8dd26ff9551,SFD-170,雷克塞,Rek'Sai,万类女皇,Swarm Queen,"[""yellow""]","[""虚空之地""]",[],[],"[""触发·进攻"",""牌库·查看"",""牌库·放逐"",""费用·免费打出"",""牌库·放回""]",雷克塞,当我进攻时，你可以选择展示你主牌堆顶部的两张牌。你可以选择放逐其中一张，然后将其打出。如果打出的卡牌为单位，则可以选择将其打出到此处。回收其余的卡牌。,"<p>When I attack, you may reveal the top 2 cards of your Main Deck. You may banish one, then play it. If it is a unit, you may play it here. Recycle the rest.</p>",5,1,5,稀有,SFD,“咔咔咔咔！”,,false,2026-06-18 15:11:45.468662+00,2026-08-10 07:41:29.350663+00,"[""英雄单位""]",
3446f58f-20dd-4798-a86c-9963a4562ebf,VEN-081,狂袭,Onslaught,,,"[""orange""]",,,"[""流转""]","[""战力·增强单体"",""战力·增强本回合"",""牌库·打出"",""费用·可选额外"",""牌库·放逐""]",,"给予一名单位在本回合内{{S}}+6。
{{流转4}}（你可以选择支付此牌的流转费用，以此将其从你的废牌堆中打出。然后将其放逐。）","Give a unit +6 :rb_might: this turn.
[Flow] :rb_energy_4: (You may play this from your trash for its Flow cost. Then banish it.)",4,0,0,不凡,VEN,如果狠狠砸不够，那就是砸得不够狠。,,false,2026-07-15 12:42:50.861849+00,2026-08-10 07:41:29.350663+00,"[""法术""]",
34898d47-f354-430f-9359-7efce3a6b7d2,SFD-123,腐化执法官,Corrupt Enforcer,,,"[""purple""]","[""皮尔特沃夫""]",[],[],"[""触发·移动"",""牌库·弃牌"",""触发·战斗"",""牌库·抽牌""]",,"每当我移动到一处战场时，弃置一张手牌。
每当我赢得战斗时，抽一张牌。","<p>When I move to a battlefield, discard 1.<br />When I win a combat, draw 1.</p>",3,1,4,普通,SFD,在他这里，只有法律约束，没有执法保护。,,false,2026-06-18 15:11:45.821819+00,2026-08-10 07:41:29.350663+00,"[""单位""]",
3518a297-bc3a-475f-a6d9-31569190c82d,SFD-059,斯弗尔尚歌,Svellsongur,,,"[""green""]",[],"[""武装""]","[""装配""]","[""复制·效果技能""]",,"{{装配}}{{1}}{{绿色}}（支付{{1}}和{{绿色}}：将此牌贴附到你控制的一名单位上。）
在此牌贴附于单位期间，复制该单位的技能描述到此武装的效果文字，在贴附期间持续生效。
{{S}}+0","<p>[Equip] :rb_energy_1::rb_rune_calm: (:rb_energy_1::rb_rune_calm:: Attach this to a unit you control.)<br />As this is attached to a unit, copy that unit's text to this Equipment's effect text for as long as this is attached to it.</p>
[S] +0",3,1,0,史诗,SFD,"""只有最伟大的弗雷尔卓德英雄才拥有臻冰做的武器!""——努努",,false,2026-06-18 15:11:45.468662+00,2026-08-10 07:41:29.350663+00,"[""装备""]",
35a44ce6-7ee3-44b2-9f61-7eaf16528be7,OGN-004,顺劈,Cleave,,,"[""red""]",,,"[""迅捷""]","[""战力·增强单体"",""战力·增强本回合""]",,"{{迅捷}}（可在你的回合或法术对决中打出。）
让一名单位本回合内获得{{强攻3}}。（如果它是进攻方，则{{S}}+3。）",<p>[Action] (Play on your turn or in showdowns.)<br />Give a unit [Assault 3] this turn. (+3 :rb_might: while it's an attacker.)</p>,1,0,0,普通,OGN,“不进攻的话，就永远不会赢。”,Nobody everwon a war without attacking.,false,2026-06-18 15:11:45.129603+00,2026-08-10 07:41:29.350663+00,"[""法术""]",
35e679ed-1ce3-48b7-98b1-da7cf46ee990,UNL-051,艾翁,Ivern,自然恩赐,Nurturer,"[""green""]","[""艾欧尼亚""]",[],"[""增益""]","[""触发·进场"",""触发·据守"",""牌库·查看"",""牌库·抽牌"",""牌库·放回"",""特性·属性联动"",""增益·给予""]",艾翁,当你打出我时，或当我据守一处战场时，查看你主牌堆顶部的三张牌。你可以选择从中展示一名单位，并抽取该卡牌。回收其余的卡牌。如果你展示了一名“鸟类”、“猫科”、“犬形”或“魄罗”属性单位，则进行一次：给予一名友方单位{{增益}}。（如果其未拥有增益，则获得一个{{S}}+1增益。）,"<p>When you play me or when I hold, look at the top 3 cards of your Main Deck. You may reveal a unit from among them and draw it. Recycle the rest. Then if you revealed a Bird, Cat, Dog, or Poro, do this: [Buff] a friendly unit. (Give it a +1 :rb_might: buff if it doesn't have one.)</p>",5,1,4,稀有,UNL,,,false,2026-06-18 15:11:45.821819+00,2026-08-10 07:41:29.350663+00,"[""英雄单位""]",
35f51450-cc27-4c10-9498-a088512c7fcb,OGN-096,警觉的哨兵,Watchful Sentry,,,"[""blue""]","[""弗雷尔卓德""]",[],"[""绝念""]","[""触发·摧毁"",""牌库·抽牌""]",,{{绝念}}—抽一张牌。（当我被摧毁后，发动此效果。）,"<p>[Deathknell] — Draw 1. (When I die, get the effect.)</p>",2,0,1,普通,OGN,他也许再也回不了家了。但正因为有他，那家才依然存在。,,false,2026-06-18 15:11:45.129603+00,2026-08-10 07:41:29.350663+00,"[""单位""]",
35ffb76b-5280-4ecc-a1c4-8f5461d3b9fa,OGN-023,来路不明的武器,Unlicensed Armory,,,"[""red""]",[],[],[],"[""牌库·弃牌"",""主动·横置技能"",""保护·免死替身"",""状态·休眠化"",""互动·召回基地""]",,弃置一张手牌，{{横置}}：选择一名友方单位。本回合内，当它下次被摧毁时，你可以选择支付{{红色}}，以此改为移除其所受伤害、让其进入休眠状态、并将其召回。（把该单位送回基地，此行动不算作移动。）,"<p>Discard 1, :rb_exhaust:: Choose a friendly unit. The next time it would die this turn, you may pay :rb_rune_fury: to heal it, exhaust it, and recall it instead. (Send it to base. This isn't a move.)</p>",2,0,0,不凡,OGN,,,false,2026-06-18 15:11:45.468662+00,2026-08-10 07:41:29.350663+00,"[""装备""]",
3621e402-1066-41c7-917d-4c35acaa9812,OGS-018,提伯斯,Tibbers,,,"[""red"",""purple""]",[],[],[],"[""触发·进场"",""伤害·全场无差别""]",安妮,当你打出我时，对所有战场上的单位各造成3点伤害。,"<p>When you play me, deal 3 to all units at battlefields.</p>",8,2,7,史诗,OGS,"“你看见过我的小熊吗？”
——安妮",,false,2026-06-18 15:11:45.129603+00,2026-08-10 07:41:29.350663+00,"[""专属单位""]",
3622325f-8f68-476c-b181-757bb34e557b,OGN-290,荣耀竞技场,The Arena's Greatest,,,"[""colorless""]",[],[],[],"[""触发·回合开始""]",,每名玩家在各自的第一个回合开始阶段，获得1分。,"<p>At the start of each player's first Beginning Phase, that player gains 1 point.</p>",0,0,0,不凡,OGN,,,true,2026-06-18 15:11:45.129603+00,2026-08-11 04:32:05.530677+00,"[""战场""]",1
3678d655-2e8f-4ad2-9c71-4af0a56c0eb7,UNL-035,啃啃,Monch,,,"[""green""]","[""班德尔城""]",[],[],"[""费用·条件减费"",""状态·以活跃进场""]",,如果对手控制着一名被眩晕的单位，则我的费用减少{{2}}，并以活跃状态进场。,"<p>If an opponent controls a stunned unit, I cost :rb_energy_2: less and enter ready.</p>",6,0,6,普通,UNL,看不见的东西照样能伤人。,,false,2026-06-18 15:11:46.036748+00,2026-08-10 07:41:29.350663+00,"[""单位""]",
36e0439c-2d61-453d-bc66-f57bfc1918a3,OGS-012,爆能术,Blast of Power,,,"[""yellow""]",[],[],"[""迅捷""]","[""摧毁·单位""]",,"{{迅捷}}（可在你的回合或法术对决中打出。）
摧毁战场上的一名单位。",<p>[Action] (Play on your turn or in showdowns.)<br />Kill a unit at a battlefield.</p>,6,1,0,普通,OGS,"“照亮所有敌人！”
——拉克丝",,false,2026-06-18 15:11:45.129603+00,2026-08-10 07:41:29.350663+00,"[""法术""]",
36e0b474-5137-4721-bf28-ba3decaf3a53,OGN-157,乌迪尔,Udyr,荒野化身,Wildman,"[""orange""]","[""弗雷尔卓德""]",[],"[""游走""]","[""增益·消耗"",""伤害·单体"",""状态·眩晕"",""状态·激活"",""移动·单位""]",乌迪尔,"消耗我的增益：从以下中选择一个你本回合内尚未选过的效果-
·对战场上的一名单位造成2点伤害。
·眩晕战场上的一名单位。
·让我变为活跃状态。
·使我本回合内获得{{游走}}。",<p>Spend my buff: Choose one you've not chosen this turn —</p><ul><li>Deal 2 to a unit at a battlefield.</li><li>Stun a unit at a battlefield.</li><li>Ready me.</li><li>Give me [Ganking] this turn.</li></ul>,6,1,6,稀有,OGN,,,false,2026-06-18 15:11:45.129603+00,2026-08-10 07:41:29.350663+00,"[""英雄单位""]",
37cf3ee1-d21a-4019-a923-58386cd85610,VEN-020,暮光狂舞者,Twilight Reveler,,,"[""red""]","[""艾欧尼亚""]",,,"[""触发·进攻"",""状态·激活""]",,当我进攻时，让另一名友方单位变为活跃状态。,"When I attack, ready another friendly unit.",3,0,3,稀有,VEN,永远会有时间跳最后一支舞。,,false,2026-07-17 11:50:11.953074+00,2026-08-10 07:41:29.350663+00,"[""单位""]",
38030a40-840f-42be-9cb2-898f32609f84,SFD-158,流沙术士,Sandshifter,,,"[""yellow""]","[""恕瑞玛""]",[],[],"[""触发·进场"",""摧毁·单位""]",,当你打出我时，摧毁一名不高于3{{S}}的敌方单位。,"<p>When you play me, kill an enemy unit with 3 :rb_might: or less.</p>",5,2,6,普通,SFD,“拜见你的皇帝……否则黄沙会让你俯首。”,,false,2026-06-18 15:11:45.821819+00,2026-08-10 07:41:29.350663+00,"[""单位""]",
3847552f-35a2-479c-95fe-ff57522b950d,UNL-095,视死如归,Grim Resolve,,,"[""orange""]",[],[],"[""迅捷""]","[""战力·增强单体"",""战力·增强本回合"",""触发·战斗"",""经验·获得""]",,"{{迅捷}}（可在你的回合或法术对决中打出。）
让一名友方单位本回合内{{S}}+3。当该单位在本回合赢得一场战斗时，获得2经验。","<p>[Action] (Play on your turn or in showdowns.)<br />Give a friendly unit +3 :rb_might: this turn. When it wins a combat this turn, gain 2 XP.</p>",2,0,0,普通,UNL,“失败让人成长，但成功又何尝不能呢？”,,false,2026-06-18 15:11:46.036748+00,2026-08-10 07:41:29.350663+00,"[""法术""]",
386ace66-d8b8-44f3-836f-bb023cb7a5b3,UNL-102,竞技场人气王,Crowd Favorite,,,"[""orange""]","[""诺克萨斯""]",[],"[""狩猎"",""增益""]","[""经验·获得"",""触发·征服"",""触发·据守"",""经验·消耗"",""增益·给予""]",,"{{狩猎}}（当我征服或据守一处战场时，获得1点经验值。）
消耗2经验：给予我{{增益}}。（如果我未拥有增益，则获得一个{{S}}+1增益。）","<p>[Hunt] (When I conquer or hold, gain 1 XP.)<br />Spend 2 XP: [Buff] me. (Give me a +1 :rb_might: buff if I don't have one.)</p>",3,0,3,不凡,UNL,“人群和野兽没什么区别。听听他们的咆哮声就知道了。”,,false,2026-06-18 15:11:45.821819+00,2026-08-10 07:41:29.350663+00,"[""单位""]",
3877464a-e176-4ae1-91de-ec5bd1db331a,UNL-214,鬼影湾,Ripper's Bay,,,"[""colorless""]",[],[],[],"[""互动·返回手牌"",""费用·可选额外"",""符文·召出""]",,当此处的一名单位返回到一名玩家的手牌时，该玩家可以选择支付{{1}}，以此召出一枚休眠的符文。,"<p>When a unit here is returned to a player's hand, that player may pay :rb_energy_1: to channel 1 rune exhausted.</p>",0,0,0,不凡,UNL,,,false,2026-06-18 15:11:45.821819+00,2026-08-11 04:32:05.530677+00,"[""战场""]",1
387b91b1-b3ed-473b-88cc-6816f7af9632,UNL-063,月蚀,Eclipse,,,"[""blue""]",[],[],"[""反应"",""洞察""]","[""战力·削弱"",""牌库·查看"",""牌库·放回""]",,"{{反应}}（可在任意时机打出，甚至先于其他法术和技能的结算。）
让一名单位在本回合内{{S}}-4。
进行{{洞察}}。（查看你主牌堆顶部的一张牌。你可以选择将其回收。）","<p>[Reaction] (Play any time, even before spells and abilities resolve.)<br />Give a unit -4 :rb_might: this turn.<br />[Predict]. (Look at the top card of your Main Deck. You may recycle it.)</p>",3,0,0,普通,UNL,日月相交之刻，黑暗终将胜利。,,false,2026-06-18 15:11:46.036748+00,2026-08-10 07:41:29.350663+00,"[""法术""]",
3904ef66-dcd5-4832-9939-08bd9309e0a1,UNL-116,波比,Poppy,刚毅典范,Paragon,"[""orange""]","[""德玛西亚""]","[""约德尔人""]","[""法盾""]","[""触发·进场"",""状态·激活"",""经验·获得""]",波比,"{{法盾}}（对手必须支付{{A}}才能将我选作法术或技能的目标。）
当你打出我时，如果对手得分距离胜利得分不超过3分，则让我变为活跃状态，并获得3经验。","<p>[Deflect] (Opponents must pay :rb_rune_rainbow: to choose me with a spell or ability.)<br />When you play me, if an opponent's score is within 3 points of the Victory Score, ready me and gain 3 XP.</p>",5,0,5,稀有,UNL,“我？英雄？呵呵，无稽之谈。”,,false,2026-06-18 15:11:46.036748+00,2026-08-10 07:41:29.350663+00,"[""英雄单位""]",
392b83b8-5d03-403a-85bb-b39fec477102,OGN-113,玛尔扎哈,Malzahar,狂热信徒,Fanatic,"[""blue""]","[""虚空之地""]",[],"[""获得"",""迅捷""]","[""费用·强制额外"",""主动·横置技能"",""资源·获得费用""]",玛尔扎哈,摧毁一个友方单位或装备，{{横置}}：{{迅捷}}-{{获得}}{{A}}{{A}}，用以支付符能费用。（可在你的回合或法术对决中打出。获得费用资源的技能无法成为其他法术的反应目标。）,"<p>Kill a friendly unit or gear, :rb_exhaust:: [Action] — [Add] :rb_rune_rainbow::rb_rune_rainbow:. (Use on your turn or in showdowns. Abilities that add resources can't be reacted to.)</p>",4,0,3,稀有,OGN,“我们要求献祭。”,,false,2026-06-18 15:11:45.129603+00,2026-08-10 07:41:29.350663+00,"[""英雄单位""]",
3986778a-a9d9-454b-a319-532708ac7c25,SFD-137,猎海小队,Harpoon Squad,,,"[""purple""]","[""比尔吉沃特""]","[""海盗""]",[],"[""触发·移动"",""战力·增强单体"",""战力·增强本回合""]",,当我从一处战场向其他位置移动时，让我本回合内{{S}}+2。,"<p>When I move from a battlefield, give me +2 :rb_might: this turn.</p>",4,0,4,不凡,SFD,我的船可容不下懦夫。,,false,2026-06-18 15:11:45.821819+00,2026-08-10 07:41:29.350663+00,"[""单位""]",
39b6cacd-5e06-4109-9356-da49c3c89212,OGN-280,帝柳之林,Grove of the God-Willow,,,"[""colorless""]",[],[],[],"[""触发·据守"",""牌库·抽牌""]",,当你据守此处时，抽一张牌。,"<p>When you hold here, draw 1.</p>",0,0,0,不凡,OGN,荒野的馈赠随处可见，想拿到手却不容易。,,false,2026-06-18 15:11:45.468662+00,2026-08-11 04:32:05.530677+00,"[""战场""]",1
39c4a81c-0f59-40d9-8e72-2b9bbb1a379c,UNL-139,透骨尖钉,Bone Skewer,,,"[""purple""]",[],[],"[""待命"",""眩晕""]","[""干扰·展示手牌"",""费用·免费打出"",""状态·眩晕""]",,"{{待命}}（支付{{A}}正面朝下放置此牌，之后可支付{{0}}将其当作反应牌打出。）
选择一处战场。让一名对手展示自己的手牌。你可以从中选择一名单位。该对手将该单位打出到该战场，无视一切费用。若其如此做，则进行一次：{{眩晕}}该单位。（使其在本回合内无法造成战斗伤害。）","<p>[Hidden] (Hide now for :rb_rune_rainbow: to react with later for :rb_energy_0:.)<br />Choose a battlefield. An opponent reveals their hand. You may choose a unit from it. They play that unit to that battlefield, ignoring any and all costs. If they do, then do this: [Stun] it. (It doesn't deal combat damage this turn.)</p>",2,1,0,稀有,UNL,,,false,2026-06-18 15:11:46.036748+00,2026-08-10 07:41:29.350663+00,"[""法术""]",
39ca4f8b-e311-4b69-93cd-9341f0b4e1be,UNL-084,精灵女王,Sprite Queen,,,"[""blue""]","[""艾欧尼亚""]","[""仙灵""]","[""瞬息""]","[""触发·进场"",""触发·回合开始"",""衍生·单位"",""状态·以活跃进场""]",,当你打出我时或在你的开始阶段开始时，打出一名处于活跃状态的3{{S}}“精灵”到你的基地，它拥有{{瞬息}}。（在其控制者的下个开始阶段开始时，结算得分之前将其摧毁。）,"<p>When you play me or at the start of your Beginning Phase, play a ready 3 :rb_might: Sprite unit token with [Temporary] to your base. (Kill them at the start of their controller's next Beginning Phase, before scoring.)</p>",7,1,6,稀有,UNL,,,false,2026-06-18 15:11:46.036748+00,2026-08-10 07:41:29.350663+00,"[""单位""]",
3a042fc9-43d8-4527-9d28-5b65c1e37316,UNL-145,派克,Pyke,深渊再临,Returned,"[""purple""]","[""比尔吉沃特""]",[],"[""待命"",""反应"",""获得""]","[""频率·每回合限一次"",""触发·摧毁"",""衍生·装备""]",派克,"{{待命}}（支付{{A}}正面朝下放置此牌，之后可支付{{0}}将其当作反应牌打出。）
{{后排}}（我在战斗中最后承担伤害。）
每回合限一次，如果我位于战场上，当一名敌方单位被摧毁时，打出一个休眠的“金币”装备指示物。（其具有“{{反应>}} 摧毁此牌，{{横置}}：{{获得}}{{A}}。”）","<p>[Hidden] (Hide now for :rb_rune_rainbow: to react with later for :rb_energy_0:.)<br />[Backline] (I must be assigned combat damage last.)<br />Once each turn, when an enemy unit dies while I'm at a battlefield, play a Gold gear token exhausted. (It has ""[Reaction][>] Kill this, :rb_exhaust:: [Add] :rb_rune_rainbow:."")</p>",3,0,3,稀有,UNL,,,false,2026-06-18 15:11:45.821819+00,2026-08-10 07:41:29.350663+00,"[""英雄单位""]",
3a56be8a-fb15-475e-b749-d7b6aa1da6ab,ARC-004,沃里克,Warwick,追猎者,Hunter,"[""orange""]","[""祖安""]","[""犬形""]",,"[""状态·以活跃进场"",""触发·进攻"",""摧毁·单位""]",沃里克,"我以活跃状态进场。
当我进攻时，摧毁此处所有已受伤的敌方单位。","I enter ready.
When I attack, kill all damaged enemy units here.",6,1,5,异画,ARC,,,false,2026-06-18 15:11:45.129603+00,2026-08-10 07:41:29.350663+00,"[""英雄单位""]",
3a7c43bd-fbda-46f3-a6a1-89d528109e53,VEN-022,无尽秘藏,Endless Riches,,,"[""red""]",,,"[""燃烧7""]","[""触发·进场"",""牌库·放逐"",""牌库·燃烧"",""持续·光环常驻"",""牌库·打出""]",,"当你打出此牌时，放逐你的手牌和废牌堆里的卡牌，然后{{燃烧7}}。
跳过你的抽牌阶段。
你可以选择从你的废牌堆中打出卡牌。
如果一张卡牌将从除你的主牌堆以外的任何位置进入你的废牌堆，则改为将其放逐。","When you play this, banish your hand and trash, then [Burn 7].
Skip your Draw Phase.
You may play cards from your trash.
If a card would go to your trash from anywhere other than your Main Deck, banish it instead.",5,1,0,史诗,VEN,,,false,2026-07-14 11:54:00.306963+00,2026-08-10 07:41:29.350663+00,"[""装备""]",
3ab6b3c5-c68f-4f56-9096-c44357fb4298,SFD-213,奥恩的锻炉,Ornn's Forge,,,"[""colorless""]",[],[],[],"[""持续·光环常驻"",""费用·减费""]",,如果此战场受你控制，则每回合打出的第一件友方非指示物装备的费用减少{{1}}。,"<p>While you control this battlefield, the first friendly non-token gear played each turn costs :rb_energy_1: less.</p>",0,0,0,不凡,SFD,,,false,2026-06-18 15:11:45.468662+00,2026-08-11 04:32:05.530677+00,"[""战场""]",1
3ac7d1d6-5e4c-41ca-bb7e-10e6784744cb,OGN-091,竞技场勤务小队,Pit Crew,,,"[""blue""]","[""班德尔城""]",[],[],"[""触发·打出"",""状态·激活""]",,当你打出一件装备时，让我变为活跃状态。,"<p>When you play a gear, ready me.</p>",3,0,3,普通,OGN,“差不多得了，冲呀啊啊啊！”,,false,2026-06-18 15:11:45.129603+00,2026-08-10 07:41:29.350663+00,"[""单位""]",
3aecb959-0e5b-4ddf-afdd-89651acc46b5,UNL-133,喷射球果,Blast Cone,,,"[""purple""]",[],[],"[""眩晕""]","[""触发·进场"",""移动·敌方"",""状态·休眠化"",""状态·眩晕""]",,"当你打出此牌时，你可以选择移动一名敌方单位。
当你移动一名敌方单位时，你可以选择让此牌变为休眠状态，以此{{眩晕}}该敌方单位。（使其在本回合内无法造成战斗伤害。）","<p>When you play this, you may move an enemy unit.<br />When you move an enemy unit, you may exhaust this to [Stun] it. (It doesn't deal combat damage this turn.)</p>",4,1,0,不凡,UNL,小小一枚球果，看尽恩怨情仇。,,false,2026-06-18 15:11:46.036748+00,2026-08-10 07:41:29.350663+00,"[""装备""]",
3b1a3b8a-764c-4f6f-9242-9f588f0ef6a2,SFD-207,帝王神坛,Emperor's Dais,,,"[""colorless""]",[],[],[],"[""触发·征服"",""费用·可选额外"",""互动·返回手牌"",""衍生·单位""]",,当你征服此处时，你可以选择支付{{1}}并让你在此处控制的一名单位返回其所属的手牌，以此在此处打出一名2{{S}}的“黄沙士兵”。,"<p>When you conquer here, you may pay :rb_energy_1: and return a unit you control here to its owner's hand to play a 2 :rb_might: Sand Soldier unit token here.</p>",0,0,0,不凡,SFD,,,false,2026-06-18 15:11:45.821819+00,2026-08-11 04:32:05.530677+00,"[""战场""]",1
3b4e1a84-fcab-4509-b482-d53e690a32c3,VEN-139,离群之刺,Rogue Assassin,,,"[""red"",""green""]",,,"[""强化"",""迅捷""]","[""强化·强化"",""主动·横置技能"",""移动·单位"",""互动·召回基地"",""强化·已强化奖励"",""状态·激活""]",阿卡丽,"{{强化3A}}（支付{{3}}和{{A}}：强化此牌。仅在未强化时可用。）
{{迅捷>}}{{横置}}：如果这是你的回合，则将一名处于法术对决中的友方单位移动到基地，且如果我{{已强化}}，则让该单位变为活跃状态。","[Empower] :rb_energy_3::rb_rune_rainbow: (:rb_energy_3::rb_rune_rainbow:: Empower this. Use only if not Empowered.)
[Action][&gt;] :rb_exhaust:: If it's your turn, move a friendly unit in a showdown to base and if I'm [Empowered], ready it.",0,0,0,稀有,VEN,,,false,2026-07-09 16:49:03.36084+00,2026-08-11 04:32:05.530677+00,"[""传奇""]",1
3b811f0c-4399-4871-b979-0f5d91d49e4e,UNL-040,无极学徒,Wuju Apprentice,,,"[""green""]","[""艾欧尼亚""]",[],"[""等级6"",""狩猎""]","[""经验·获得"",""触发·征服"",""触发·据守"",""经验·等级奖励"",""触发·进场"",""牌库·抽牌""]",,"{{狩猎}}（当我征服或据守一处战场时，获得1经验。）
{{等级6>}} 当你打出我时，抽一张牌。（如果你拥有不少于6经验，则获得该效果。）","<p>[Hunt] (When I conquer or hold, gain 1 XP.)<br />[Level 6][>] When you play me, draw 1. (While you have 6+ XP, get the effect.)</p>",2,0,2,普通,UNL,“我当学徒的这段时间学了不少东西。容我展示一下。”,,false,2026-06-18 15:11:46.036748+00,2026-08-10 07:41:29.350663+00,"[""单位""]",
3be66b49-49ff-401b-9f98-7a96d051296e,UNL-180,破败之咒,The Ruination,,,"[""yellow""]",[],[],[],"[""摧毁·单位"",""摧毁·全体清场""]",,摧毁所有单位。,<p>Kill all units.</p>,9,3,0,史诗,UNL,"“任何代价，一概不论。一切暴行，但求有功。为她，我必当如此。”
——佛耶戈",,false,2026-06-18 15:11:45.821819+00,2026-08-10 07:41:29.350663+00,"[""法术""]",
3cc87d3a-0ee0-4d29-bc51-035f242cbc38,VEN-109,俄洛伊,Illaoi,大海兽先知,Prophet of the Great Kraken,"[""purple""]","[""比尔吉沃特""]",,,"[""触发·进场"",""衍生·单位"",""特性·属性联动"",""战力·条件加成"",""战力·永久成长""]",俄洛伊,"当你打出我时，或当我得分时，打出一名具有“比尔吉沃特”属性的1{{S}}“触手”。
 你每控制一名指示物单位，我便获得{{S}}+1。","When you play me or when I score, play a :rb_energy_1: :rb_might: Tentacle unit token from Bilgewater.
I have +1 :rb_might: for each token unit you control.",6,0,4,稀有,VEN,“我们的灵魂并非大同，却是彼此分明。”,,false,2026-07-10 11:00:46.719761+00,2026-08-10 07:41:29.350663+00,"[""英雄单位""]",
3cfdf60e-4557-4a99-b3b1-4bdd542d7785,VEN-161,皮城锻炉,Piltovan Forge,,,"[""colorless""]",,,,"[""持续·光环常驻"",""费用·减费"",""频率·每回合限一次""]",,如果此战场受你控制，则每回合首次打出的友方装备的主动技能，该技能费用减少{{1}}。,"While you control this battlefield, the first friendly gear activated ability played each turn costs :rb_energy_1: less.",0,0,0,不凡,VEN,,,false,2026-07-10 11:00:46.719761+00,2026-08-11 04:32:05.530677+00,"[""战场""]",1
3cffb0b4-4a8b-4b32-b0f6-e9487960dc7a,OGN-185,旅行商人,Traveling Merchant,,,"[""purple""]","[""比尔吉沃特""]",[],[],"[""触发·移动"",""牌库·弃牌"",""牌库·抽牌""]",,每当我移动时，弃置一张手牌，然后抽一张牌。,"<p>When I move, discard 1, then draw 1.</p>",2,0,2,不凡,OGN,先付款再说，想退款没门。,,false,2026-06-18 15:11:45.129603+00,2026-08-10 07:41:29.350663+00,"[""单位""]",
3dcef872-2286-4911-86ef-c26767322ae1,VEN-122,烈阳之鹰,Solari Sunhawk,,,"[""yellow""]","[""巨神峰""]","[""鸟类""]","[""强化"",""法盾""]","[""强化·强化"",""强化·已强化奖励"",""战力·增强单体"",""战力·永久成长""]",,"{{强化2}}（支付{{2}}：强化我。仅在未强化时可用。）
{{已强化>}} 我获得{{S}}+1和{{法盾2}}。（对手必须支付{{A}}{{A}}才能将我选作法术或技能的目标。）","[Empower] :rb_energy_2: (:rb_energy_2:: Empower me. Use only if not Empowered.)
[Empowered][&gt;] I have +1 :rb_might: and [Deflect 2]. (Opponents must pay :rb_rune_rainbow::rb_rune_rainbow: to choose me with a spell or ability.)",3,0,3,普通,VEN,它的啼鸣，唤醒了黎明。,,false,2026-07-17 11:50:11.953074+00,2026-08-10 07:41:29.350663+00,"[""单位""]",
3dfb107d-29a3-4a6e-87be-bab8134d04ba,SFD-001,矢志不退,Against the Odds,,,"[""red""]",[],[],"[""反应""]","[""战力·增强单体"",""战力·增强本回合""]",,"{{反应}} （可在任意时机打出，甚至先于其他法术和技能的结算。）
选择战场上的一名友方单位，此战场上每有一名敌方单位，就让该友方单位在本回合内{{S}}+2。","<p>[Reaction] (Play any time, even before spells and abilities resolve.)<br />Give a friendly unit at a battlefield +2 :rb_might: this turn for each enemy unit there.</p>",2,0,0,普通,SFD,"“我将死战不屈，直至长枪坠地，匍匐不起。”
——潘森",,false,2026-06-18 15:11:45.468662+00,2026-08-10 07:41:29.350663+00,"[""法术""]",
3e12a1c3-7da1-4f07-b2a8-fc090755c12c,OGN-050,符文禁锢,Rune Prison,,,"[""green""]",[],[],"[""迅捷""]","[""状态·眩晕""]",,"{{迅捷}}（可在你的回合或法术对决中打出。）
眩晕一名单位。（使其在本回合内无法造成战斗伤害。）",<p>[Action] (Play on your turn or in showdowns.)<br />Stun a unit. (It doesn't deal combat damage this turn.)</p>,2,1,0,普通,OGN,"“站好了！”
——瑞兹",,false,2026-06-18 15:11:45.129603+00,2026-08-10 07:41:29.350663+00,"[""法术""]",
3e84a154-9eec-4e79-9a2f-e42b6db4bf2f,OGN-215,躁烈的副官,Petty Officer,,,"[""yellow""]","[""比尔吉沃特""]","[""海盗""]","[""强攻""]",[],,{{强攻}}（如果我是进攻方，则{{S}}+1。）,<p>[Assault] (+1 :rb_might: while I'm an attacker.)</p>,5,0,5,普通,OGN,惹火他，才能明白他究竟有多小气。,,false,2026-06-18 15:11:45.129603+00,2026-08-10 07:41:29.350663+00,"[""单位""]",
3f46c94a-1fba-42cf-9064-787044b717c4,OGN-084,踊跃的学徒,Eager Apprentice,,,"[""blue""]","[""皮尔特沃夫""]",[],[],"[""持续·光环常驻"",""费用·减费""]",,如果我位于战场上，则你打出法术所需的法力费用减少{{1}}，不得低于{{1}}。,"<p>While I'm at a battlefield, the Energy costs for spells you play is reduced by :rb_energy_1:, to a minimum of :rb_energy_1:.</p>",3,0,3,普通,OGN,“只要这三十七个步骤一个不错，就绝对百试百灵！”,,false,2026-06-18 15:11:45.129603+00,2026-08-10 07:41:29.350663+00,"[""单位""]",
3f5448c9-6997-43a8-a65b-4189145ee355,VEN-R03,灵光符文,Mind Rune,,,"[""blue""]",,,,,,,[NO TEXT],0,0,0,普通,VEN,,,false,2026-07-09 16:49:03.36084+00,2026-08-11 04:32:05.530677+00,"[""符文""]",12
3f61f3de-1a84-4a97-9dd7-8aba01999044,UNL-056,悠米,Yuumi,魔法猫咪,Magical Cat,"[""green""]","[""班德尔城""]","[""仙灵"",""猫科""]","[""壁垒""]","[""触发·进攻"",""触发·防守"",""战力·增强单体"",""战力·增强本回合""]",悠米,当我进攻或防守时，让你在此处的另一名单位在本回合内获得{{S}}+3和{{壁垒}}。（其在战斗中首先承担伤害。）,"<p>When I attack or defend, give one of your other units here +3 :rb_might: and [Tank] this turn. (It must be assigned combat damage first.)</p>",3,1,1,稀有,UNL,“要赌上性命，击败敌人，再推倒几个杯子……谁准备好了？”,,false,2026-06-18 15:11:45.821819+00,2026-08-10 07:41:29.350663+00,"[""英雄单位""]",
3f81d0d8-3417-416e-9bba-2361989d54d2,SFD-219,彩纸灵树,The Papertree,,,"[""colorless""]",[],[],[],"[""触发·据守"",""符文·召出""]",,当你据守此处时，每名玩家召出一枚休眠的符文。,"<p>When you hold here, each player channels 1 rune exhausted.</p>",0,0,0,不凡,SFD,,,false,2026-06-18 15:11:45.821819+00,2026-08-11 04:32:05.530677+00,"[""战场""]",1
3f88f5e8-b5a1-4c56-9cae-d04157199657,SFD-159,可靠攻城犬,Trusty Ramhound,,,"[""yellow""]","[""德玛西亚""]","[""精锐"",""犬形""]",[],"[""战力·条件加成""]",,如果你在此处有其他单位，则我获得{{S}}+1。,"<p>While you have another unit here, I have +1 :rb_might:.</p>",2,0,2,普通,SFD,开局一条狗，装备全靠贴。,,false,2026-06-18 15:11:45.821819+00,2026-08-10 07:41:29.350663+00,"[""单位""]",
401290bb-a6d6-4d64-8635-13f253781078,OGN-180,逝水如镜,Fading Memories,,,"[""purple""]",[],[],"[""瞬息""]",[],,让一名战场上的单位或一件装备变为{{瞬息}}。（在其控制者的下个回合开始阶段，结算得分之前将其摧毁。）,"<p>Give a unit at a battlefield or a gear [Temporary]. (Kill it at the start of its controller's Beginning Phase, before scoring.)</p>",4,1,0,不凡,OGN,你也将消逝，如水月镜花。,,false,2026-06-18 15:11:45.129603+00,2026-08-10 07:41:29.350663+00,"[""法术""]",
40501a0d-94d3-4305-8d5d-d45746e62b64,VEN-111,米娜·捷足,Minah Swiftfoot,,,"[""purple""]","[""艾欧尼亚""]",,,"[""触发·移动"",""牌库·弃牌"",""牌库·抽牌""]",,"当我移动到一处战场时，选择一个效果 —
- 每名玩家各弃置一张手牌。
- 每名玩家各抽一张牌。","When I move to a battlefield, choose one —
Each player discards 1.Each player draws 1.",6,1,6,稀有,VEN,她有十种武艺傍身，却还是没想好一句霸气的台词。,,false,2026-07-20 10:23:59.547404+00,2026-08-10 07:41:29.350663+00,"[""单位""]",
407de17b-1a90-43c0-8606-c8133a700e12,OGN-234,龙骑兵,Harnessed Dragon,,,"[""yellow""]","[""德玛西亚""]","[""龙""]",[],"[""触发·进场"",""摧毁·单位""]",,当你打出我时，摧毁一名敌方单位。,"<p>When you play me, kill an enemy unit.</p>",8,2,6,稀有,OGN,驯服巨龙的意志，靠的不是蛮力，而是使命感。,,false,2026-06-18 15:11:45.129603+00,2026-08-10 07:41:29.350663+00,"[""单位""]",
40891cf4-f8aa-4ad7-971c-d80c5cf7b178,VEN-008,无情打击,Ruthless Strike,,,"[""red""]",,,"[""迅捷""]","[""费用·可选额外"",""牌库·弃牌"",""伤害·单体""]",,"{{迅捷}}（可在你的回合或法术对决中打出。）
你可以选择弃置一张手牌，作为打出此牌的额外费用。
对战场上的一名单位造成3点伤害。如果你支付了该额外费用，则改为对其造成5点伤害。","[Action] (Play on your turn or in showdowns.)
As an additional cost to play this, you may discard 1.
Deal 3 to a unit at a battlefield. If you paid the additional cost, deal 5 to it instead.",3,0,0,普通,VEN,既已选择摧毁，那就不要留情。,,false,2026-07-16 11:27:40.706485+00,2026-08-10 07:41:29.350663+00,"[""法术""]",
40da0061-12de-4dd0-b95f-f604b0dc0abf,VEN-092,雷克顿,Renekton,蛮荒巨兽,Brute,"[""orange""]","[""恕瑞玛""]",,"[""法盾"",""游走""]","[""主动·支付费用技能"",""战力·增强单体"",""战力·增强本回合"",""强化·强化"",""强化·已强化奖励"",""移动·单位""]",雷克顿,"支付{{1}}：给予我在本回合内{{S}}+1。
 当我的战力变为10或以上时，强化我。（如果我未被强化，则变为已强化状态。）
 {{已强化>}} 我获得{{法盾}}和{{游走}}。（对手必须支付{{A}}才能将我选作法术或技能的目标。我可以向其他战场进行移动。）",":rb_energy_1:: Give me +1 :rb_might: this turn.
When my Might becomes 10 or more, empower me. (I become Empowered if I'm not already.)
[Empowered][&gt;] I have [Deflect] and [Ganking]. (Opponents must pay :rb_rune_rainbow: to choose me with a spell or ability. I can move from battlefield to battlefield.)",5,0,4,史诗,VEN,,,false,2026-07-14 11:54:00.306963+00,2026-08-10 07:41:29.350663+00,"[""英雄单位""]",
40e30f52-fac8-4953-94c4-199800acaa5c,SFD-124,多兰之戒,Doran's Ring,,,"[""purple""]",[],"[""武装""]","[""装配""]","[""触发·征服"",""牌库·弃牌"",""牌库·抽牌""]",,"{{装配紫色}}（支付{{紫色}}：将此牌贴附到你控制的一名单位上。）
当我征服一处战场时，弃置一张手牌，然后抽一张牌。{{S}}+1","<p>[Equip] :rb_rune_chaos: (:rb_rune_chaos:: Attach this to a unit you control.)</p>
<p>When I conquer, discard 1, then draw 1.</p>
[S] +1",1,0,0,普通,SFD,,,false,2026-06-18 15:11:45.468662+00,2026-08-10 07:41:29.350663+00,"[""装备""]",
414f7a1c-b6b8-4bec-97e0-46892140307d,OGN-123,过载能量,Unchecked Power,,,"[""blue""]",[],[],[],"[""状态·休眠化"",""伤害·全场无差别""]",,让所有友方单位变为休眠状态，然后对所有战场上的单位各造成12点伤害。,"<p>Exhaust all friendly units, then deal 12 to ALL units at battlefields.</p>",7,2,0,史诗,OGN,够了。,,false,2026-06-18 15:11:45.129603+00,2026-08-10 07:41:29.350663+00,"[""法术""]",
4218c012-8937-48e0-a1f2-6baffaebefb0,UNL-184,狩猎律动,Thrill of the Hunt,,,"[""red"",""orange""]",[],[],"[""反应""]","[""牌库·放逐"",""费用·免费打出""]",雷恩加尔,"{{反应}}（可在任意时机打出，甚至先于其他法术和技能的结算。）
放逐一名友方单位，然后让其拥有者将其打出到任意一处战场，无视其费用。","<p>[Reaction] (Play any time, even before spells and abilities resolve.)<br />Banish a friendly unit, then its owner plays it to any battlefield, ignoring its cost.</p>",2,1,0,史诗,UNL,"“多么辉煌的狩猎啊！”
——雷恩加尔",,false,2026-06-18 15:11:45.821819+00,2026-08-10 07:41:29.350663+00,"[""专属法术""]",
42bac724-0709-4092-930c-1edd5ed19d4f,VEN-117,慎的弟子,Disciple of Shen,,,"[""yellow""]","[""艾欧尼亚""]",,"[""待命"",""坚守3""]","[""战力·条件加成""]",,"{{待命}}（支付{{A}}正面朝下放置此牌，之后可支付{{0}}将其当作反应牌打出。）
如果我所在的战场上受你控制的其他单位有且仅有一个，则我获得{{坚守3}}。（如果我是防守方，则{{S}}+3。）","[Hidden] (Hide now for :rb_rune_rainbow: to react with later for :rb_energy_0:.)
I have [Shield 3] while I'm at a battlefield with exactly one other unit you control. (+3 :rb_might: while I'm a defender.)",2,0,1,普通,VEN,即使是暮光本尊，也有亲传弟子。,,false,2026-07-15 12:42:50.861849+00,2026-08-10 07:41:29.350663+00,"[""单位""]",
42ef9c5b-b5ec-45b4-aa09-20722067ab32,SFD-093,无畏先锋,Dauntless Vanguard,,,"[""orange""]","[""德玛西亚""]","[""精锐""]",[],"[""位置·开放战场""]",,你可以选择将我打出到敌方控制的战场。,<p>You may play me to an occupied enemy battlefield.</p>,4,1,4,普通,SFD,德玛西亚，使命必达！,,false,2026-06-18 15:11:45.468662+00,2026-08-10 07:41:29.350663+00,"[""单位""]",
43091d0d-b8fd-43c3-9ab8-bbce48326680,OGN-159,沃里克,Warwick,追猎者,Hunter,"[""orange""]","[""祖安""]","[""犬形""]",[],"[""状态·以活跃进场"",""触发·进攻"",""摧毁·单位""]",沃里克,"我以活跃状态进场。
当我进攻时，摧毁此处所有已受伤的敌方单位。","<p>I enter ready.<br />When I attack, kill all damaged enemy units here.</p>",6,1,5,稀有,OGN,“血在流······一个不留。”,,false,2026-06-18 15:11:45.129603+00,2026-08-10 07:41:29.350663+00,"[""英雄单位""]",
43103cf6-2bc1-458a-8a5d-997641c48162,OGN-172,责退,Rebuke,,,"[""purple""]",[],[],"[""迅捷""]","[""互动·返回手牌""]",,"{{迅捷}}（可在你的回合或法术对决中打出。）
让一名战场上的单位返回其所属的手牌。",<p>[Action] (Play on your turn or in showdowns.)<br />Return a unit at a battlefield to its owner's hand.</p>,2,2,0,普通,OGN,“滚回去。”,,false,2026-06-18 15:11:45.129603+00,2026-08-10 07:41:29.350663+00,"[""法术""]",
43106fe3-343a-4507-a924-1b46fb56bcea,OGN-292,幻梦之树,The Dreaming Tree,,,"[""colorless""]",,,,"[""触发·被选为目标"",""牌库·抽牌"",""频率·每回合限一次""]",,每回合首次，当玩家将此处的一名友方单位选为法术目标时，该玩家抽一张牌。,"<p>When a player chooses a friendly unit here with a spell for the first time each turn, they draw 1.</p>",0,0,0,不凡,OGN,,,true,2026-06-18 15:11:45.129603+00,2026-08-11 04:32:05.530677+00,"[""战场""]",1
431fa3b1-7624-47a1-abbc-801780d0744c,OGN-102,传送门大营救,Portal Rescue,,,"[""blue""]",[],[],"[""迅捷""]","[""牌库·放逐"",""互动·召回基地"",""费用·免费打出""]",,"{{迅捷}}（可在你的回合或法术对决中打出。）
放逐一名友方单位，然后让其拥有者将它打出到其所属的基地，无视费用。","<p>[Action] (Play on your turn or in showdowns.)<br />Banish a friendly unit, then its owner plays it to their base, ignoring its cost.</p>",3,1,0,不凡,OGN,"“这些传送门会通往哪里？说起来，我还从来没问过呢。”
——诺拉",,false,2026-06-18 15:11:45.129603+00,2026-08-10 07:41:29.350663+00,"[""法术""]",
4328ba92-6e88-4f57-9416-005cbef298f3,SFD-146,薇古丝,Vex,郁郁,Cheerless,"[""purple""]","[""暗影岛""]","[""约德尔人""]",[],"[""持续·光环常驻"",""费用·减费"",""费用·加费""]",薇古丝,如果我处于战斗中，则所有友方法术的费用减少{{1}}和{{A}}，不得低于{{1}}，而所有敌方法术的费用增加{{1}}和{{A}}。,"<p>While I'm in combat, friendly spells cost :rb_energy_1::rb_rune_rainbow: less to a minimum of :rb_energy_1:, and enemy spells cost :rb_energy_1::rb_rune_rainbow: more.</p>",5,1,5,稀有,SFD,“我要把每张笑脸都拉长。”,,false,2026-06-18 15:11:45.468662+00,2026-08-10 07:41:29.350663+00,"[""英雄单位""]",
4350e287-bad6-4452-a83a-efea2dcd325a,VEN-140,我流奥义！隼舞,Shuriken Flip,,,"[""red"",""green""]",,,"[""流转""]","[""伤害·单体"",""移动·单位"",""牌库·打出"",""费用·可选额外"",""牌库·放逐""]",阿卡丽,"对战场上最多一名敌方单位造成2点伤害，然后移动一名友方单位。
{{流转3A}}（你可以选择支付此牌的流转费用，以此将其从你的废牌堆中打出。然后将其放逐。）","Deal 2 to up to one enemy unit at a battlefield, then move a friendly unit.
[Flow] :rb_energy_3::rb_rune_rainbow: (You may play this from your trash for its Flow cost. Then banish it.)",1,1,0,史诗,VEN,"“他们别想阻止我。当然，他们可以想想。”
——阿卡丽",,false,2026-07-10 11:00:46.719761+00,2026-08-10 07:41:29.350663+00,"[""专属法术""]",
43a0b669-f342-4cb2-941a-06d1279b181a,SFD-221,月帷祭坛,Veiled Temple,,,"[""colorless""]",[],[],[],"[""触发·征服"",""状态·激活""]",,当你征服此处时，你可以选择让一件友方装备变为活跃状态。如果它是一件武装，则你可以选择将其卸除。,"<p>When you conquer here, you may ready a friendly gear. If it's an Equipment, you may detach it.</p>",0,0,0,不凡,SFD,,,false,2026-06-18 15:11:45.821819+00,2026-08-11 04:32:05.530677+00,"[""战场""]",1
43ebe06f-53ed-4b19-9e4b-12417940f36a,OGN-210,莽莽魄罗,Daring Poro,,,"[""yellow""]",[],"[""魄罗""]","[""强攻""]",[],,{{强攻}}（如果我是进攻方，则{{S}}+1。）,<p>[Assault] (+1 :rb_might: while I'm an attacker.)</p>,2,0,2,普通,OGN,别担心，他们可喜欢了！,,false,2026-06-18 15:11:45.129603+00,2026-08-10 07:41:29.350663+00,"[""单位""]",
43f0d99a-b339-4a28-a894-0b56579307cf,SFD-019,装配架,Assembly Rig,,,"[""red""]",[],[],[],"[""主动·横置技能"",""主动·支付费用技能"",""牌库·回收"",""衍生·单位""]",,支付{{1}}和{{红色}}，从你的废牌堆中回收一名单位，{{横置}}：打出一名3{{S}}的“机器人”到你的基地。,"<p>:rb_energy_1::rb_rune_fury:, Recycle a unit from your trash, :rb_exhaust:: Play a 3 :rb_might: Mech unit token to your base.</p>",4,0,0,稀有,SFD,“真不敢相信，这么好的东西都有人扔！”,,false,2026-06-18 15:11:45.468662+00,2026-08-10 07:41:29.350663+00,"[""装备""]",
4400b9a2-652f-4a48-b01c-ab6b0b0cf2fb,VEN-093,均衡渡命人,Kinkou Lifeblade,,,"[""purple""]","[""艾欧尼亚""]",,"[""强化"",""游走""]","[""强化·强化"",""强化·已强化奖励"",""战力·增强单体"",""战力·永久成长"",""移动·单位""]",,"{{强化2}}（支付{{2}}：强化我。仅在未强化时可用。）
{{已强化>}} 我获得{{S}}+1和{{游走}}。（我可以向其他战场进行移动。）","[Empower] :rb_energy_2: (:rb_energy_2:: Empower me. Use only if not Empowered.)
[Empowered][&gt;] I have +1 :rb_might: and [Ganking]. (I can move from battlefield to battlefield.)",4,0,4,普通,VEN,他的生命已经与这把剑密不可分。,,false,2026-07-09 16:49:03.36084+00,2026-08-10 07:41:29.350663+00,"[""单位""]",
44102b88-31c9-4c89-9505-f826adac66ec,SFD-072,滑板高手,Dropboarder,,,"[""blue""]","[""祖安""]",[],[],"[""触发·进场"",""状态·激活""]",,当你打出我时，如果你控制着不少于两件装备，则让我变为活跃状态。,"<p>When you play me, if you control two or more gear, ready me.</p>",4,0,4,不凡,SFD,皮尔特沃夫向来以进步之城自居，但野火帮的存在，证明了祖安的创造力也毫不逊色。,,false,2026-06-18 15:11:45.468662+00,2026-08-10 07:41:29.350663+00,"[""单位""]",
4434e872-8a97-411c-a904-1e4adb57fb39,VEN-009,巴凯收割者,Baccai Reaper,,,"[""red""]","[""恕瑞玛""]",,"[""强攻2""]","[""触发·进攻"",""费用·可选额外"",""战力·条件加成"",""战力·增强本回合""]",,当我进攻时，你可以选择支付{{红色}}，以此给予我在本回合内{{强攻2}}。（如果我是进攻方，则{{S}}+2。）,"When I attack, you may pay :rb_rune_fury: to give me [Assault 2] this turn. (+2 :rb_might: while I'm an attacker.)",3,1,4,不凡,VEN,恕瑞玛的飞升天神战士们，往往对这些“下等”同伴充满怜悯。,,false,2026-07-09 16:49:03.36084+00,2026-08-10 07:41:29.350663+00,"[""单位""]",
44480c9a-1b8a-4cda-bdaf-9353f10262a0,UNL-129,凶残颚鱼,Vicious Snapjaws,,,"[""purple""]","[""比尔吉沃特""]",[],[],"[""触发·摧毁"",""经验·获得""]",,当另一名友方单位被摧毁时，获得1经验。,"<p>When another friendly unit dies, gain 1 XP.</p>",5,0,5,普通,UNL,它们不分敌友，只分能否下口。,,false,2026-06-18 15:11:46.036748+00,2026-08-10 07:41:29.350663+00,"[""单位""]",
444da3b6-c10e-480c-96bf-175fe84a2ffe,OGN-284,力量方尖碑,Obelisk of Power,,,"[""colorless""]",,,,"[""触发·回合开始"",""符文·召出""]",,每名玩家在各自的第一个回合开始阶段，额外召出一枚符文。,"<p>At the start of each player's first Beginning Phase, that player channels 1 rune.</p>",0,0,0,不凡,OGN,,,true,2026-06-18 15:11:45.129603+00,2026-08-11 04:32:05.530677+00,"[""战场""]",1
44afdc4d-7855-4745-a55a-e56a433546ac,OGN-273,随从（祖安）,Recruit (ZN),,,"[""colorless""]",[],[],[],,随从,,,0,0,1,普通,OGN,“我们，即是未来。”,,false,2026-06-18 15:11:45.129603+00,2026-08-08 06:06:41.348392+00,"[""指示物单位""]",
44b81f44-d579-4a9c-bf99-29164c153e8f,UNL-086,基兰,Zilean,时间法师,Time Mage,"[""blue""]","[""艾卡西亚""]",[],[],"[""频率·每回合限一次"",""持续·光环常驻"",""衍生·单位"",""复制·效果技能""]",基兰,每回合限一次，如果我位于战场上，若你要打出一名指示物单位，则你可以选择改为打出该指示物单位和它的一名复制体。,"<p>Once each turn, if you would play a token unit while I'm at a battlefield, you may play that token and an additional copy of it instead.</p>",5,1,5,稀有,UNL,“我觉得我以前做过这件事。”,,false,2026-06-18 15:11:45.821819+00,2026-08-10 07:41:29.350663+00,"[""英雄单位""]",
44c20656-228a-4710-98ae-1526f490a255,UNL-T03,草丛,Brush,,,"[""colorless""]",[],[],[],"[""持续·光环常驻"",""战力·增强群体"",""特性·属性联动""]",,"此处的“鸟类”、“猫科”、“犬形”、“魄罗”属性单位和艾翁单位获得{{S}}+1。
当你在此处得分时，你可以选择使用被此牌替代的战场来替代此牌。","<p>Bird, Cat, Dog, Poro, and Ivern units here have +1 :rb_might:.<br />When you score here, you may replace this with the battlefield it replaced.</p>",0,0,0,普通,UNL,,,false,2026-06-18 15:11:45.821819+00,2026-08-10 07:41:29.350663+00,"[""指示物战场""]",
44c96fe2-b93d-4d05-9206-76fd870a9a2b,UNL-207,业余排练厅,Amateur Recital,,,"[""colorless""]",[],[],[],"[""触发·据守"",""移动·单位"",""互动·召回基地""]",,当你据守此处时，你可以选择将战场上的一名单位移动到其基地。,"<p>When you hold here, you may move a unit at a battlefield to its base.</p>",0,0,0,不凡,UNL,,,false,2026-06-18 15:11:46.036748+00,2026-08-11 04:32:05.530677+00,"[""战场""]",1
45321100-e65f-4d04-a384-6ebca07a3a02,OGN-266,虹吸能量,Siphon Power,,,"[""blue"",""yellow""]",[],[],"[""反应""]","[""战力·增强群体"",""战力·增强本回合"",""战力·削弱""]",维克托,"{{反应}}（可在任意时机打出，甚至先于其他法术和技能的结算。）
选择一个战场，让该处的所有友方单位{{S}}+1，而敌方单位{{S}}-1，不得低于1{{S}}，直到回合结束。","<p>[Reaction] (Play any time, even before spells and abilities resolve.)<br />Choose a battlefield. Give friendly units there +1 :rb_might: this turn and enemy units there -1 :rb_might: this turn, to a minimum of 1 :rb_might:.</p>",2,1,0,史诗,OGN,,,false,2026-06-18 15:11:45.129603+00,2026-08-10 07:41:29.350663+00,"[""专属法术""]",
454d3528-2270-4889-a72b-a5e2497f9ca0,SFD-191,灭世者的死亡之冠,Rabadon's Deathcrown,,,"[""green"",""blue""]",[],"[""武装""]","[""装配"",""唯我""]","[""持续·光环常驻"",""伤害·法术伤害加成""]",奥恩,"{{唯我}}（你的卡组中只能拥有一张同名的此牌。）
{{装配A}}（支付{{A}}：将此牌贴附到你控制的一名单位上。）
你的法术和技能造成的伤害+3（如果已贴附此牌）。{{S}}+3","<p>[Unique] (Your deck can have only 1 card with this name.)<br />[Equip] :rb_rune_rainbow: (:rb_rune_rainbow:: Attach this to a unit you control.)</p>
<p>Your spells and abilities deal 3 Bonus Damage (while this is attached).</p>
[S] +3",4,2,0,史诗,SFD,,,false,2026-06-18 15:11:45.821819+00,2026-08-10 21:47:09.137578+00,"[""专属装备""]",1
45577b6e-4a73-4a66-b3c4-896de97f3853,UNL-217,捕猎场,Trapping Grounds,,,"[""colorless""]",[],[],"[""法盾""]","[""触发·征服"",""伤害·过量伤害联动"",""衍生·单位""]",,当你征服此处时，如果你给敌方单位分配了不低于3点的过量伤害，则打出一名1{{S}}“战鹰”，它拥有{{法盾}}。,"<p>When you conquer here, if you assigned 3 or more excess damage, play a 1 :rb_might: Bird unit token with [Deflect].</p>",0,0,0,不凡,UNL,,,false,2026-06-18 15:11:45.821819+00,2026-08-11 04:32:05.530677+00,"[""战场""]",1
45625ab9-3b5b-4507-b806-5fe361d17bf7,OGN-128,决斗,Challenge,,,"[""orange""]",[],[],"[""迅捷""]","[""伤害·等同战力""]",,"{{迅捷}}（可在你的回合或法术对决中打出。）
选择任意一名友方和一名敌方单位，让这两名单位相互以自身战力给对方造成伤害。",<p>[Action] (Play on your turn or in showdowns.)<br />Choose a friendly unit and an enemy unit. They deal damage equal to their Mights to each other.</p>,2,1,0,普通,OGN,“明明是他先还手的！”,,false,2026-06-18 15:11:45.129603+00,2026-08-10 07:41:29.350663+00,"[""法术""]",
4567d303-e5ed-4de0-b245-7372a52e160a,SFD-053,迦娜,Janna,救世之灵,Savior,"[""green""]","[""祖安""]",[],"[""反应""]","[""触发·进场"",""保护·抵挡伤害"",""移动·敌方"",""互动·召回基地""]",迦娜,"{{反应}}（可在任意时机打出，甚至先于其他法术和技能的结算，并能打出到你控制的战场。）
当你打出我时，为此处你的所有单位移除伤害，然后将最多一名敌方单位从此处移动到其所属的基地。","<p>[Reaction] (Play any time, even before spells and abilities resolve, including to a battlefield you control.)<br />When you play me, heal your units here, then move up to one enemy unit from here to its base.</p>",3,1,3,稀有,SFD,“风暴就要来临了！”,,false,2026-06-18 15:11:45.821819+00,2026-08-10 07:41:29.350663+00,"[""英雄单位""]",
45e097c9-5b96-431e-a98c-50617d5e3373,SFD-062,泡泡机,Bubble Bot,,,"[""blue""]","[""班德尔城""]","[""约德尔人"",""机械""]",[],"[""触发·进场"",""状态·激活"",""特性·属性联动""]",,当你打出我时，让另一名友方“机械”属性单位变为活跃状态。,"<p>When you play me, ready another friendly Mech.</p>",3,0,3,普通,SFD,初代泡泡机只是废品场里一个恶作剧的产物，但第二代很快就取代了闹铃，为人们提供叫醒服务。,,false,2026-06-18 15:11:45.468662+00,2026-08-10 07:41:29.350663+00,"[""单位""]",
46025dd9-6989-4da1-b8b5-d489e7af4a40,SFD-035,幽径守卫,Guardian of the Passage,,,"[""green""]","[""暗影岛""]","[""灵体""]",[],"[""触发·据守"",""牌库·回收""]",,当我据守一处战场时，你可以选择让你废牌堆里的一名单位或一件装备返回你的手牌。,"<p>When I hold, you may return a unit or gear from your trash to your hand.</p>",6,0,6,普通,SFD,在暗影岛，存亡的界限纤如薄纱。,,false,2026-06-18 15:11:45.468662+00,2026-08-10 07:41:29.350663+00,"[""单位""]",
46239991-46a2-4ba5-bc61-7b612a892aec,FND-265,奥术先驱,Herald of the Arcane,,,"[""blue"",""yellow""]",,,,"[""主动·横置技能"",""主动·支付费用技能"",""衍生·单位""]",维克托,支付{{1}}，{{横置}}：打出一名1{{S}}的“随从”。,":rb_energy_1:, :rb_exhaust:: Play a 1 :rb_might: Recruit unit token.",0,0,0,稀有,FND,,,false,2026-06-18 15:11:45.129603+00,2026-08-11 04:32:05.530677+00,"[""传奇""]",1
46452ec7-6f97-45ef-9dd3-3dfd3108b326,OGN-244,圣裁之刻,Divine Judgment,,,"[""yellow""]",[],[],[],"[""互动·返回手牌"",""牌库·弃牌""]",,每名玩家分别选择两名单位、两件装备、两枚符文和自己的两张手牌。回收其余的单位、装备、符文和手牌。,"<p>Each player chooses 2 units, 2 gear, 2 runes, and 2 cards in their hands. Recycle the rest.</p>",7,2,0,史诗,OGN,公平，不一定代表平等。,,false,2026-06-18 15:11:45.129603+00,2026-08-10 07:41:29.350663+00,"[""法术""]",
46cbbec4-31f0-48bb-9056-6f0c9ccd2596,OGN-086,宝石巨像,Jeweled Colossus,,,"[""blue""]","[""巨神峰""]",[],"[""坚守"",""预知""]","[""牌库·查看"",""牌库·放回""]",,"{{预知}}（当你打出我时，查看主牌堆顶部的一张牌，你可以选择将其回收。）
{{坚守}}（如果我是防守方，则{{S}}+1。）","<p>[Vision] (When you play me, look at the top card of your Main Deck. You may recycle it.)<br />[Shield] (+1 :rb_might: while I'm a defender.)</p>",5,0,5,普通,OGN,,,false,2026-06-18 15:11:45.468662+00,2026-08-10 07:41:29.350663+00,"[""单位""]",
46cefab3-7cd3-47e0-b69a-e0794044ced0,OGN-169,罡风,Gust,,,"[""purple""]",[],[],"[""反应""]","[""互动·返回手牌""]",,"{{反应}}（可在任意时机打出，甚至先于其他法术和技能的结算。）
让战场上一名不高于3{{S}}的单位返回其所属的手牌。","<p>[Reaction] (Play any time, even before spells and abilities resolve.)<br />Return a unit at a battlefield with 3 :rb_might: or less to its owner's hand.</p>",1,0,0,普通,OGN,,,false,2026-06-18 15:11:45.129603+00,2026-08-10 07:41:29.350663+00,"[""法术""]",
47a422bb-08f7-4bb9-a02d-684e8bb9fade,VEN-002,旋风剑客,Blade Twirler,,,"[""red""]","[""艾欧尼亚""]","[""约德尔人""]","[""燃烧1""]","[""频率·每回合限一次"",""触发·移动"",""牌库·燃烧""]",,每回合首次，当我移动时，选择一名玩家。该玩家{{燃烧1}}。（该玩家将其主牌堆顶部的一张牌放入其废牌堆。）,"The first time I move each turn, choose a player. They [Burn 1]. (They put the top card of their Main Deck into their trash.)",4,0,4,普通,VEN,“无须出鞘，此斩已成。”,,false,2026-07-09 16:49:03.36084+00,2026-08-10 07:41:29.350663+00,"[""单位""]",
47cda7e6-4016-4fe7-8091-3516090d567d,VEN-085,力量箴言,Decree of Strength,,,"[""orange""]",,,,"[""干扰·展示手牌"",""干扰·弃对手手牌""]",,选择一名对手。让其展示手牌，你从中选择一张具有灵光（{{蓝色}}）特性的卡牌。让其将该卡牌回收。,Choose an opponent. They reveal their hand and you choose a Mind (:rb_rune_mind:) card from it. They recycle that card.,1,0,0,稀有,VEN,只要把墙砸穿，就不用走迷宫了。,,false,2026-07-17 11:50:11.953074+00,2026-08-10 07:41:29.350663+00,"[""法术""]",
47ef931b-787d-4afe-b5ad-5d331c9a3e92,OGN-216,侦察飞鹰,Soaring Scout,,,"[""yellow""]","[""弗雷尔卓德""]","[""鸟类""]","[""绝念""]","[""触发·摧毁"",""符文·召出""]",,{{绝念}}—召出一枚休眠的符文。（当我被摧毁后，发动此效果。）,"<p>[Deathknell] — Channel 1 rune exhausted. (When I die, get the effect.)</p>",2,0,1,普通,OGN,"“为我指路！”
——艾希",,false,2026-06-18 15:11:45.129603+00,2026-08-10 07:41:29.350663+00,"[""单位""]",
48282285-b957-4a25-88a2-3b786add588f,OGN-139,云丛的希思莉亚,Cithria of Cloudfield,,,"[""orange""]","[""德玛西亚""]","[""精锐""]",[],"[""触发·打出"",""增益·给予""]",,每当你打出另一名单位时，给予我增益。（如果我未拥有增益，则获得一个{{S}}+1增益。）,"<p>When you play another unit, buff me. (If I don't have a buff, I get a +1 :rb_might: buff.)</p>",2,0,1,不凡,OGN,每个故事的开端，都是平平无奇的。,,false,2026-06-18 15:11:45.129603+00,2026-08-10 07:41:29.350663+00,"[""单位""]",
4887c4b2-8338-4f8c-900a-4bdfcf3fe78a,OGS-015,共同献身,Recruit the Vanguard,,,"[""yellow""]",[],[],"[""迅捷""]","[""衍生·单位""]",,"{{迅捷}}（可在你的回合或法术对决中打出。）
打出四名1{{S}}的“随从”。（可以将其打出到你的基地或你已控制的战场。）",<p>[Action] (Play on your turn or in showdowns.)<br />Play four 1 :rb_might: Recruit unit tokens. (They can be played to your base or to battlefields you control.)</p>,6,0,0,不凡,OGS,"“人在塔在！”
——盖伦",,false,2026-06-18 15:11:45.129603+00,2026-08-10 07:41:29.350663+00,"[""法术""]",
48b2ec62-7d93-4ccb-ad05-f8f1ad5a5a30,OGN-061,魄罗牧者,Poro Herder,,,"[""green""]","[""弗雷尔卓德""]",[],[],"[""触发·进场"",""特性·属性联动"",""增益·给予"",""牌库·抽牌""]",,当你打出我时，如果你场上拥有“魄罗“属性单位，则给予我增益并抽一张牌。（如果我未拥有增益，则获得一个{{S}}+1增益。）,"<p>When you play me, if you control a Poro, buff me and draw 1. (If I don't have a buff, I get a +1 :rb_might: buff.)</p>",3,1,3,不凡,OGN,魄罗成团，万事不难。,,false,2026-06-18 15:11:45.129603+00,2026-08-10 07:41:29.350663+00,"[""单位""]",
48e8c2b4-05cb-4887-844f-e37680ff8c33,VEN-070,残暴猎手,Brutal Hunter,,,"[""orange""]","[""诺克萨斯""]",,"[""强化"",""游走""]","[""强化·强化"",""强化·已强化奖励"",""战力·增强单体"",""战力·永久成长"",""移动·单位""]",,"{{强化3}}（支付{{3}}：强化我。仅在未强化时可用。）
{{已强化>}} 我获得{{S}}+2和{{游走}}。（我可以向其他战场进行移动。）","[Empower] :rb_energy_3: (:rb_energy_3:: Empower me. Use only if not Empowered.)
[Empowered][&gt;] I have +2 :rb_might: and [Ganking]. (I can move from battlefield to battlefield.)",3,1,4,普通,VEN,她带回的战利品，往往……很难辨认。,,false,2026-07-14 11:54:00.306963+00,2026-08-10 07:41:29.350663+00,"[""单位""]",
48eabe35-9ca2-4468-bc16-1e26229b16e8,UNL-199,诡术妖姬,Deceiver,,,"[""blue"",""yellow""]",[],[],"[""瞬息""]","[""触发·征服"",""触发·据守"",""牌库·弃牌"",""状态·休眠化"",""衍生·单位"",""复制·效果技能"",""状态·以活跃进场""]",乐芙兰,当你征服或据守一处战场时，你可以选择弃置一张手牌并让我变为休眠状态，以此在该处打出一名处于活跃状态的“映像”。然后进行一次：该“映像”变为该处另一名单位的复制体。让其获得{{瞬息}}。,"<p>When you conquer or hold, you may discard 1 and exhaust me to play a ready Reflection unit token there. Then do this: It becomes a copy of another unit there. Give it [Temporary].</p>",0,0,0,稀有,UNL,,,false,2026-06-18 15:11:45.821819+00,2026-08-11 04:32:05.530677+00,"[""传奇""]",1
4939aefc-85a3-4696-8178-98d52ac07c37,UNL-077,牧魂人,Soul Shepherd,,,"[""blue""]","[""暗影岛""]",[],[],"[""持续·光环常驻"",""战力·增强群体""]",,你的指示物单位获得{{S}}+1。,<p>Your token units have +1 :rb_might:.</p>,5,0,3,不凡,UNL,牧者怪，被牧者更怪。,,false,2026-06-18 15:11:45.821819+00,2026-08-10 07:41:29.350663+00,"[""单位""]",
497a1faf-43fa-4ac6-b775-ac0b945c7967,UNL-027,天声玄龙,Inviolus Vox,,,"[""red""]","[""巨神峰""]","[""龙""]",[],"[""触发·征服"",""战力·增强单体"",""战力·增强本回合""]",,当我征服一处战场时，让一名友方单位本回合内{{S}}+8。,"<p>When I conquer, give a friendly unit +8 :rb_might: this turn.</p>",8,2,8,史诗,UNL,"“战也好，逃也罢，哪怕俯首膜拜都无济于事！我们终将被他的火焰吞噬，化为灰烬！”
——唤龙使者",,false,2026-06-18 15:11:45.821819+00,2026-08-10 07:41:29.350663+00,"[""单位""]",
4a249f4c-8ac7-4a10-9c2b-b94e2af473e0,UNL-087,苍蓝雕纹魔像,Blue Sentinel,,,"[""blue""]","[""巨神峰""]",[],"[""坚守2"",""获得""]","[""触发·据守"",""资源·获得费用""]",,"{{坚守2}}（如果我是防守方，则{{S}}+2。）
你据守此处时的据守效果额外触发一次。
当我据守一处战场时，在你的下一个主阶段开始时{{获得}}{{A}}。（获得费用资源的技能无法成为其他法术的反应目标。）","<p>[Shield 2] (+2 :rb_might: while I'm a defender.)<br />Your hold effects for holding here trigger an additional time.<br />When I hold, [Add] :rb_rune_rainbow: at the start of your next Main Phase. (Abilities that add resources can't be reacted to.)</p>",4,1,4,史诗,UNL,,,false,2026-06-18 15:11:45.821819+00,2026-08-10 07:41:29.350663+00,"[""单位""]",
4a2aba31-2c63-4674-9d9b-766155017289,OGN-079,蕾欧娜,Leona,献身者,Zealot,"[""green""]","[""巨神峰""]",[],[],"[""状态·以活跃进场"",""战力·削弱"",""持续·光环常驻""]",蕾欧娜,"如果对手的得分距离胜利得分不超过3分，则我以活跃状态进场。
此处被眩晕的敌方单位{{S}}-8,不得低于1{{S}}。","<p>If an opponent's score is within 3 points of the Victory Score, I enter ready.<br />Stunned enemy units here have -8 :rb_might:, to a minimum of 1 :rb_might:.</p>",6,1,6,史诗,OGN,“享受太阳的荣耀吧！”,,false,2026-06-18 15:11:45.129603+00,2026-08-10 07:41:29.350663+00,"[""英雄单位""]",
4a86a4f9-b9da-40a3-a931-23b2f8237f50,VEN-147,暮光之眼,Eye of Twilight,,,"[""green"",""yellow""]",,,"[""迅捷"",""壁垒""]","[""主动·横置技能"",""战力·增强单体"",""战力·增强本回合""]",慎,{{迅捷>}}{{横置}}：给予一名友方单位在本回合内{{壁垒}}。（其在战斗中首先承担伤害。）,[Action][&gt;] :rb_exhaust:: Give a friendly unit [Tank] this turn. (It must be assigned combat damage first.),0,0,0,稀有,VEN,,,false,2026-07-10 11:00:46.719761+00,2026-08-11 04:32:05.530677+00,"[""传奇""]",1
4aa285e2-846b-4f51-9a70-ca6cb4added1,SFD-008,哨兵好手,Sentinel Adept,,,"[""red""]","[""暗影岛""]","[""哨兵""]","[""装配"",""百炼""]","[""费用·减费""]",,{{百炼}}（当你打出我时，你可以选择为我{{装配}}你的一件武装，其装配费用减少{{A}}。可选择已贴附的武装。）,"<p>[Weaponmaster] (When you play me, you may [Equip] one of your Equipment to me for :rb_rune_rainbow: less, even if it's already attached.)</p>",3,0,3,普通,SFD,“轮到我了。”,,false,2026-06-18 15:11:45.468662+00,2026-08-10 07:41:29.350663+00,"[""单位""]",
4b1d0aa7-5199-49d3-b934-4ca4ebfddce5,UNL-201,虚空掠夺者,Voidreaver,,,"[""orange"",""purple""]",[],[],"[""增益""]","[""触发·战斗"",""经验·获得"",""经验·消耗"",""主动·横置技能"",""增益·给予"",""移动·单位"",""互动·召回基地""]",卡兹克,"当你赢得一场战斗时，获得1经验。
消耗1经验，{{横置}}：给予一名单位{{增益}}。
消耗2经验，{{横置}}：将战场上一名处于休眠状态的友方单位移动到其基地。","<p>When you win a combat, gain 1 XP.<br />Spend 1 XP, :rb_exhaust:: [Buff] a unit.<br />Spend 2 XP, :rb_exhaust:: Move an exhausted friendly unit from a battlefield to its base.</p>",0,0,0,稀有,UNL,,,false,2026-06-18 15:11:45.821819+00,2026-08-11 04:32:05.530677+00,"[""传奇""]",1
4b759f36-2578-4dab-93df-f42bb4007842,VEN-T06,触手,,,,"[""colorless""]",,,,,,,,0,0,1,普通,VEN,娜迦卡波洛丝意志的代行者。,,false,2026-07-09 16:49:03.36084+00,2026-07-16 07:29:52.575498+00,"[""指示物单位""]",
4c15a7c8-7d6b-4ce7-b104-89a55f7ce7ee,VEN-T02,金币,Gold,,,"[""colorless""]",,,"[""反应"",""获得""]","[""主动·横置技能"",""资源·获得费用"",""摧毁·装备""]",,{{反应>}} 摧毁此牌，{{横置}}：{{获得}}{{A}}。（获得费用资源的技能无法成为其他法术的反应目标。）,,0,0,0,普通,VEN,,,false,2026-07-09 16:49:03.36084+00,2026-08-10 10:09:53.626027+00,"[""指示物装备""]",
4c28871f-2383-4c23-986a-3ba43d245cbb,SFD-T02,黄沙士兵,Sand Soldier,,,"[""colorless""]","[""恕瑞玛""]",[],[],,,,,0,0,2,普通,SFD,它们不歇息；不迟疑；不退缩。,,false,2026-06-18 15:11:45.821819+00,2026-08-10 10:10:21.734628+00,"[""指示物单位""]",
4c2aaf35-9594-408e-a24e-26299be9a9ca,OGN-213,暗刃,Hidden Blade,,,"[""yellow""]",[],[],"[""待命"",""迅捷""]","[""摧毁·单位"",""牌库·抽牌""]",,"{{待命}}（支付{{A}}正面朝下放置此牌，之后可支付{{0}}将其当作反应牌打出。）
{{迅捷}}（可在你的回合或法术对决中打出。）
摧毁战场中的一名单位，然后让其控制者抽两张牌。",<p>[Hidden] (Hide now for :rb_rune_rainbow: to react with later for :rb_energy_0:.)<br />[Action] (Play on your turn or in showdowns.)<br />Kill a unit at a battlefield. Its controller draws 2.</p>,2,1,0,普通,OGN,并非每一条诺克萨斯法令都需要大声宣读。,,false,2026-06-18 15:11:45.129603+00,2026-08-10 07:41:29.350663+00,"[""法术""]",
4c42cdd8-7ca1-41ff-b0b5-ea9a94ea4bd8,SFD-R05,混沌符文,,,,"[""purple""]",[],[],[],,,,,0,0,0,普通,SFD,,,false,2026-06-18 15:11:45.821819+00,2026-08-11 04:32:05.530677+00,"[""符文""]",12
4c86e9f3-55a6-441c-8499-b8166bdaa3a8,OGN-122,时间扭曲,Time Warp,,,"[""blue""]",[],[],[],"[""牌库·放逐""]",,在本回合后再进行一个回合。放逐此牌。,<p>Take a turn after this one. Banish this.</p>,10,4,0,史诗,OGN,"“两极反转！”
——艾克",,false,2026-06-18 15:11:45.468662+00,2026-08-10 07:41:29.350663+00,"[""法术""]",
4c897a28-bbeb-4e96-8558-3d8a98c6c91b,VEN-126,忍法！气合盾,Ki Barrier,,,"[""yellow""]",,,"[""反应""]","[""保护·抵挡伤害""]",,"{{反应}}（可在任意时机打出，甚至先于其他法术和技能的结算。）
选择一名单位。抵挡该单位在本回合内将受到的7点伤害。（对手可以分配额外战斗伤害来摧毁该单位。）","[Reaction] (Play any time, even before spells and abilities resolve.)
Choose a unit. Prevent the next 7 damage that would be dealt to it this turn. (Opponents can assign it extra combat damage to kill it.)",2,1,0,不凡,VEN,,,false,2026-07-09 16:49:03.36084+00,2026-08-10 07:41:29.350663+00,"[""法术""]",
4cae1a7c-94fa-4be5-9f0f-b00484d7250e,SFD-104,禁魔石丰碑,Petricite Monument,,,"[""orange""]",[],[],"[""法盾"",""瞬息""]","[""持续·光环常驻""]",,"{{瞬息}}（在其控制者的下个回合开始阶段，结算得分之前将其摧毁。）
友方单位获得{{法盾}}（对手必须支付{{A}}才能将其选作法术或技能的目标。）","<p>[Temporary] (Kill this at the start of its controller's Beginning Phase, before scoring.)<br />Friendly units have [Deflect]. (Opponents must pay :rb_rune_rainbow: to choose them with a spell or ability.)</p>",2,0,0,不凡,SFD,使用能吸收魔法的禁魔石筑成的丰碑。它们既保护着德玛西亚王国，也歌颂着它的荣耀。,,false,2026-06-18 15:11:45.821819+00,2026-08-10 07:41:29.350663+00,"[""装备""]",
4d6a7075-d219-41ad-b8cf-11010891784d,SFD-208,魄罗熔炉,Forge of the Fluft,,,"[""colorless""]",[],[],[],"[""持续·光环常驻"",""主动·横置技能""]",,如果此战场受你控制，则所有友方传奇获得“{{横置}}：将你控制的一件武装贴附到你控制的一名单位上。”,"<p>While you control this battlefield, friendly legends have "":rb_exhaust:: Attach an Equipment you control to a unit you control.""</p>",0,0,0,不凡,SFD,,,false,2026-06-18 15:11:45.821819+00,2026-08-11 04:32:05.530677+00,"[""战场""]",1
4db6aa2f-299a-471f-a009-bf08009223a6,OGN-235,卡尔玛,Karma,圣灵之媒,Channeler,"[""yellow""]","[""艾欧尼亚""]",[],"[""预知""]","[""牌库·查看"",""牌库·放回"",""增益·给予""]",卡尔玛,"{{预知}}（当你打出我时，查看主牌堆顶部的一张牌，你可以选择将其回收。）

每当你将任意数量的卡牌回收到自己的主牌堆时，给予一名友方单位增益。（如果该单位未拥有增益，则获得一个{{S}}+1增益。符文不被视为卡牌。）","<p>[Vision] (When you play me, look at the top card of your Main Deck. You may recycle it.)<br />When you recycle one or more cards to your Main Deck, buff a friendly unit. (If it doesn't have a buff, it gets a +1 :rb_might: buff. Runes aren't cards.)</p>",6,1,6,稀有,OGN,“心神合一。”,,false,2026-06-18 15:11:45.129603+00,2026-08-10 07:41:29.350663+00,"[""英雄单位""]",
4dba4af1-a39f-45e8-8193-a6995164ba86,SFD-083,海克斯异常体,Hextech Anomaly,,,"[""blue""]",[],[],"[""反应"",""获得""]","[""主动·横置技能"",""资源·获得费用"",""费用·可选额外""]",,{{横置}}：{{反应}} — 支付任意数量的{{A}}来{{获得}}等量的法力。（获得费用资源的技能无法成为其他法术的反应目标。）,<p>:rb_exhaust:: [Reaction] — Pay any amount of :rb_rune_rainbow: to [Add] that much Energy. (Abilities that add resources can't be reacted to.)</p>,3,1,0,稀有,SFD,"“海克斯科技是能变革当下，但时代的进步绝不能以牺牲未来为代价！”
——黑默丁格",,false,2026-06-18 15:11:45.468662+00,2026-08-10 07:41:29.350663+00,"[""装备""]",
4dbb1807-0bbf-4589-b38a-53b35dbaef30,VEN-003,极寒脆化,Brittle Steel,,,"[""red""]",,,"[""流转""]","[""摧毁·装备"",""牌库·打出"",""费用·可选额外"",""牌库·放逐""]",,"摧毁一件装备。
{{流转4红色}}（你可以选择支付此牌的流转费用，将其从你的废牌堆中打出。然后将其放逐。）","Kill a gear.
[Flow] :rb_energy_4::rb_rune_fury: (You may play this from your trash for its Flow cost. Then banish it.)",2,1,0,普通,VEN,严寒，是比岩石和钢铁更古老的武器。也会比它们存续得更久。,,false,2026-07-15 12:42:50.861849+00,2026-08-10 07:41:29.350663+00,"[""法术""]",
4e459445-3d78-4c49-8d94-99c56f3e3053,VEN-142,终极统治,Dominus,,,"[""red"",""orange""]",,,"[""迅捷""]","[""战力·调整"",""战力·增强本回合"",""费用·可选额外""]",雷克顿,"{{迅捷}}（可在你的回合或法术对决中打出。）
在本回合内，让一名单位的战力翻倍，并给予其“{{A}}{{A}}：让我变为活跃状态。”","[Action] (Play on your turn or in showdowns.)
This turn, double a unit's Might and give it &quot;:rb_rune_rainbow::rb_rune_rainbow:: Ready me.&quot;",4,0,0,史诗,VEN,"“你们将知道什么是痛苦！”
——雷克顿",,false,2026-07-10 11:00:46.719761+00,2026-08-10 07:41:29.350663+00,"[""专属法术""]",
4ec350c9-a1e2-409f-b1b7-a15f006a417c,OGN-029,星落,Falling Star,,,"[""red""]",[],[],[],"[""伤害·单体""]",,"对一名单位造成3点伤害。

对一名单位造成3点伤害。",<p>Deal 3 to a unit.<br />Deal 3 to a unit.</p>,2,2,0,稀有,OGN,,,false,2026-06-18 15:11:45.129603+00,2026-08-10 07:41:29.350663+00,"[""法术""]",
4f1ea2c8-d6ab-4fea-8143-d41c926e46a6,OGN-003,炼金太保,Chemtech Enforcer,,,"[""red""]","[""祖安""]",,"[""强攻2""]","[""触发·进场"",""牌库·弃牌""]",,"{{强攻2}}（如果我是进攻方，则{{S}}+2。）
当你打出我时，弃置一张手牌。","<p>[Assault 2] (+2 :rb_might: while I'm an attacker.)<br />When you play me, discard 1.</p>",2,0,2,普通,OGN,“开门，查通风管。”,"""Knock, knock.""",false,2026-06-18 15:11:45.129603+00,2026-08-10 07:41:29.350663+00,"[""单位""]",
4f8d9c30-c21d-4468-bad0-a527af56a470,VEN-043,钢爪,Steel Paws,,,"[""green""]","[""皮尔特沃夫""]","[""猫科""]","[""法盾"",""强化""]","[""强化·强化"",""强化·已强化奖励"",""战力·增强单体"",""战力·永久成长""]",,"{{法盾}}（对手必须支付{{A}}才能将我选作法术或技能的目标。）
{{强化7}}（支付{{7}}：强化我。仅在未强化时可用。）
{{已强化>}} 我获得{{S}}+7。","[Deflect] (Opponents must pay :rb_rune_rainbow: to choose me with a spell or ability.)
[Empower] :rb_energy_7: (:rb_energy_7:: Empower me. Use only if not Empowered.)
[Empowered][&gt;] I have +7 :rb_might:.",1,0,0,稀有,VEN,老鼠越变越大，小猫也要想办法。,,false,2026-07-13 14:11:02.122334+00,2026-08-10 07:41:29.350663+00,"[""单位""]",
4f9556dc-82a9-4891-ae39-16580c617542,OGN-031,狂暴龙怪,Raging Firebrand,,,"[""red""]","[""巨神峰""]","[""龙""]",[],"[""触发·进场"",""费用·减费""]",,当你打出我时，你在本回合内打出的下一个法术费用减少{{5}}。,"<p>When you play me, the next spell you play this turn costs :rb_energy_5: less.</p>",6,1,4,稀有,OGN,,,false,2026-06-18 15:11:45.468662+00,2026-08-10 07:41:29.350663+00,"[""单位""]",
4fc149db-7c85-4598-900f-51aaccb60b38,SFD-063,炼金科技桶,Chemtech Cask,,,"[""blue""]",[],[],[],"[""触发·打出"",""状态·休眠化"",""衍生·装备""]",,当你在对手的回合内打出一张法术牌时，你可以选择让我变为休眠状态，以此打出一个休眠的“金币”装备指示物。,"<p>When you play a spell on an opponent's turn, you may exhaust me to play a Gold gear token exhausted.</p>",1,0,0,普通,SFD,"“皮城人热衷香水，可祖安人就连呼吸都是奢侈。”
——烈娜塔·戈拉斯克",,false,2026-06-18 15:11:45.468662+00,2026-08-10 07:41:29.350663+00,"[""装备""]",
4ff894e8-12da-465a-ba61-49e5f3a5d67b,VEN-R01,炽烈符文,Fury Rune,,,"[""red""]",,,,,,,[NO TEXT],0,0,0,普通,VEN,,,false,2026-07-09 16:49:03.36084+00,2026-08-11 04:32:05.530677+00,"[""符文""]",12
4fffe2cf-4a3e-4e9f-a1ff-10d95d1ace3f,UNL-093,龙魂贤者,Dragonsoul Sage,,,"[""orange""]","[""艾欧尼亚""]",[],"[""反应"",""获得""]","[""主动·横置技能"",""资源·获得费用""]",,{{反应>}} {{横置}}：{{获得}}{{1}}。（获得费用资源的技能无法成为其他法术的反应目标。）,<p>[Reaction][>] :rb_exhaust:: [Add] :rb_energy_1:. (Abilities that add resources can't be reacted to.)</p>,2,0,1,普通,UNL,“龙的秘密我无权透露，我唯一能分享的，只有它赐予我的馈赠。”,,false,2026-06-18 15:11:46.036748+00,2026-08-10 07:41:29.350663+00,"[""单位""]",
50572ce5-bc1f-4ebc-9dba-30159b79ceaf,OGN-041,沃利贝尔,Volibear,震怒天声,Furious,"[""red""]","[""弗雷尔卓德""]",[],"[""法盾2""]","[""触发·进攻"",""伤害·群体""]",沃利贝尔,"{{法盾2}}（对手必须额外支付{{A}}{{A}}才能将我选为法术或技能的目标。）
当我进攻时，对此处的敌方单位造成共计5点伤害，可在多名敌方单位之间分摊。","<p>[Deflect 2] (Opponents must pay :rb_rune_rainbow::rb_rune_rainbow: to choose me with a spell or ability.)<br />When I attack, deal 5 damage split among any number of enemy units here.</p>",10,2,9,史诗,OGN,“我纵声咆哮，开山裂地！”,,false,2026-06-18 15:11:45.129603+00,2026-08-10 07:41:29.350663+00,"[""英雄单位""]",
508cce7c-f6bb-4aff-98b5-9647b14ee168,OGN-239,机械戏法师,Machine Evangel,,,"[""yellow""]","[""皮尔特沃夫""]",[],"[""绝念""]","[""触发·摧毁"",""衍生·单位""]",,{{绝念}}—打出三名1{{S}}的“随从”到你的基地。（当我被摧毁后，发动此效果。）,"<p>[Deathknell] — Play three 1 :rb_might: Recruit unit tokens into your base. (When I die, get the effect.)</p>",5,1,4,稀有,OGN,创造未来之人，往往无法亲眼得见未来的景象。,,false,2026-06-18 15:11:45.129603+00,2026-08-10 07:41:29.350663+00,"[""单位""]",
50b476f9-8efc-4fa5-9b42-12642f29b72e,VEN-123,织魂者,Soulspinner,,,"[""yellow""]","[""暗影岛""]","[""蜘蛛""]","[""伏击"",""反应""]",[],,{{伏击}}（你可以选择将我作为{{反应}}牌，打出到有己方单位的战场。）,[Ambush] (You may play me as a [Reaction] to a battlefield where you have units.),3,0,3,普通,VEN,被吃掉并不是最惨的命运。,,false,2026-07-20 10:23:59.547404+00,2026-08-10 07:41:29.350663+00,"[""单位""]",
50ee25a5-25a1-4a4c-938b-ddaa5229ea7a,UNL-028,派克,Pyke,码头屠夫,Dockside Butcher,"[""red""]","[""比尔吉沃特""]",[],"[""待命"",""游走""]","[""费用·可选额外"",""触发·进场"",""状态·激活"",""战力·增强单体"",""战力·增强本回合""]",派克,"{{待命}}（支付{{A}}正面朝下放置此牌，之后可支付{{0}}将其当作反应牌打出。）
{{游走}}（我可以向其他战场进行移动。）
你可以选择支付{{红色}}，作为打出我的额外费用。
当你打出我时，如果你支付了该额外费用，则让我变为活跃状态，并让我本回合内{{S}}+2。","<p>[Hidden] (Hide now for :rb_rune_rainbow: to react with later for :rb_energy_0:.)<br />[Ganking] (I can move from battlefield to battlefield.)<br />You may pay :rb_rune_fury: as an additional cost to play me.<br />When you play me, if you paid the additional cost, ready me and give me +2 :rb_might: this turn.</p>",3,0,2,史诗,UNL,“杀戮的一天，辛劳的一天。”,,false,2026-06-18 15:11:45.821819+00,2026-08-10 07:41:29.350663+00,"[""英雄单位""]",
513a85bd-f6b3-469c-8a19-c25b4b11d074,VEN-047,见习法师,Apprentice Mage,,,"[""blue""]","[""比尔吉沃特""]",,"[""强化"",""洞察2""]","[""强化·强化"",""强化·已强化奖励"",""牌库·查看"",""牌库·放回"",""战力·增强单体"",""战力·永久成长""]",,"{{强化2}}（支付{{2}}：强化我。仅在未强化时可用。）
当我变为{{已强化}}时，进行{{洞察2}}。（查看你主牌堆顶部的两张牌。你可以将其中任意卡牌回收，并将其余的卡牌按任意顺序放回原处。）
{{已强化>}} 我获得{{S}}+1。","[Empower] :rb_energy_2: (:rb_energy_2:: Empower me. Use only if not Empowered.)
When I become [Empowered], [Predict 2]. (Look at the top 2 cards of your Main Deck. Recycle any of them and put the rest back in any order.)
[Empowered][&gt;] I have +1 :rb_might:.",3,0,3,普通,VEN,,,false,2026-07-10 11:00:46.719761+00,2026-08-10 07:41:29.350663+00,"[""单位""]",
515d1fc9-abf6-4f94-91c1-f0b4147d9514,VEN-061,洞察箴言,Decree of Insight,,,"[""blue""]",,,"[""反应"",""法盾""]","[""战力·削弱""]",,"{{反应}}（可在任意时机打出，甚至先于其他法术和技能的结算。）
支付此法术的费用时，无视{{法盾}}。
给予一名具有摧破（{{橙色}}）特性的敌方单位在本回合内{{S}}-5。","[Reaction] (Play any time, even before spells and abilities resolve.)
Ignore [Deflect] while paying this spell's cost.
Give an enemy Body (:rb_rune_body:) unit -5 :rb_might: this turn.",1,0,0,稀有,VEN,蛮力只堪粗凿，灵心方可雕龙。,,false,2026-07-09 16:49:03.36084+00,2026-08-10 07:41:29.350663+00,"[""法术""]",
517b23b9-a45f-4918-8566-d17944e7757a,VEN-103,往日阴影,Shadows of the Past,,,"[""purple""]",,,,"[""牌库·回收""]",,让最多两名单位从任意废牌堆返回其所属的手牌。,Return up to 2 units from trashes to their owners' hands.,3,1,0,不凡,VEN,"“没有人可以逃离他们的影子。”
——劫",,false,2026-07-09 16:49:03.36084+00,2026-08-10 07:41:29.350663+00,"[""法术""]",
51b7d712-2939-4036-bc29-c1b5a1e66e35,OGN-165,牧灵犬,Cemetery Attendant,,,"[""purple""]","[""暗影岛""]","[""犬形""]",[],"[""触发·进场"",""牌库·回收""]",,当你打出我时，让一名单位从你的废牌堆返回手牌。,"<p>When you play me, return a unit from your trash to your hand.</p>",3,1,3,普通,OGN,“好孩子！那，剩下的都哪去了？”,,false,2026-06-18 15:11:45.129603+00,2026-08-10 07:41:29.350663+00,"[""单位""]",
51ef6958-c88a-4429-971e-cc67c2d115ff,UNL-188,海克斯科技护手,Hextech Gauntlets,,,"[""red"",""yellow""]",[],"[""武装""]","[""装配""]","[""费用·减费"",""触发·征服"",""伤害·过量伤害联动"",""牌库·抽牌""]",蔚,"{{装配}}{{3}}{{A}}。此技能的法力费用减少你所选单位的战力。（支付此费用：将此牌贴附到你控制的一名单位上。）
当我征服一处战场时，如果你给敌方单位分配了不低于3点的过量伤害，则抽一张牌。{{S}}+3","<p>[Equip] :rb_energy_3::rb_rune_rainbow:. This ability's Energy cost is reduced by the Might of the unit you choose. (Pay the cost: Attach this to a unit you control.)</p>
<p>When I conquer, if you assigned 3 or more excess damage, draw 1.</p>
[S] +3",3,0,3,史诗,UNL,,,false,2026-06-18 15:11:45.821819+00,2026-08-10 07:41:29.350663+00,"[""专属装备""]",
526f6ce9-75aa-4c29-b3dd-bdbe6742f620,OGN-098,能量通道,Energy Conduit,,,"[""blue""]",[],[],"[""反应"",""获得""]","[""主动·横置技能"",""资源·获得费用""]",,{{横置}}：{{反应}}—{{获得}}{{1}}，用以支付法力费用。（获得费用资源的技能无法成为其他法术的反应目标。）,<p>:rb_exhaust:: [Reaction] — [Add] :rb_energy_1:. (Abilities that add resources can't be reacted to.)</p>,3,0,0,不凡,OGN,不管它是什么，好像还挺厉害的。,,false,2026-06-18 15:11:45.468662+00,2026-08-10 07:41:29.350663+00,"[""装备""]",
5378592d-7c03-486d-8608-fc32703b9baf,SFD-102,海克斯饮魔刀,Hexdrinker,,,"[""orange""]",[],"[""武装""]","[""法盾"",""装配""]",[],,"{{装配橙色}}（支付{{橙色}}：将此牌贴附到你控制的一名单位上。）
{{法盾}}（对手必须支付{{A}}才能将我选作法术或技能的目标。）{{S}}+1","<p>[Equip] :rb_rune_body: (:rb_rune_body:: Attach this to a unit you control.)</p>
<p>[Deflect] (Opponents must pay :rb_rune_rainbow: to choose me with a spell or ability.)</p>
[S] +1",2,0,0,不凡,SFD,,,false,2026-06-18 15:11:45.821819+00,2026-08-10 07:41:29.350663+00,"[""装备""]",
5380f436-7d34-42d6-8bf7-c56142bce863,SFD-185,荣耀行刑官,Glorious Executioner,,,"[""red"",""purple""]",[],[],[],"[""触发·战斗"",""牌库·抽牌""]",德莱文,当你赢得一场战斗时，抽一张牌。（若战斗结束后只剩下你的单位，则视为你赢得战斗。）,"<p>When you win a combat, draw 1. (You win if only your units remain after combat.)</p>",0,0,0,稀有,SFD,,,false,2026-06-18 15:11:45.468662+00,2026-08-11 04:32:05.530677+00,"[""传奇""]",1
53afed75-5875-4647-9e2a-353715072203,UNL-025,不死军团,Undying Legion,,,"[""red""]","[""暗影岛""]","[""灵体""]","[""鼓舞""]","[""触发·打出"",""牌库·打出"",""费用·可选额外""]",,{{鼓舞>}} 你可以选择支付{{3}}和{{红色}}，将我从废牌堆中打出。（如果你在本回合内已打出过其他卡牌，则发动此效果。）,<p>[Legion][>] You may play me from your trash for :rb_energy_3::rb_rune_fury:. (Get the effect if you've played another card this turn.)</p>,3,0,3,稀有,UNL,“生前乱立誓，死后誓缠身。”,,false,2026-06-18 15:11:46.036748+00,2026-08-10 07:41:29.350663+00,"[""单位""]",
53f37f51-f0e1-4c2b-b14e-840122e3cc6a,SFD-066,封冻,Frigid Touch,,,"[""blue""]",[],[],"[""反应"",""回响""]","[""战力·削弱"",""费用·可选额外""]",,"{{反应}}（可在任意时机打出，甚至先于其他法术和技能的结算。）
{{回响2}}（你可以选择支付此额外费用，以重复此法术效果。）
让一名单位在本回合内{{S}}-2。","<p>[Reaction] (Play any time, even before spells and abilities resolve.)<br />[Repeat] :rb_energy_2: (You may pay the additional cost to repeat this spell's effect.)<br />Give a unit -2 :rb_might: this turn.</p>",2,0,0,普通,SFD,“统统冻结。”,,false,2026-06-18 15:11:45.468662+00,2026-08-10 07:41:29.350663+00,"[""法术""]",
54095976-7893-4e0a-a310-17c069f8c3de,SFD-181,机械公敌,Mechanized Menace,,,"[""red"",""blue""]",[],[],"[""坚守""]","[""持续·光环常驻"",""战力·条件加成"",""特性·属性联动""]",兰博,你的“机械”属性单位获得{{坚守}}。（如果它们是防守方，则{{S}}+1。）,<p>Your Mechs have [Shield]. (+1 :rb_might: while they're defenders.)</p>,0,0,0,稀有,SFD,,,false,2026-06-18 15:11:45.468662+00,2026-08-11 04:32:05.530677+00,"[""传奇""]",1
542f7cad-1786-45a1-bad9-6ee381f79733,OGN-044,小小守护者,Clockwork Keeper,,,"[""green""]","[""恕瑞玛""]",[],[],"[""费用·可选额外"",""触发·进场"",""牌库·抽牌""]",,"你可以选择支付{{绿色}},作为打出我的额外费用。

当你打出我时，如果你支付了该额外费用，则抽一张牌。","<p>You may pay :rb_rune_calm: as an additional cost to play me.<br />When you play me, if you paid the additional cost, draw 1.</p>",2,0,2,普通,OGN,这小东西，总是要往前拨几秒。,,false,2026-06-18 15:11:45.129603+00,2026-08-10 07:41:29.350663+00,"[""单位""]",
54545898-7a96-46a3-b73f-54257c10d3c6,SFD-098,船猿,Sea Monkey,,,"[""orange""]","[""比尔吉沃特""]","[""海盗""]",[],"[""费用·可选额外"",""触发·进场"",""增益·给予""]",,"你可以选择支付{{1}}，作为打出我的额外费用。
当你打出我时，如果你支付了该额外费用，则给予我增益。（如果我未拥有增益，则获得一个{{S}}+1增益。）","<p>You may pay :rb_energy_1: as an additional cost to play me.<br />When you play me, if you paid the additional cost, buff me. (Give me a +1 :rb_might: buff if I don't already have one.)</p>",2,0,2,普通,SFD,"“上吧，小猴子。”
——尼菈",,false,2026-06-18 15:11:45.821819+00,2026-08-10 07:41:29.350663+00,"[""单位""]",
545fda35-9ed8-4bcc-b068-852ee0038c82,OGN-183,卡牌骗术,Stacked Deck,,,"[""purple""]",[],[],"[""迅捷""]","[""牌库·查看"",""牌库·抽牌"",""牌库·放回""]",,"{{迅捷}}（可在你的回合或法术对决中打出。）
查看你主牌堆顶部的三张牌。选择其中一张加入手牌，并回收其余的卡牌。",<p>[Action] (Play on your turn or in showdowns.)<br />Look at the top 3 cards of your Main Deck. Put 1 into your hand and recycle the rest.</p>,1,0,0,不凡,OGN,“不是，命好而已。”,,false,2026-06-18 15:11:45.468662+00,2026-08-10 07:41:29.350663+00,"[""法术""]",
548ed6bf-ed95-4349-90fd-5a54b5d7b7f5,OGN-275,团结圣坛,Altar to Unity,,,"[""colorless""]",[],[],[],"[""触发·据守"",""衍生·单位""]",,当你据守此处时，打出一名1{{S}}的“随从”到你的基地。,"<p>When you hold here, play a 1 :rb_might: Recruit unit token in your base.</p>",0,0,0,不凡,OGN,对团结的执着，是德玛西亚最强的力量，也是它最大的弱点。,,false,2026-06-18 15:11:45.129603+00,2026-08-11 04:32:05.530677+00,"[""战场""]",1
54aef060-add7-413a-a8f4-069869414ee5,SFD-183,圣枪游侠,Purifier,,,"[""red"",""orange""]",[],[],"[""强攻""]","[""持续·光环常驻"",""战力·条件加成""]",卢锡安,你的每件武装都会提供{{强攻}}。（如果配装的单位是进攻方，则{{S}}+1。）,<p>Your Equipment each give [Assault]. (+1 :rb_might: while equipped unit is an attacker.)</p>,0,0,0,稀有,SFD,,,false,2026-06-18 15:11:45.468662+00,2026-08-11 04:32:05.530677+00,"[""传奇""]",1
54c85f72-585a-4099-945d-42b7dc69e981,VEN-042,慎,Shen,破影之光,Scourge of Shadows,"[""green""]","[""艾欧尼亚""]",,,"[""触发·据守"",""牌库·抽牌""]",慎,当我据守一处战场时，如果你在此处控制的其他单位有且仅有一个，则抽一张牌。,"When I hold, if there is exactly one other unit you control here, draw 1.",5,1,6,稀有,VEN,“执行均衡之令。”,,false,2026-07-09 16:49:03.36084+00,2026-08-10 07:41:29.350663+00,"[""英雄单位""]",
551fe91b-15e8-426d-a2ee-78483d36d4f9,SFD-011,取放自如,Angle Shot,,,"[""red""]",[],[],"[""反应""]","[""牌库·抽牌""]",,"{{反应}}（可在任意时机打出，甚至先于其他法术和技能的结算。）
选择一名单位和其控制者的一件武装。为该单位贴附或卸除该武装。抽一张牌。","<p>[Reaction] (Play any time, even before spells and abilities resolve.)<br />Choose a unit and an Equipment with the same controller. Attach that Equipment to that unit or detach that Equipment from that unit. Draw 1.</p>",2,0,0,不凡,SFD,“承认吧，你已经上钩了。”,,false,2026-06-18 15:11:45.821819+00,2026-08-10 07:41:29.350663+00,"[""法术""]",
5526337e-751f-400f-8bc1-eac252a28dff,UNL-132,提灯海煞,Angler Beast,,,"[""purple""]","[""比尔吉沃特""]",[],[],"[""触发·进场"",""互动·返回手牌""]",,当你打出我时，让所有不高于2{{S}}的单位返回其所属的手牌。,"<p>When you play me, return all units with 2 :rb_might: or less to their owners' hands.</p>",5,1,5,不凡,UNL,"“海底给每个人都准备好了地方。”
——派克",,false,2026-06-18 15:11:46.036748+00,2026-08-10 07:41:29.350663+00,"[""单位""]",
55f2c7a6-0dd4-4b0a-93ce-700a2b6daa3f,SFD-103,琢珥鱼,Jaull-Fish,,,"[""orange""]","[""比尔吉沃特""]",[],"[""急速"",""强力""]","[""费用·条件减费""]",,"{{急速}}（你可以选择额外支付{{1}}和{{橙色}}，让我以活跃状态进场。）
你每控制一名{{强力}}单位，我的费用便减少{{2}}。（战力达到5或以上时，即为强力单位。）",<p>[Accelerate] (You may pay :rb_energy_1::rb_rune_body: as an additional cost to have me enter ready.)<br />I cost :rb_energy_2: less for each of your [Mighty] units. (A unit is Mighty while it has 5+ :rb_might:.)</p>,7,2,6,不凡,SFD,它不是饿了，也不是想守护地盘。它就只是非常讨厌船而已。,,false,2026-06-18 15:11:45.468662+00,2026-08-10 07:41:29.350663+00,"[""单位""]",
5633ccf0-1e02-4c3a-816f-6372ab5941ae,VEN-155,狂暴之心,Heart of the Tempest,,,"[""purple"",""yellow""]",,,"[""迅捷"",""强攻2""]","[""触发·打出"",""强化·强化"",""强化·解除强化"",""主动·横置技能"",""战力·增强单体"",""战力·增强本回合""]",凯南,"当你从你的手牌以外的位置打出一张卡牌时，强化我。
{{迅捷>}}解除我的强化，{{横置}}：给予一名单位在本回合内{{强攻2}}。（如果其为进攻方，则{{S}}+2。）","When you play a card from anywhere other than your hand, empower me.
[Action][&gt;] Disempower me, :rb_exhaust:: Give a unit [Assault 2] this turn. (+2 :rb_might: while it's an attacker.)",0,0,0,稀有,VEN,,,false,2026-07-09 16:49:03.36084+00,2026-08-11 04:32:05.530677+00,"[""传奇""]",1
566f66c5-6242-4298-b438-8b73c7bc750e,OGN-021,太阳圆盘,Sun Disc,,,"[""red""]",[],[],"[""鼓舞""]","[""主动·横置技能"",""触发·打出"",""状态·以活跃进场""]",,{{横置}}：{{鼓舞}}—你在本回合内打出的下一名单位以活跃状态进场。（如果你在本回合内已打出过其他卡牌，则发动此效果。）,<p>:rb_exhaust:: [Legion] — The next unit you play this turn enters ready. (Get the effect if you've played another card this turn.)</p>,2,1,0,不凡,OGN,"“追随我的人，也在追随宿命！”
——阿兹尔",,false,2026-06-18 15:11:45.468662+00,2026-08-10 07:41:29.350663+00,"[""装备""]",
56f39351-d117-4701-8bae-17abf2152741,UNL-210,禁忌荒原,Forbidding Waste,,,"[""colorless""]",[],[],[],"[""持续·光环常驻"",""战力·削弱""]",,如果防守此处的单位落单，则该单位{{S}}-2。（所在位置没有其他友方单位时，即视为“落单”。）,"<p>While a unit here is defending alone, it has -2 :rb_might:. (It's alone if there are no other friendly units here.)</p>",0,0,0,不凡,UNL,,,false,2026-06-18 15:11:45.821819+00,2026-08-11 04:32:05.530677+00,"[""战场""]",1
56fda989-fa01-4cdc-81e3-8e3fc4238439,OGN-257,盲僧,Blind Monk,,,"[""green"",""orange""]",[],[],[],"[""主动·横置技能"",""主动·支付费用技能"",""增益·给予""]",李青,支付{{1}}，{{横置}}：给予一名友方单位增益。（如果该单位未拥有增益，则获得一个{{S}}+1增益。）,"<p>:rb_energy_1:, :rb_exhaust:: Buff a friendly unit. (If it doesn't have a buff, it gets a +1 :rb_might: buff.)</p>",0,0,0,稀有,OGN,,,false,2026-06-18 15:11:45.129603+00,2026-08-11 04:32:05.530677+00,"[""传奇""]",1
57442841-690f-4f3b-8345-192a4532f244,UNL-189,含羞蓓蕾,Bashful Bloom,,,"[""green"",""blue""]",[],[],"[""瞬息""]","[""主动·横置技能"",""主动·支付费用技能"",""衍生·单位"",""状态·以活跃进场"",""费用·条件减费""]",莉莉娅,支付{{4}}，{{横置}}：打出一名处于活跃状态的3{{S}}“精灵”，它拥有{{瞬息}}。场上每存在一名拥有{{瞬息}}的友方单位，此技能费用减少{{1}}。,"<p>:rb_energy_4:, :rb_exhaust:: Play a ready 3 :rb_might: Sprite unit token with [Temporary]. This ability costs :rb_energy_1: less for each friendly unit with [Temporary].</p>",0,0,0,稀有,UNL,,,false,2026-06-18 15:11:45.821819+00,2026-08-11 04:32:05.530677+00,"[""传奇""]",1
575b2453-f798-4400-b7e6-0ae28f762146,OGS-016,先锋扈从,Vanguard Attendant,,,"[""yellow""]","[""德玛西亚""]","[""精锐""]",[],"[""状态·以活跃进场""]",,我以活跃状态进场。,<p>I enter ready.</p>,6,1,5,普通,OGS,就算是先锋，也需要第一道防线。,,false,2026-06-18 15:11:45.129603+00,2026-08-10 07:41:29.350663+00,"[""单位""]",
577ea66a-305b-499a-8ca4-06af6e815480,OGN-294,崔法利兵营,Trifarian War Camp,,,"[""colorless""]",[],[],[],"[""持续·光环常驻"",""战力·增强群体""]",,此处的所有单位获得{{S}}+1。（包括进攻方单位。）,<p>Units here have +1 :rb_might:. (This includes attackers.)</p>,0,0,0,不凡,OGN,,,false,2026-06-18 15:11:45.129603+00,2026-08-11 04:32:05.530677+00,"[""战场""]",1
57fcb0b0-d74b-4145-b7dc-28a84e6c66f8,VEN-133,发光石,Glowstone,,,"[""yellow""]",,,"[""强化""]","[""强化·强化"",""强化·解除强化"",""主动·横置技能"",""互动·夺控"",""互动·召回基地"",""触发·回合结束"",""摧毁·装备"",""伤害·群体""]",,"{{强化AA}}（支付{{A}}{{A}}：强化我。仅在未强化时可用。）
解除此牌的强化，{{横置}}：选择一名玩家。该玩家获得此牌的控制权，并将其召回。（将其送到该玩家的基地。）
在你回合结束时，摧毁此牌，并对你控制的所有单位各造成5点伤害。","[Empower] :rb_rune_rainbow::rb_rune_rainbow: (:rb_rune_rainbow::rb_rune_rainbow:: Empower me. Use only if not Empowered.)
Disempower this, :rb_exhaust:: Choose a player. They gain control of this and recall it. (Send it to their base.)
At the end of your turn, kill this and deal 5 to all units you control.",2,0,0,稀有,VEN,,,false,2026-07-10 11:00:46.719761+00,2026-08-10 07:41:29.350663+00,"[""装备""]",
587b78ef-3839-44cd-b064-65faede6107d,SFD-044,军团军需官,Legion Quartermaster,,,"[""green""]","[""诺克萨斯""]","[""崔法利""]",[],"[""费用·强制额外"",""互动·返回手牌""]",,你必须将一件友方装备返回其所属的手牌，作为打出我的额外费用。,"<p>As an additional cost to play me, return a friendly gear to its owner's hand.</p>",3,0,4,不凡,SFD,“一把远古符文之刃！这可是稀有的宝贝。快送到三号帐篷进行处理。”,,false,2026-06-18 15:11:45.468662+00,2026-08-10 07:41:29.350663+00,"[""单位""]",
58ba43a9-04d4-4f7b-8ca9-9810969897c1,UNL-018,雪人斗士,Yeti Brawler,,,"[""red""]","[""诺克萨斯""]",[],"[""反应"",""获得""]","[""触发·征服"",""伤害·过量伤害联动"",""衍生·装备""]",,当我征服一处战场时，如果你给敌方单位分配了不低于3点的过量伤害，则打出两个休眠的“金币”装备指示物。（其具有“{{反应>}} 摧毁此牌，{{横置}}：{{获得}}{{A}}。”）,"<p>When I conquer, if you assigned 3 or more excess damage, play two Gold gear tokens exhausted. (They have ""[Reaction][>] Kill this, :rb_exhaust:: [Add] :rb_rune_rainbow:."")</p>",6,0,6,不凡,UNL,爱好变工作，干活也不累！,,false,2026-06-18 15:11:46.036748+00,2026-08-10 07:41:29.350663+00,"[""单位""]",
590e78d1-ba43-477f-9920-5fac9a2c24ab,SFD-161,暴风大剑,B.F. Sword,,,"[""yellow""]",[],"[""武装""]","[""装配""]",[],,"{{装配黄色}}（支付{{黄色}}：将此牌贴附到你控制的一名单位上。）
{{S}}+3","<p>[Equip] :rb_rune_order: (:rb_rune_order:: Attach this to a unit you control.)</p>
[S] +3",4,0,0,不凡,SFD,论大它确实够大。,,false,2026-06-18 15:11:45.468662+00,2026-08-10 07:41:29.350663+00,"[""装备""]",
5922abef-91b7-484a-b180-cb864fca853b,UNL-174,逆转碎片,Shard of Undoing,,,"[""yellow""]",[],[],[],"[""频率·每回合限一次"",""触发·回合开始"",""触发·摧毁"",""摧毁·单位""]",,每回合首次，当友方单位在你的开始阶段被摧毁时，每名对手必须摧毁自己的一名单位。,"<p>The first time a friendly unit dies during your Beginning Phase each turn, each opponent must kill one of their units.</p>",6,0,0,稀有,UNL,宝藏永远都在，生命无法重来。,,false,2026-06-18 15:11:46.036748+00,2026-08-10 07:41:29.350663+00,"[""装备""]",
5936050f-2f0c-4972-bca9-672c94fc64fb,SFD-015,栖息的冥龙,Perched Grimwyrm,,,"[""red""]","[""暗影岛""]","[""龙""]",[],"[""限制·行动禁止""]",,你只能将我打出到你本回合征服的战场上。（不能打出到其他位置。）,<p>Play me only to a battlefield you conquered this turn. (You can't play me anywhere else.)</p>,4,0,5,不凡,SFD,当你看到冥龙投下的影子，意味着一切为时已晚。,,false,2026-06-18 15:11:45.468662+00,2026-08-10 07:41:29.350663+00,"[""单位""]",
59646a52-9504-4cbb-90d2-04a81331e4a2,OGN-190,克格莫,Kog'Maw,腐蚀巨口,Caustic,"[""purple""]","[""虚空之地""]",[],"[""绝念""]","[""触发·摧毁"",""伤害·群体""]",克格莫,{{绝念}}-对我所处战场上的所有单位各造成4点伤害。（当我被摧毁后，发动此效果。）,"<p>[Deathknell] — Deal 4 to all units at my battlefield. (When I die, get the effect.)</p>",3,1,1,稀有,OGN,“湮灭来袭。”,,false,2026-06-18 15:11:45.129603+00,2026-08-10 07:41:29.350663+00,"[""英雄单位""]",
59968a27-8dce-46e1-9f45-44eb592071b8,OGN-143,海盗避风港,Pirate's Haven,,,"[""orange""]",[],[],[],"[""状态·激活"",""战力·增强单体"",""战力·增强本回合""]",,每当你让一名友方单位变为活跃状态时，让其本回合内{{S}}+1。,"<p>When you ready a friendly unit, give it +1 :rb_might: this turn.</p>",3,0,0,不凡,OGN,只要你还有钱，这里就是人间天堂。,,false,2026-06-18 15:11:45.468662+00,2026-08-10 07:41:29.350663+00,"[""装备""]",
599c837c-94ce-4aea-b1aa-3c85cd72af6c,VEN-052,惑心转意,Mesmerize,,,"[""blue""]",,,"[""反应""]","[""互动·返回手牌"",""战力·削弱""]",,"{{反应}}（可在任意时机打出，甚至先于其他法术和技能的结算。）
选择一个效果 —
- 让一名友方单位返回其所属的手牌。
- 给予一名敌方单位在本回合内{{S}}-2。","[Reaction] (Play any time, even before spells and abilities resolve.)
Choose one —
Return a friendly unit to its owner's hand.Give an enemy unit -2 :rb_might: this turn.",1,1,0,普通,VEN,"“无所作为，徒留后悔。”
——梅尔",,false,2026-07-10 11:00:46.719761+00,2026-08-10 07:41:29.350663+00,"[""法术""]",
59c22949-8a41-40af-9bf8-39ac3afc419c,VEN-102,拉文布鲁姆级长,Ravenbloom Prefect,,,"[""purple""]","[""诺克萨斯""]",,,"[""触发·打出"",""牌库·放逐""]",,当一名对手打出一件装备时，你可以选择放逐我，以此放逐该装备。,"When an opponent plays a gear, you may banish me to banish it.",3,0,3,不凡,VEN,“老师给你批条了吗？”,,false,2026-07-10 11:00:46.719761+00,2026-08-10 07:41:29.350663+00,"[""单位""]",
59c74d23-3b70-43a2-883d-5331222a7079,OGN-241,慎,Shen,均衡守中,Kinkou,"[""yellow""]","[""艾欧尼亚""]",[],"[""反应"",""壁垒"",""坚守2""]",[],慎,"{{反应}}（可在任意时机打出，甚至先于其他法术和技能的结算，并能打出到你控制的战场。）
{{坚守2}}（如果我是防守方，则{{S}}+2。）
{{壁垒}}（我在战斗中首先承担伤害。）","<p>[Reaction] (Play any time, even before spells and abilities resolve, including to a battlefield you control.)<br />[Shield 2] (+2 :rb_might: while I'm a defender.)<br />[Tank] (I must be assigned combat damage first.)</p>",3,1,3,稀有,OGN,“我们意念合一。”,,false,2026-06-18 15:11:45.129603+00,2026-08-10 07:41:29.350663+00,"[""英雄单位""]",
59cfd151-702f-4f08-b342-4017eed25465,OGN-148,艾尼维亚,Anivia,初始啼鸣,Primal,"[""orange""]","[""弗雷尔卓德""]","[""鸟类""]",[],"[""触发·进攻"",""伤害·群体""]",艾尼维亚,当我进攻时，对此处的所有敌方单位各造成3点伤害。,"<p>When I attack, deal 3 to all enemy units here.</p>",7,2,8,稀有,OGN,“不要引起暴风雪。”,,false,2026-06-18 15:11:45.129603+00,2026-08-10 07:41:29.350663+00,"[""英雄单位""]",
59f1e45d-2407-40b7-9c62-74633fe0a214,SFD-057,艾瑞莉娅,Irelia,虔心承志,Fervent,"[""green""]","[""艾欧尼亚""]",[],"[""法盾""]","[""触发·被选为目标"",""状态·激活"",""战力·增强单体"",""战力·增强本回合""]",艾瑞莉娅,"{{法盾}}（对手必须支付{{A}}才能将我选作法术或技能的目标。）
当你选择我为目标或让我变为活跃状态时，让我本回合内{{S}}+1。","<p>[Deflect] (Opponents must pay :rb_rune_rainbow: to choose me with a spell or ability.)<br />When you choose or ready me, give me +1 :rb_might: this turn.</p>",5,0,4,史诗,SFD,“我们是想要安全，还是自由？这是我们自己的选择。”,,false,2026-06-18 15:11:45.468662+00,2026-08-10 07:41:29.350663+00,"[""英雄单位""]",
5a107e49-60e6-46cf-8a5d-cb050c58ee14,UNL-012,布罗梅因领主,Lord Broadmane,,,"[""red""]","[""诺克萨斯""]",[],"[""强攻"",""反应"",""伏击""]","[""触发·进场"",""战力·增强群体"",""战力·增强本回合""]",,"{{伏击}}（你可以选择将我作为{{反应}}牌，打出到有己方单位的战场。）
当你打出我时，让你此处的其他单位本回合内获得{{强攻}}。（如果他们是进攻方，则{{S}}+1。）","<p>[Ambush] (You may play me as a [Reaction] to a battlefield where you have units.)<br />When you play me, give your other units here [Assault] this turn. (+1 :rb_might: while they're attackers.)</p>",5,1,5,不凡,UNL,,,false,2026-06-18 15:11:46.036748+00,2026-08-10 07:41:29.350663+00,"[""单位""]",
5a19f074-cc4a-4537-a6d9-6b619a8c224b,UNL-007,惩戒,Smite,,,"[""red""]",[],[],"[""迅捷""]","[""伤害·单体"",""牌库·放逐""]",,"{{迅捷}}（可在你的回合或法术对决中打出。）
对战场上的一名单位造成3点伤害。如果该单位在本回合内被摧毁，则改为将其放逐。","<p>[Action] (Play on your turn or in showdowns.)<br />Deal 3 to a unit at a battlefield. If it would die this turn, banish it instead.</p>",2,1,0,普通,UNL,用得早不如用得巧。,,false,2026-06-18 15:11:45.821819+00,2026-08-10 07:41:29.350663+00,"[""法术""]",
5a6a3cbc-b603-47c6-a9d6-f3fd1097da51,VEN-R05,混沌符文,Chaos Rune,,,"[""purple""]",,,,,,,[NO TEXT],0,0,0,普通,VEN,,,false,2026-07-09 16:49:03.36084+00,2026-08-11 04:32:05.530677+00,"[""符文""]",12
5a925dd2-25b0-4342-9422-66949e7fe997,SFD-168,先锋军备,Vanguard Armory,,,"[""yellow""]",[],[],[],"[""主动·横置技能"",""衍生·单位""]",,{{横置}}：打出三名1{{S}}的“随从”。（你可以将他们打出到不同的位置。）,<p>:rb_exhaust:: Play three 1 :rb_might: Recruit unit tokens. (You may play them to different locations.)</p>,7,1,0,不凡,SFD,要成为一名像样的士兵，光有剑和盾可不够。不过，也算个不错的开始。,,false,2026-06-18 15:11:45.468662+00,2026-08-10 07:41:29.350663+00,"[""装备""]",
5a953467-a349-4eab-8b33-64a881f8e5dd,OGN-212,未来熔炉,Forge of the Future,,,"[""yellow""]",[],[],[],"[""触发·进场"",""衍生·单位"",""摧毁·装备"",""牌库·回收""]",,"当你打出此牌时，打出一名1{{S}}的“随从”到你的基地。
你可以选择摧毁此装备，以此从任意废牌堆中回收最多四张卡牌。","<p>When you play this, play a 1 :rb_might: Recruit unit token at your base.<br />Kill this: Recycle up to 4 cards from trashes.</p>",2,0,0,普通,OGN,“我们造什么？我也说不清，反正比别人造得好就是了。”,,false,2026-06-18 15:11:45.129603+00,2026-08-10 07:41:29.350663+00,"[""装备""]",
5aececae-9359-4159-82d6-e20ad4670d20,UNL-162,惊艳守护者,Enthralling Protector,,,"[""yellow""]","[""艾欧尼亚""]","[""仙灵""]","[""狩猎"",""增益""]","[""经验·获得"",""触发·征服"",""触发·据守"",""经验·消耗"",""增益·给予""]",,"{{狩猎}}（当我征服或据守一处战场时，获得1经验。）
消耗2经验：给予我{{增益}}。（如果我未拥有增益，则获得一个{{S}}+1增益。）","<p>[Hunt] (When I conquer or hold, gain 1 XP.)<br />Spend 2 XP: [Buff] me. (Give me a +1 :rb_might: buff if I don't have one.)</p>",2,0,2,不凡,UNL,如此令人惊艳的力量。,,false,2026-06-18 15:11:46.036748+00,2026-08-10 07:41:29.350663+00,"[""单位""]",
5b04bad9-249e-4bec-a8bc-a8c5ea7681e9,SFD-117,远古簇碑,Ancient Henge,,,"[""orange""]",[],[],"[""反应"",""获得""]","[""主动·横置技能"",""资源·获得费用"",""费用·可选额外""]",,{{横置}}：{{反应}}—支付任意数量的法力来{{获得}}等量的{{A}}。（获得费用资源的技能无法成为其他法术的反应目标。）,<p>:rb_exhaust:: [Reaction] — Pay any amount of Energy to [Add] that much :rb_rune_rainbow:. (Abilities that add resources can't be reacted to.)</p>,2,1,0,史诗,SFD,"“仅仅守护这片冰天雪地是远远不够的。我们必须守护彼此，在先祖留给我们的基业之上，建立起共同的家园。”
——艾希",,false,2026-06-18 15:11:45.468662+00,2026-08-10 07:41:29.350663+00,"[""装备""]",
5b6edfce-41eb-4ebd-a7ba-644ed009e3b3,OGN-224,废物利用,Salvage,,,"[""yellow""]",[],[],"[""迅捷""]","[""摧毁·装备"",""牌库·抽牌""]",,"{{迅捷}}（可在你的回合或法术对决中打出。）

你可以选择摧毁最多一件装备。抽一张牌。",<p>[Action] (Play on your turn or in showdowns.)<br />You may kill up to one gear. Draw 1.</p>,2,1,0,不凡,OGN,一个人眼里的废品，可能是他人眼中的宝藏。,,false,2026-06-18 15:11:45.468662+00,2026-08-10 07:41:29.350663+00,"[""法术""]",
5be06e45-69c0-422f-a3e7-5973372d8d26,SFD-110,菲奥娜,Fiora,苦心孤诣,Peerless,"[""orange""]","[""德玛西亚""]",[],[],"[""触发·进攻"",""触发·防守"",""战力·调整""]",菲奥娜,当我进行一对一的进攻或防守时，在这场战斗中，我的战力翻倍。,"<p>When I attack or defend one on one, double my Might this combat.</p>",3,1,3,稀有,SFD,“我没有对手。”,,false,2026-06-18 15:11:45.821819+00,2026-08-10 07:41:29.350663+00,"[""英雄单位""]",
5c9622e1-0757-40ac-80f6-5a2c84628434,OGN-146,痛殴,Wallop,,,"[""orange""]",[],[],"[""迅捷""]","[""费用·可选额外"",""增益·消耗"",""费用·免费打出"",""状态·激活""]",,"{{迅捷}}（可在你的回合或法术对决中打出。）
打出此牌时，你可以选择消耗一个增益作为额外费用。若如此做，则无视此法术的费用。
让一名单位变为活跃状态。","<p>[Action] (Play on your turn or in showdowns.)<br />As you play this, you may spend a buff as an additional cost. If you do, ignore this spell's cost.<br />Ready a unit.</p>",2,0,0,不凡,OGN,如果砸一下不管用，那就多砸几下。,,false,2026-06-18 15:11:45.468662+00,2026-08-10 07:41:29.350663+00,"[""法术""]",
5d3eec3c-a4c0-48d9-844d-3479c6e3cd6c,UNL-078,精灵提灯,Sprite Fountain,,,"[""blue""]",[],[],"[""绝念"",""瞬息""]","[""触发·进场"",""衍生·单位"",""状态·以活跃进场"",""触发·摧毁""]",,"{{瞬息}}（在其控制者的开始阶段开始时，结算得分之前将其摧毁。）
当你打出此牌时，打出一名活跃状态的3{{S}}“精灵”到你的基地，它拥有{{瞬息}}。
{{绝念>}} 重复此装备的打出效果。（当此牌被摧毁后，发动此效果。）","<p>[Temporary] (Kill this at the start of its controller's Beginning Phase, before scoring.)<br />When you play this, play a ready 3 :rb_might: Sprite unit token with [Temporary] to your base.<br />[Deathknell][>] Repeat this gear's play effect. (When this dies, get the effect.)</p>",2,1,0,不凡,UNL,,,false,2026-06-18 15:11:46.036748+00,2026-08-10 07:41:29.350663+00,"[""装备""]",
5d49c888-d3b6-410a-851c-e467bda09873,VEN-073,锯齿弯刀,Jagged Cutlass,,,"[""orange""]",,"[""武装""]","[""装配""]",[],,{{装配橙色}}（支付{{橙色}}：将此牌贴附到你控制的一名单位上。）,"Equip :rb_rune_body: (:rb_rune_body:: Attach this to a unit you control.)
I can't be moved by enemy spells and abilities. +2",3,0,2,普通,VEN,,,false,2026-07-09 16:49:03.36084+00,2026-08-10 07:41:29.350663+00,"[""装备""]",
5d9a7320-4509-48eb-be9f-1426341263d6,SFD-177,阿兹尔,Azir,帝君,Sovereign,"[""yellow""]","[""恕瑞玛""]","[""鸟类""]","[""急速""]","[""触发·进攻"",""移动·单位""]",阿兹尔,"{{急速}}（你可以选择额外支付{{1}}和{{黄色}}，让我以活跃状态进场。）
当我进攻时，你可以选择将自己任意数量的指示物单位移动到此战场。","<p>[Accelerate] (You may pay :rb_energy_1::rb_rune_order: as an additional cost to have me enter ready.)<br />When I attack, you may move any number of your token units to this battlefield.</p>",4,0,4,史诗,SFD,“你不需要追随，但你必须见证。”,,false,2026-06-18 15:11:45.468662+00,2026-08-10 07:41:29.350663+00,"[""英雄单位""]",
5d9beba6-05d6-4945-a805-4812c7fead1f,OGN-200,崔斯特,Twisted Fate,赌徒,Gambler,"[""purple""]","[""比尔吉沃特""]",[],[],"[""触发·进攻"",""牌库·查看"",""牌库·放回"",""伤害·单体"",""牌库·抽牌"",""状态·眩晕""]",崔斯特,"当我进攻时，展示你符文牌堆顶部的一张牌，然后将其回收。根据展示的符文特性执行以下效果：
{{红色}}—对此处的一名敌方单位造成2点伤害，并对此处所有其他敌方单位造成1点伤害。
{{蓝色}}—抽一张牌。
{{黄色}}—眩晕一名敌方单位。","<p>When I attack, reveal the top rune of your rune deck, then recycle it. Do one of the following based on its domain:</p><ul><li>:rb_rune_fury: — Deal 2 to an enemy unit here and 1 to all other enemy units here.</li><li>:rb_rune_mind: — Draw 1.</li><li>:rb_rune_order: — Stun an enemy unit.</li></ul>",4,0,4,稀有,OGN,,,false,2026-06-18 15:11:45.129603+00,2026-08-10 07:41:29.350663+00,"[""英雄单位""]",
5df8adcb-e14c-47e5-ba3c-40029f480bcb,SFD-131,远古战狂,Ancient Warmonger,,,"[""purple""]","[""诺克萨斯""]","[""灵体""]","[""急速"",""强攻""]","[""战力·条件加成"",""战力·永久成长""]",,"{{急速}}（你可以选择额外支付{{1}}和{{紫色}}，让我以活跃状态进场。）
我拥有等同于此处敌方单位数量的{{强攻}}数值。（如果我是进攻方，则每点强攻提供{{S}}+1。）",<p>[Accelerate] (You may pay :rb_energy_1::rb_rune_chaos: as an additional cost to have me enter ready.)<br />I have [Assault] equal to the number of enemy units here. (+1 :rb_might: while I'm an attacker for each instance of Assault.)</p>,5,0,4,不凡,SFD,,,false,2026-06-18 15:11:45.821819+00,2026-08-10 07:41:29.350663+00,"[""单位""]",
5e05ab03-b22d-4515-b143-695967418f93,VEN-130,奥洛克将军,Aurok General,,,"[""yellow""]","[""诺克萨斯""]","[""崔法利""]","[""强化""]","[""强化·强化"",""强化·已强化奖励"",""持续·光环常驻"",""战力·增强群体""]",,"{{强化3黄色}}（支付{{3}}和{{黄色}}：强化我。仅在未强化时可用。）
{{已强化>}} 你的{{已强化}}单位获得{{S}}+2（包括我在内）。","[Empower] :rb_energy_3::rb_rune_order: (:rb_energy_3::rb_rune_order:: Empower me. Use only if not Empowered.)
[Empowered][&gt;] Your units that are [Empowered] have +2 :rb_might: (including me).",5,0,5,稀有,VEN,“听我号令。”,,false,2026-07-20 10:23:59.547404+00,2026-08-10 07:41:29.350663+00,"[""单位""]",
5e2f6bab-601f-4494-ace0-e434dbb9f72f,OGS-017,黑暗之女,Dark Child - Starter,入门,,"[""red"",""purple""]",[],[],[],"[""触发·回合结束"",""符文·激活""]",安妮,在你回合结束时，让最多两枚符文变为活跃状态。,"<p>At the end of your turn, ready up to 2 runes.</p>",0,0,0,稀有,OGS,,,false,2026-06-18 15:11:45.129603+00,2026-08-11 04:32:05.530677+00,"[""传奇""]",1
5e30fb90-7c8b-418d-ad7c-836f77f8aeb8,SFD-023,透体圣光,Piercing Light,,,"[""red""]",[],[],"[""回响""]","[""伤害·单体"",""费用·可选额外""]",,"{{回响2红色}}（你可以选择支付此额外费用，以重复此法术效果。）
对战场上的一名单位造成2点伤害，然后对最多另一名单位造成2点伤害。","<p>[Repeat] :rb_energy_2::rb_rune_fury: (You may pay the additional cost to repeat this spell's effect.)<br />Deal 2 to a unit at a battlefield, then deal 2 to up to one other unit.</p>",2,1,0,稀有,SFD,"“我有两个理由让你回头。”
——卢锡安",,false,2026-06-18 15:11:45.468662+00,2026-08-10 07:41:29.350663+00,"[""法术""]",
5ec76c37-85b8-48b8-8b6b-0d7f6c0f0d83,SFD-112,巨腕加藤,Kato the Arm,,,"[""orange""]","[""诺克萨斯""]",[],"[""法盾""]","[""触发·移动"",""战力·增强单体"",""战力·增强本回合"",""复制·效果技能""]",,"{{法盾}}（对手必须支付{{A}}才能将我选作法术或技能的目标。）
当我移动到一处战场时，让另一名友方单位在本回合内获得我的关键词和等同于我战力的+{{S}}加成。","<p>[Deflect] (Opponents must pay :rb_rune_rainbow: to choose me with a spell or ability.)<br />When I move to a battlefield, give another friendly unit my keywords and +:rb_might: equal to my Might this turn.</p>",4,1,3,稀有,SFD,“给他们好好露一手！”,,false,2026-06-18 15:11:45.468662+00,2026-08-10 07:41:29.350663+00,"[""单位""]",
5ed6198f-fe2f-4e45-81a3-bd5d253e33bf,SFD-076,产量激增,Production Surge,,,"[""blue""]",[],[],[],"[""费用·条件减费"",""特性·属性联动"",""衍生·单位"",""牌库·抽牌""]",,"如果你控制着“机械”属性单位，则此牌的费用减少{{2}}。
打出一名3{{S}}的“机器人”到你的基地。
抽一张牌。",<p>This costs :rb_energy_2: less if you control a Mech.<br />Play a 3 :rb_might: Mech unit token to your base.<br />Draw 1.</p>,4,1,0,不凡,SFD,遇事不决，造机甲。,,false,2026-06-18 15:11:45.468662+00,2026-08-10 07:41:29.350663+00,"[""法术""]",
5f3d46cd-361f-493d-af83-6f0f127affec,OGN-111,黑默丁格,Heimerdinger,博学家,Inventor,"[""blue""]","[""皮尔特沃夫""]","[""约德尔人""]",[],"[""持续·光环常驻"",""复制·效果技能""]",黑默丁格,我拥有场上其他友方传奇、单位、装备卡牌的所有{{横置}}技能。,"<p>I have all :rb_exhaust: abilities of all friendly legends, units, and gear.</p>",3,1,3,稀有,OGN,“我就喜欢解难题。”,,false,2026-06-18 15:11:45.129603+00,2026-08-10 07:41:29.350663+00,"[""英雄单位""]",
5f8c980f-3512-48bb-97ee-06fc2888991b,UNL-103,处置命令,Disposal Order,,,"[""orange""]",[],[],"[""反应""]","[""牌库·放回"",""牌库·抽牌""]",,"{{反应}}（可在任意时机打出，甚至先于其他法术和技能的结算。）
从下列中选择一个 —
— 从对手的废牌堆里总共选择最多三张牌。让其拥有者将其回收。
— 抽一张牌。","<p>[Reaction] (Play any time, even before spells and abilities resolve.)<br />Choose one —</p><ul><li>Choose up to 3 cards from opponents' trashes. Their owners recycle them.</li><li>Draw 1.</li></ul>",2,0,0,不凡,UNL,“天亮前清理干净，不该问的别问。”,,false,2026-06-18 15:11:46.036748+00,2026-08-10 07:41:29.350663+00,"[""法术""]",
5fe2c6a6-7c52-4bc6-a2ca-03fb0adc7d3e,UNL-178,波比,Poppy,扶弱使者,Defender of the Meek,"[""yellow""]","[""德玛西亚""]","[""约德尔人""]","[""反应"",""壁垒"",""伏击""]","[""经验·消耗"",""费用·可选额外"",""费用·减费""]",波比,"你可以选择消耗3经验，作为打出我的额外费用，以此让我的费用减少{{3}}。
{{伏击}}（你可以选择将我作为{{反应}}牌，打出到有己方单位的战场。）
{{壁垒}}（我在战斗中首先承担伤害。）","<p>You may spend 3 XP as an additional cost to play me. If you do, I cost :rb_energy_3: less.<br />[Ambush] (You may play me as a [Reaction] to a battlefield where you have units.)<br />[Tank] (I must be assigned combat damage first.)</p>",6,1,5,史诗,UNL,,,false,2026-06-18 15:11:46.036748+00,2026-08-10 07:41:29.350663+00,"[""英雄单位""]",
6052069a-8e6c-4d54-a207-368ed1a482be,UNL-126,巨牙海兽,Megatusk,,,"[""purple""]","[""比尔吉沃特""]",[],"[""游走""]","[""经验·消耗"",""移动·单位""]",,消耗3经验：你在此处的单位在本回合内获得{{游走}}。（我们可以向其他战场进行移动。）,<p>Spend 3 XP: Give your units here [Ganking] this turn. (We can move from battlefield to battlefield.)</p>,6,0,6,普通,UNL,"问：我在船上发现了一只巨牙海兽，怎么办？
答：买艘新的船。",,false,2026-06-18 15:11:45.821819+00,2026-08-10 07:41:29.350663+00,"[""单位""]",
607a11d9-8480-4564-b59b-14def15841bd,SFD-152,显赫金主,Eminent Benefactor,,,"[""yellow""]","[""皮尔特沃夫""]",[],[],"[""触发·据守"",""衍生·装备""]",,当我据守一处战场时，打出两个休眠的“金币”装备指示物。,"<p>When I hold, play two Gold gear tokens exhausted.</p>",6,0,5,普通,SFD,免费的，往往才是最贵的。,,false,2026-06-18 15:11:45.821819+00,2026-08-10 07:41:29.350663+00,"[""单位""]",
60a33caf-a0ca-4ee1-aff8-3d70ddaea95f,OGN-022,热电光束,Thermo Beam,,,"[""red""]",[],[],"[""迅捷""]","[""摧毁·装备"",""摧毁·全体清场""]",,"{{迅捷}}（可在你的回合或法术对决中打出。）
摧毁所有装备。",<p>[Action] (Play on your turn or in showdowns.)<br />Kill all gear.</p>,5,2,0,不凡,OGN,"“关掉限制器，我看这光束稳定得很。”
——常见遗言",,false,2026-06-18 15:11:45.468662+00,2026-08-10 07:41:29.350663+00,"[""法术""]",
60bd14e1-7d98-484c-a6f1-3c111b844636,UNL-209,暮色玫瑰实验室,Dusk Rose Lab,,,"[""colorless""]",[],[],[],"[""触发·回合开始"",""摧毁·单位"",""牌库·抽牌""]",,在你的开始阶段开始时，你可以选择摧毁一名此处由你控制的单位，以此抽一张牌。（此行动在得分前进行。）,"<p>At the start of your Beginning Phase, you may kill a unit you control here to draw 1. (This happens before scoring.)</p>",0,0,0,不凡,UNL,,,false,2026-06-18 15:11:45.821819+00,2026-08-11 04:32:05.530677+00,"[""战场""]",1
611615a1-4819-4f5d-9688-10352ff8af6e,OGN-042,翠意符文,Calm Rune,,,"[""green""]",[],[],[],,,,,0,0,0,普通,OGN,,,false,2026-06-18 15:11:45.129603+00,2026-08-11 04:32:05.530677+00,"[""符文""]",12
61830fd6-6186-4de8-a659-2a0c2975c926,OGN-006,嚼火者手雷,Flame Chompers,,,"[""red""]","[""祖安""]",,,"[""触发·弃置"",""费用·可选额外"",""费用·免费打出""]",,当你弃置我时，你可以选择支付{{红色}}，改为将我打出到场上。,"<p>When you discard me, you may pay :rb_rune_fury: to play me.</p>",3,0,3,普通,OGN,“嚼嚼手雷，上啊！”——金克丝,"""GET 'EM, CHOMPIES!""
-Jinx",false,2026-06-18 15:11:45.129603+00,2026-08-10 07:41:29.350663+00,"[""单位""]",
6206873c-7934-4841-9a37-c7cae5fefe8d,OGN-267,赏金猎人,Bounty Hunter,,,"[""orange"",""purple""]",[],[],"[""游走""]","[""主动·横置技能"",""移动·单位""]",厄运小姐,{{横置}}：让一名单位本回合内获得{{游走}}。（它可以向其他战场进行移动。）,<p>:rb_exhaust:: Give a unit [Ganking] this turn. (It can move from battlefield to battlefield.)</p>,0,0,0,稀有,OGN,,,false,2026-06-18 15:11:45.129603+00,2026-08-11 04:32:05.530677+00,"[""传奇""]",1
621f1e5a-2d18-4229-b0b6-ae7acac7958f,VEN-025,圣职尊者,Esteemed Hierophant,,,"[""green""]","[""恕瑞玛""]",,,"[""符文·数量条件"",""保护·抵挡伤害""]",,如果你控制的符文不少于七枚，则抵挡所有敌方法术和技能将对我造成的伤害。,"While you control 7 or more runes, prevent all damage that enemy spells and abilities would deal to me.",5,0,5,普通,VEN,名望、集体，总能给人带来非凡的力量。,,false,2026-07-10 11:00:46.719761+00,2026-08-10 07:41:29.350663+00,"[""单位""]",
6220b40c-7070-4ca2-9314-652ecc2d380f,VEN-115,海洋亚龙,Ocean Drake,,,"[""purple""]","[""艾欧尼亚""]","[""龙""]",,"[""位置·开放战场"",""触发·进场"",""互动·返回手牌"",""特性·属性联动""]",,"你可以选择将我打出到一处开放的战场。
当你打出我时，你可以选择让一名非“龙”属性的单位返回其所属的手牌。","You may play me to an open battlefield.
When you play me, you may return a non-Dragon unit to its owner's hand.",8,2,7,史诗,VEN,那片蔚蓝色的闪光，是对你的唯一警告。,,false,2026-07-09 16:49:03.36084+00,2026-08-10 07:41:29.350663+00,"[""单位""]",
6226d6d9-8bdc-47f0-91f5-153fab3cf06b,VEN-039,崩解之沙,Crumbling Sands,,,"[""green""]",,,"[""反应""]","[""反制·无效化法术""]",,"{{反应}}（可在任意时机打出，甚至先于其他法术和技能的结算。）
如果对手在本回合内打出过其他法术，则无效化一个法术。","[Reaction] (Play any time, even before spells and abilities resolve.)
Counter a spell if an opponent has played another spell this turn.",1,1,0,稀有,VEN,时间，会让一切贪婪化为尘土。,,false,2026-07-14 11:54:00.306963+00,2026-08-10 07:41:29.350663+00,"[""法术""]",
62fa669c-2cca-4c3b-894d-cf8afb97a042,OGN-277,后巷酒吧,Back-Alley Bar,,,"[""colorless""]",[],[],[],"[""触发·移动"",""战力·增强单体"",""战力·增强本回合""]",,每当一名单位从此处向别处移动时，让其本回合内{{S}}+1。,"<p>When a unit moves from here, give it +1 :rb_might: this turn.</p>",0,0,0,不凡,OGN,,,false,2026-06-18 15:11:45.129603+00,2026-08-11 04:32:05.530677+00,"[""战场""]",1
63932623-997f-4203-9552-7602292b1600,UNL-089,烬,Jhin,匠心索命,Meticulous Killer,"[""blue""]","[""艾欧尼亚""]",[],"[""预知""]","[""牌库·查看"",""牌库·放回"",""费用·可选额外""]",烬,"{{预知}}（当你打出我时，查看主牌堆顶部的一张牌，你可以选择将其回收。）
如果你在本回合消耗了不低于{{4}}的费用来打出一个法术，则你可以选择支付{{蓝色}}来将我打出。","<p>[Vision] (When you play me, look at the top card of your Main Deck. You may recycle it.)<br />If you've spent :rb_energy_4: or more to play a spell this turn, you may play me for :rb_rune_mind:.</p>",4,0,4,史诗,UNL,“一二三四，二二三四……”,,false,2026-06-18 15:11:45.821819+00,2026-08-10 07:41:29.350663+00,"[""英雄单位""]",
63aeceab-a310-4d4f-b402-a9d8fe89105a,OGN-207,荣耀召唤,Call to Glory,,,"[""yellow""]",[],[],"[""反应""]","[""费用·可选额外"",""增益·消耗"",""费用·免费打出"",""战力·增强单体"",""战力·增强本回合""]",,"{{反应}}（可在任意时机打出，甚至先于其他法术和技能的结算。）
打出此牌时，你可以选择消耗一个增益作为额外费用。若如此做，则无视此法术的费用。
给予一名单位在本回合内{{S}}+3。","<p>[Reaction] (Play any time, even before spells and abilities resolve.)<br />As you play this, you may spend a buff as an additional cost. If you do, ignore this spell's cost.<br />Give a unit +3 :rb_might: this turn.</p>",3,0,0,普通,OGN,,,false,2026-06-18 15:11:45.129603+00,2026-08-10 07:41:29.350663+00,"[""法术""]",
64181887-821f-4c59-a793-999c6e8004cc,UNL-175,战术撤退,Tactical Retreat,,,"[""yellow""]",[],[],"[""反应""]","[""保护·免死替身"",""状态·休眠化"",""互动·召回基地"",""触发·摧毁""]",,"{{反应}}（可在任意时机打出，甚至先于其他法术和技能的结算。）
选择一名友方单位。本回合内，在该单位下次被摧毁时，改为移除其所受伤害、将其变为休眠状态、并将其召回。（把该单位送回基地，此行动不算作移动。）","<p>[Reaction] (Play any time, even before spells and abilities resolve.)<br />Choose a friendly unit. The next time it would die this turn, heal it, exhaust it, and recall it instead. (Send it to base. This isn't a move.)</p>",2,0,0,稀有,UNL,有勇不如有谋。,,false,2026-06-18 15:11:46.036748+00,2026-08-10 07:41:29.350663+00,"[""法术""]",
6422dfeb-d196-4243-9f8e-baf8806600df,UNL-085,地沟区地图,Sumpworks Map,,,"[""blue""]",[],[],"[""反应"",""瞬息""]","[""牌库·抽牌""]",,"{{反应}}（可在任意时机打出，甚至先于其他法术和技能的结算。）
{{瞬息}}（在其控制者的开始阶段开始时，结算得分之前将其摧毁。）
当一名对手得分时，抽一张牌。","<p>[Reaction] (Play any time, even before spells and abilities resolve.)<br />[Temporary] (Kill this at the start of its controller's Beginning Phase, before scoring.)<br />When an opponent scores, draw 1.</p>",2,0,0,稀有,UNL,“等等，好像拿反了。”,,false,2026-06-18 15:11:46.036748+00,2026-08-10 07:41:29.350663+00,"[""装备""]",
64245e3a-4dd2-4677-83d3-414fc0df71a6,OGS-023,德玛西亚之力,Might of Demacia - Starter,入门,,"[""orange"",""yellow""]",[],[],[],"[""触发·征服"",""牌库·抽牌""]",盖伦,当你征服一处战场时，如果你在该战场上拥有不少于四名单位，则抽两张牌。,"<p>When you conquer, if you have 4+ units at that battlefield, draw 2.</p>",0,0,0,稀有,OGS,,,false,2026-06-18 15:11:45.129603+00,2026-08-11 04:32:05.530677+00,"[""传奇""]",1
647e15d6-a090-4491-863a-635460193dfa,OGN-125,比尔吉沃特恶霸,Bilgewater Bully,,,"[""orange""]","[""比尔吉沃特""]",[],"[""游走""]","[""增益·数量联动"",""移动·单位""]",,如果我拥有增益，则我获得{{游走}}。（我可以向其他战场进行移动。）,"<p>While I'm buffed, I have [Ganking]. (I can move from battlefield to battlefield.)</p>",6,0,6,普通,OGN,还有地方要去，还有人要抓。,,false,2026-06-18 15:11:45.129603+00,2026-08-10 07:41:29.350663+00,"[""单位""]",
648dc72e-8cdb-4f24-8baf-537a4174b7a3,OGN-254,诺克萨斯断头台,Noxian Guillotine,,,"[""red"",""yellow""]",[],[],"[""鼓舞"",""迅捷""]","[""摧毁·单位"",""触发·打出""]",德莱厄斯,"{{迅捷}}（可在你的回合或法术对决中打出。）
选择一名单位，在它本回合下次受到伤害时，将其摧毁。
{{鼓舞}}—改为立即将其摧毁。（如果你在本回合内已打出过其他卡牌，则发动此效果。）",<p>[Action] (Play on your turn or in showdowns.)<br />Choose a unit. Kill it the next time it takes damage this turn.<br />[Legion] — Kill it now instead. (Get the effect if you've played another card this turn.)</p>,4,1,0,史诗,OGN,,,false,2026-06-18 15:11:45.129603+00,2026-08-10 07:41:29.350663+00,"[""专属法术""]",
65258925-24c9-4caf-9050-e93112bc7587,VEN-078,枯爪巴凯,Baccai Witherclaw,,,"[""orange""]","[""恕瑞玛""]",,"[""强化"",""绝念""]","[""强化·强化"",""强化·已强化奖励"",""战力·增强单体"",""战力·永久成长"",""触发·摧毁"",""符文·召出""]",,"{{强化1AA}}（支付{{1}}和{{A}}{{A}}：强化我。仅在未强化时可用。）
{{已强化>}} 我获得{{S}}+2。
{{已强化>}}{{>绝念>}} 召出两枚休眠的符文。（当我在已强化状态下被摧毁时，发动此效果。）","[Empower] :rb_energy_1::rb_rune_rainbow::rb_rune_rainbow: (:rb_energy_1::rb_rune_rainbow::rb_rune_rainbow:: Empower me. Use only if not Empowered.)
[Empowered][&gt;] I have +2 :rb_might:.
[Empowered][&gt;][&gt;&gt;][Deathknell][&gt;] Channel 2 runes exhausted. (When I die while Empowered, get the effect.)",4,0,4,不凡,VEN,,,false,2026-07-20 10:23:59.547404+00,2026-08-10 07:41:29.350663+00,"[""单位""]",
652c9ce9-4f75-4353-afdc-1be4b92e0472,OGN-246,维克托,Viktor,领袖,Leader,"[""yellow""]","[""祖安""]",[],[],"[""持续·光环常驻"",""触发·摧毁"",""衍生·单位""]",维克托,如果我在场上，则每当你的另一名非“随从”单位被摧毁时，打出一名1{{S}}的“随从”到你的基地。,"<p>When another non-Recruit unit you control dies, play a 1 :rb_might: Recruit unit token into your base.</p>",4,1,4,史诗,OGN,“我是第一个献身者。”,,false,2026-06-18 15:11:45.129603+00,2026-08-10 07:41:29.350663+00,"[""英雄单位""]",
668ae9a7-d718-4083-b00e-16c117b83dc2,VEN-T04,随从,Recruit (NX),,,"[""colorless""]",,"[""随从""]",,,,,,0,0,1,普通,VEN,要挣得崔法利的名号，可没那么容易。,,false,2026-07-09 16:49:03.36084+00,2026-07-21 07:23:54.117848+00,"[""指示物单位""]",
66a8b543-366d-4eac-b701-5db7abde78fe,UNL-073,致命华彩,Deadly Flourish,,,"[""blue""]",[],[],"[""反应"",""获得""]","[""伤害·单体"",""触发·摧毁"",""衍生·装备""]",,对一名敌方单位造成3点伤害。当该单位在本回合被摧毁时，打出一个休眠的“金币”装备指示物。（其具有“{{反应>}} 摧毁此牌，{{横置}}：{{获得}}{{A}}。”）,"<p>Deal 3 to an enemy unit. When it dies this turn, play a Gold gear token exhausted. (It has ""[Reaction][>] Kill this, :rb_exhaust:: [Add] :rb_rune_rainbow:."")</p>",4,0,0,不凡,UNL,"“世界残酷，但并非一定丑陋。”
——烬",,false,2026-06-18 15:11:45.821819+00,2026-08-10 07:41:29.350663+00,"[""法术""]",
66d36085-b291-4188-b67e-9a08d74aa7b2,SFD-119,贾克斯,Jax,无情攻势,Unrelenting,"[""orange""]","[""艾卡西亚""]",[],"[""装配"",""百炼""]","[""费用·减费"",""费用·可选额外"",""牌库·抽牌""]",贾克斯,"{{百炼}}（当你打出我时，你可以选择为我{{装配}}你的一件武装，其装配费用减少{{A}}。可选择已贴附的武装。）
当你为我贴附武装时，可以选择支付{{1}}，以此抽一张牌。","<p>[Weaponmaster] (When you play me, you may [Equip] one of your Equipment to me for :rb_rune_rainbow: less, even if it's already attached.)<br />When you attach an Equipment to me, you may pay :rb_energy_1: to draw 1.</p>",4,1,3,史诗,SFD,,,false,2026-06-18 15:11:45.468662+00,2026-08-10 07:41:29.350663+00,"[""英雄单位""]",
679b4364-9778-4f24-8827-bde743f83d1b,OGN-112,卡莎,Kai'Sa,蜕变者,Evolutionary,"[""blue""]","[""虚空之地""]",[],"[""游走""]","[""触发·征服"",""牌库·打出"",""费用·免费打出"",""牌库·回收""]",卡莎,"{{游走}}（我可以向其他战场进行移动。）
当我征服一处战场时，你可以选择从废牌堆中打出一张法力费用低于你当前分数的法术牌，无需支付其法力费用，然后将其回收（仍需支付所有符能费用）。","<p>[Ganking] (I can move from battlefield to battlefield.)<br />When I conquer, you may play a spell from your trash with Energy cost less than your points without paying its Energy cost. Then recycle it. (You must still pay its Power cost.)</p>",6,1,6,稀有,OGN,,,false,2026-06-18 15:11:45.129603+00,2026-08-10 07:41:29.350663+00,"[""英雄单位""]",
682220e6-dc1b-4ae5-8d7c-4c8e1af114b5,UNL-137,悚悚魄罗,Sinister Poro,,,"[""purple""]","[""暗影岛""]","[""魄罗""]",[],"[""触发·进攻"",""费用·可选额外"",""移动·敌方"",""互动·召回基地""]",,当我进攻时，你可以选择支付{{1}}，将此处的一名敌方单位移动到其基地。,"<p>When I attack, you may pay :rb_energy_1: to move an enemy unit here to its base.</p>",2,1,1,不凡,UNL,你难道忍心告诉他他其实一点儿也不可怕吗？,,false,2026-06-18 15:11:45.821819+00,2026-08-10 07:41:29.350663+00,"[""单位""]",
683ca6b6-f601-4798-8054-c76b3d932eec,UNL-146,辛德拉,Syndra,卓尔不凡,Transcendent,"[""purple""]","[""艾欧尼亚""]",[],"[""回响""]","[""持续·光环常驻""]",辛德拉,如果我处于法术对决中，则你的法术获得{{回响}}{{2}}{{紫色}}。（你可以选择支付此额外费用，以重复此法术效果。）,"<p>While I'm in a showdown, your spells have [Repeat] :rb_energy_2::rb_rune_chaos:. (You may pay the additional cost to repeat the spell's effect.)</p>",6,1,6,稀有,UNL,“这股能量归我支配。”,,false,2026-06-18 15:11:46.036748+00,2026-08-10 07:41:29.350663+00,"[""英雄单位""]",
69345eb0-5dce-43d2-a3bc-d548266c63b0,SFD-108,狂徒铠甲,Warmog's Armor,,,"[""orange""]",[],"[""武装""]","[""装配""]","[""触发·征服"",""增益·给予""]",,"{{装配橙色}}（支付{{橙色}}：将此牌贴附到你控制的一名单位上。）
当我征服一处战场时，给予我增益。（如果我未拥有增益，则获得一个 {{S}}+1 增益。）{{S}}+1","<p>[Equip] :rb_rune_body: (:rb_rune_body:: Attach this to a unit you control.)</p>
<p>When I conquer, buff me. (If I don't have a buff, I get a +1 :rb_might: buff.)</p>
[S] +1",1,0,0,不凡,SFD,,,false,2026-06-18 15:11:45.468662+00,2026-08-10 07:41:29.350663+00,"[""装备""]",
693beefa-c1d3-43c4-8c4a-e2689e074507,UNL-105,气势逼人的挑战者,Imposing Challenger,,,"[""orange""]","[""艾欧尼亚""]",[],[],"[""触发·移动"",""移动·敌方""]",,当我移动时，你可以选择将一名位于此处且战力低于我的敌方单位移动到另一处战场。,"<p>When I move, you may move an enemy unit here with less Might than me to a different battlefield.</p>",5,0,5,不凡,UNL,“就没有人敢与我们的新冠军一战吗？”,,false,2026-06-18 15:11:46.036748+00,2026-08-10 07:41:29.350663+00,"[""单位""]",
6968dbf1-214c-4faf-a402-5d522496afca,UNL-197,皎月女神,Scorn of the Moon,,,"[""blue"",""purple""]",[],[],"[""反应"",""获得""]","[""主动·横置技能"",""资源·获得费用""]",黛安娜,{{反应>}} {{横置}}：{{获得}}{{1}}。此法力仅可在法术对决期间消耗。（获得费用资源的技能无法成为其他法术的反应目标。）,<p>[Reaction][>] :rb_exhaust:: [Add] :rb_energy_1:. Spend this Energy only during showdowns. (Abilities that add resources can't be reacted to.)</p>,0,0,0,稀有,UNL,,,false,2026-06-18 15:11:45.821819+00,2026-08-11 04:32:05.530677+00,"[""传奇""]",1
698bb4fe-5382-4a27-95f9-8cc2605abc16,UNL-011,魔法鲜豆,Fresh Beans,,,"[""red""]",[],[],[],"[""触发·打出"",""状态·休眠化"",""牌库·抽牌""]",,当你在法术对决期间打出单位时，你可以选择让此装备变为休眠状态，以此抽一张牌。,"<p>When you play a unit during a showdown, you may exhaust this to draw 1.</p>",2,0,0,不凡,UNL,新鲜得快冒芽了。,,false,2026-06-18 15:11:45.821819+00,2026-08-10 07:41:29.350663+00,"[""装备""]",
69997736-e64a-46b6-ac05-085139caea48,OGN-026,颂雷者 布林希尔,Brynhir Thundersong,,,"[""red""]","[""弗雷尔卓德""]",[],[],"[""触发·进场"",""限制·行动禁止""]",,当你打出我时，对手本回合内不能打出卡牌。,"<p>When you play me, opponents can't play cards this turn.</p>",6,0,5,稀有,OGN,“嘘，听天空的怒鸣。”,,false,2026-06-18 15:11:45.468662+00,2026-08-10 07:41:29.350663+00,"[""单位""]",
69e3be04-b1a7-4979-bb6c-ff9494a6e3d6,OGN-131,沙丘亚龙,Dune Drake,,,"[""orange""]","[""恕瑞玛""]","[""龙""]",[],"[""触发·进攻"",""战力·条件加成"",""战力·增强本回合""]",,当我进攻时，如果此处有处于活跃状态的敌方单位，则让我在本回合内{{S}}+2。,"<p>When I attack, give me +2 :rb_might: this turn if there is a ready enemy unit here.</p>",5,0,5,普通,OGN,龙之所以狩猎，不止是为了食物，还为了好玩。,,false,2026-06-18 15:11:45.129603+00,2026-08-10 07:41:29.350663+00,"[""单位""]",
6aa269e9-3b66-4236-aa6b-80a6434b4efd,UNL-037,影卫,Shadow Watcher,,,"[""green""]","[""艾欧尼亚""]",[],[],"[""触发·摧毁"",""状态·以活跃进场""]",,本回合内，如果一名友方单位在你的开始阶段被摧毁，则我以活跃状态进场。,"<p>If a friendly unit died during your Beginning Phase this turn, I enter ready.</p>",4,1,5,普通,UNL,它紧随记忆的脚步。,,false,2026-06-18 15:11:45.821819+00,2026-08-10 07:41:29.350663+00,"[""单位""]",
6aea692e-fb2e-4599-9b52-de49f5e38540,UNL-042,走开,Back Off,,,"[""green""]",[],[],"[""待命"",""眩晕"",""迅捷""]","[""状态·眩晕"",""牌库·抽牌""]",,"{{待命}}（支付{{A}}正面朝下放置此牌，之后可支付{{0}}将其当作反应牌打出。）
{{迅捷}}（可在你的回合或法术对决中打出。）
{{眩晕}}一名单位。（使其在本回合内无法造成战斗伤害。）
如果你从手牌中打出此牌，则抽一张牌。","<p>[Hidden] (Hide now for :rb_rune_rainbow: to react with later for :rb_energy_0:.)<br />[Action] (Play on your turn or in showdowns.)<br />[Stun] a unit. (It doesn't deal combat damage this turn.)<br />If you played this from your hand, draw 1.</p>",3,0,0,不凡,UNL,"“呃……”
——薇古丝",,false,2026-06-18 15:11:45.821819+00,2026-08-10 07:41:29.350663+00,"[""法术""]",
6bbe021e-f670-4964-a0ab-a7eb27b802ee,SFD-087,先知之兆,Premonition,,,"[""blue""]",[],[],"[""反应""]","[""牌库·抽牌""]",,"{{反应}}（可在任意时机打出，甚至先于其他法术和技能的结算。）
抽三张牌。","<p>[Reaction] (Play any time, even before spells and abilities resolve.)<br />Draw 3.</p>",2,3,0,史诗,SFD,智慧源于力量，力量生自智慧。,,false,2026-06-18 15:11:45.468662+00,2026-08-10 07:41:29.350663+00,"[""法术""]",
6c556667-c6f7-4326-b77a-d16b4724e1e4,SFD-156,劳伦特剑使,Laurent Duelist,,,"[""yellow""]","[""德玛西亚""]",[],"[""强攻2""]",[],,{{强攻2}}（如果我是进攻方，则{{S}}+2。）,<p>[Assault 2] (+2 :rb_might: while I'm an attacker.)</p>,4,0,3,普通,SFD,“不，老对手，这不叫两面三刀，不过是以剑还剑罢了。”,,false,2026-06-18 15:11:45.821819+00,2026-08-10 07:41:29.350663+00,"[""单位""]",
6c656b5b-2d69-4335-812e-47ec5305dd79,UNL-142,残酷复活,Heedless Resurrection,,,"[""purple""]",[],[],"[""反应""]","[""费用·强制额外"",""摧毁·单位"",""牌库·打出"",""费用·免费打出""]",,"{{反应}}（可在任意时机打出，甚至先于其他法术和技能的结算。）
你必须摧毁一名友方单位，作为打出此牌的额外费用。
从你的废牌堆中打出一名法力和符能费用不高于被摧毁单位的单位，无视其费用。","<p>[Reaction] (Play any time, even before spells and abilities resolve.)<br />As an additional cost to play this, kill a friendly unit.<br />Play a unit from your trash that costs no more Energy and no more Power than the killed unit, ignoring its cost.</p>",2,1,0,稀有,UNL,,,false,2026-06-18 15:11:45.821819+00,2026-08-10 07:41:29.350663+00,"[""法术""]",
6cd8e9c6-b59c-405c-a8d2-1ae69624ef1d,OGN-106,精灵之母,Sprite Mother,,,"[""blue""]",[],"[""仙灵""]","[""瞬息""]","[""触发·进场"",""衍生·单位"",""状态·以活跃进场""]",,当你打出我时，在此处打出一个处于活跃状态的3{{S}}“精灵”，它拥有{{瞬息}}。（在其控制者的下个回合开始阶段，结算得分之前将其摧毁。）,"<p>When you play me, play a ready 3 :rb_might: Sprite unit token with [Temporary] here. (Kill it at the start of its controller's Beginning Phase, before scoring.)</p>",4,1,3,不凡,OGN,“来吧，小家伙们。”,,false,2026-06-18 15:11:45.468662+00,2026-08-10 07:41:29.350663+00,"[""单位""]",
6d419482-4339-4e81-ab14-8461f373314b,SFD-T01,机器人,,,,"[""colorless""]",[],"[""机械""]",[],,,,,0,0,3,普通,SFD,"确实，它们吵闹、混乱、不可靠。但说到底,人也如此。",,false,2026-06-18 15:11:45.821819+00,2026-08-08 06:06:51.000441+00,"[""指示物单位""]",
6d921e32-a13e-4254-bec0-f63fe6fc36b0,SFD-173,索拉卡,Soraka,星尘逆旅,Wanderer,"[""yellow""]","[""巨神峰""]",[],[],"[""保护·免死替身"",""触发·摧毁"",""状态·休眠化"",""互动·召回基地""]",索拉卡,"我在战斗中最后承担伤害。
如果你在此处控制的另一名单位被摧毁，且该单位的战力低于我，则改为移除其所受伤害，让其变为休眠状态，并将其召回。（把该单位送回基地，此行动不算作移动。）","<p>I must be assigned combat damage last.<br />If another unit you control here would die, if it has less Might than me, instead heal it, exhaust it, and recall it. (Send it to base. This isn't a move.)</p>",4,1,4,稀有,SFD,“不要做无谓的争辩。”,,false,2026-06-18 15:11:45.468662+00,2026-08-10 07:41:29.350663+00,"[""英雄单位""]",
6da0adfc-4066-47b3-8577-9ceb4c299b30,OGN-161,亡花掠食者,Deadbloom Predator,,,"[""orange""]","[""暗影岛""]",[],"[""法盾""]",[],,"{{法盾}}（对手必须支付{{A}}才能将我作为法术或技能的目标。）
你可以选择将我打出到敌方控制的战场。",<p>[Deflect] (Opponents must pay :rb_rune_rainbow: to choose me with a spell or ability.)<br />You may play me to an occupied enemy battlefield.</p>,8,2,8,史诗,OGN,夙愿未竟的亡魂会聚集成新的形体，以求满足自己的执念。,,false,2026-06-18 15:11:45.129603+00,2026-08-10 07:41:29.350663+00,"[""单位""]",
6da6ca92-568a-49c1-a091-b201deb3cf9e,OGN-149,食肉蛇藤,Carnivorous Snapvine,,,"[""orange""]","[""暗影岛""]",[],[],"[""触发·进场"",""伤害·等同战力""]",,当你打出我时，选择任意战场上的一名敌方单位，让我和这名单位相互以自身战力给对方造成伤害。,"<p>When you play me, choose an enemy unit at a battlefield. We deal damage equal to our Mights to each other.</p>",5,2,6,稀有,OGN,通常来说，园艺是种陶冶身心的爱好。,,false,2026-06-18 15:11:45.129603+00,2026-08-10 07:41:29.350663+00,"[""单位""]",
6dd4d8a9-2520-480b-ac15-06e77c53564a,UNL-205,废弃大厅,Abandoned Hall,,,"[""colorless""]",[],[],[],"[""触发·打出"",""战力·增强单体"",""战力·增强本回合""]",,当一名玩家打出法术时，该玩家可以选择让自己在此处控制的一名单位在本回合内{{S}}+1。,"<p>When a player plays a spell, they may give a unit they control here +1 :rb_might: this turn.</p>",0,0,0,不凡,UNL,,,false,2026-06-18 15:11:46.036748+00,2026-08-11 04:32:05.530677+00,"[""战场""]",1
6ddf547d-c153-4054-800d-98f82122afd9,SFD-101,仙灵龙,Fae Dragon,,,"[""orange""]","[""班德尔城""]","[""仙灵"",""龙""]",[],"[""触发·进场"",""增益·给予"",""增益·消耗"",""衍生·装备""]",,"当你打出我时，给予最多四名友方单位增益。（每名未拥有增益的单位获得一个{{S}}+1增益。）
当你消耗一个增益时，打出一个休眠的“金币”装备指示物。","<p>When you play me, buff up to four friendly units. (Give each a +1 :rb_might: buff if it doesn't have one.)<br />When you spend a buff, play a Gold gear token exhausted.</p>",7,1,7,不凡,SFD,负责把守精神与物质世界之间界限的仙灵，对待这份职责可谓是一丝不苟。,,false,2026-06-18 15:11:45.821819+00,2026-08-10 07:41:29.350663+00,"[""单位""]",
6e1b383c-2249-4714-9053-28c7cf08837a,OGN-230,阿不思·菲罗斯,Albus Ferros,,,"[""yellow""]","[""皮尔特沃夫""]",[],[],"[""触发·进场"",""增益·消耗"",""符文·召出"",""增益·数量联动""]",,当你打出我时，可选择消耗任意数量的增益。每消耗一个增益，便召出一枚休眠符文。,"<p>When you play me, spend any number of buffs. For each buff spent, channel 1 rune exhausted.</p>",4,0,3,稀有,OGN,在皮尔特沃夫，成为伟大发明家的最好办法，就是找个伟大的投资人。,,false,2026-06-18 15:11:45.129603+00,2026-08-10 07:41:29.350663+00,"[""单位""]",
6e5ada6b-7349-4774-b763-5834264d2cb8,VEN-057,秘密线人,Covert Informant,,,"[""blue""]","[""诺克萨斯""]",,"[""强化""]","[""强化·强化"",""强化·已强化奖励"",""触发·移动"",""牌库·抽牌""]",,"{{强化3}}（支付{{3}}：强化我。仅在未强化时可用。）
{{已强化>}} 当我移动时，抽一张牌。","[Empower] :rb_energy_3: (:rb_energy_3:: Empower me. Use only if not Empowered.)
[Empowered][&gt;] When I move, draw 1.",3,1,4,不凡,VEN,一人所知，是为秘密；两人所知，是为交易。,,false,2026-07-20 10:23:59.547404+00,2026-08-10 07:41:29.350663+00,"[""单位""]",
6ebd4091-d851-4742-a19d-7dbbc80332bd,OGN-203,据为己有,Possession,,,"[""purple""]",[],[],"[""迅捷""]","[""互动·夺控"",""互动·召回基地""]",,"{{迅捷}}（可在你的回合或法术对决中打出。）
选择战场上的一名敌方单位，获得它的控制权并将其召回。（将其送到你的基地。此动作不被视为移动。）",<p>[Action] (Play on your turn or in showdowns.)<br />Choose an enemy unit at a battlefield. Take control of it and recall it. (Send it to your base. This isn't a move.)</p>,8,3,0,史诗,OGN,有些人自己会转变心意， 其他人则需要你帮他们一把。,,false,2026-06-18 15:11:45.129603+00,2026-08-10 07:41:29.350663+00,"[""法术""]",
6fde6f35-56f2-45ce-b421-5f10288b2b39,SFD-199,探险家,Prodigal Explorer,,,"[""blue"",""purple""]",[],[],"[""反应""]","[""主动·横置技能"",""牌库·抽牌""]",伊泽瑞尔,{{横置}}：{{反应}} — 抽一张牌。只有当你在本回合内，两次将敌方单位或装备选为法术或单位技能的目标后，才能使用此技能。,<p>:rb_exhaust:: [Reaction] — Draw 1. Use only if you've chosen enemy units and/or gear twice this turn with spells or unit abilities.</p>,0,0,0,稀有,SFD,,,false,2026-06-18 15:11:45.468662+00,2026-08-11 04:32:05.530677+00,"[""传奇""]",1
6fec61d8-13cb-49a3-b7fb-3807c2d4740b,SFD-106,实力至上,Show of Strength,,,"[""orange""]",[],[],"[""反应"",""强力""]","[""牌库·抽牌""]",,"{{反应}}（可在任意时机打出，甚至先于其他法术和技能的结算。）
你每控制一名{{强力}}单位，就抽一张牌。（战力达到5或以上时，即为强力单位。）","<p>[Reaction] (Play any time, even before spells and abilities resolve.)<br />Draw 1 for each of your [Mighty] units. (A unit is Mighty while it has 5+ :rb_might:.)</p>",2,1,0,不凡,SFD,数量即是力量。,,false,2026-06-18 15:11:45.821819+00,2026-08-10 07:41:29.350663+00,"[""法术""]",
701c715b-0e87-404d-9e17-3a0ab4ecfedf,UNL-153,腐泥疏浚工,Carrion Dredger,,,"[""yellow""]","[""祖安""]","[""机械""]","[""法盾"",""绝念""]","[""触发·摧毁"",""衍生·单位""]",,{{绝念>}} 打出一名1{{S}}的“战鹰”到你的基地，它拥有{{法盾}}。（当我被摧毁后，发动此效果。对手必须支付{{A}}才能将拥有{{法盾}}的目标选作法术或技能的目标。）,"<p>[Deathknell][>] Play a 1 :rb_might: Bird unit token with [Deflect] to your base. (When I die, get the effect. Opponents must pay :rb_rune_rainbow: to choose a [Deflect] unit with a spell or ability.)</p>",2,0,1,普通,UNL,机器人停了下来，凝视着前方。在一片废墟之中，躺着一颗完好无损的蛋。,,false,2026-06-18 15:11:46.036748+00,2026-08-10 07:41:29.350663+00,"[""单位""]",
709c0728-04df-403f-8b95-b18a27b0c06e,VEN-064,广场守卫,Plaza Guardian,,,"[""blue""]","[""皮尔特沃夫""]","[""机械""]","[""法盾""]","[""费用·条件减费""]",,"你每控制一件装备，我的费用便减少{{1}}。
{{法盾}}（对手必须支付{{A}}才能将我选作法术或技能的目标。）","I cost :rb_energy_1: less for each gear you control.
[Deflect] (Opponents must pay :rb_rune_rainbow: to choose me with a spell or ability.)",10,0,8,稀有,VEN,起初，人们非常愤怒；可没过多久，他们就学会了无视它。,,false,2026-07-15 12:42:50.861849+00,2026-08-10 07:41:29.350663+00,"[""单位""]",
70fae2e2-38b5-4993-ae95-173420edfaea,SFD-141,艾瑞莉娅,Irelia,绝世风华,Graceful,"[""purple""]","[""艾欧尼亚""]",[],[],"[""费用·减费"",""持续·光环常驻""]",艾瑞莉娅,你以我为目标的法术费用减少{{1}}或{{A}}。,<p>Your spells that choose me cost :rb_energy_1: or :rb_rune_rainbow: less.</p>,4,1,4,稀有,SFD,“我能做的，别人都不行，所以我责无旁贷。”,,false,2026-06-18 15:11:45.468662+00,2026-08-10 07:41:29.350663+00,"[""英雄单位""]",
71093dc7-550a-45f9-8dc6-14d573282ba8,UNL-071,环刃舞者,Chakram Dancer,,,"[""blue""]","[""比尔吉沃特""]",[],"[""坚守"",""反应"",""伏击""]","[""触发·进场"",""战力·增强群体"",""战力·增强本回合""]",,"{{伏击}}（你可以选择将我作为{{反应}}牌，打出到有己方单位的战场。）
当你打出我时，让你此处的其他单位本回合内获得{{坚守}}。（如果他们是防守方，则{{S}}+1。）","<p>[Ambush] (You may play me as a [Reaction] to a battlefield where you have units.)<br />When you play me, give your other units here [Shield] this turn. (+1 :rb_might: while they're defenders.)</p>",3,0,3,不凡,UNL,优雅。从容。致命。,,false,2026-06-18 15:11:46.036748+00,2026-08-10 07:41:29.350663+00,"[""单位""]",
71411364-e798-4896-8673-11d6b9952bef,SFD-138,吟风翼,Windsinger,,,"[""purple""]","[""艾欧尼亚""]",[],"[""待命""]","[""触发·进场"",""互动·返回手牌""]",,"{{待命}}（支付{{A}}正面朝下放置此牌，之后可支付{{0}}将其当作反应牌打出。）
当你打出我时，你可以选择让战场上另一名不高于3{{S}}的单位返回其所属的手牌。","<p>Hidden (Hide now for :rb_rune_rainbow: to react with later for :rb_energy_0:.)<br />When you play me, you may return another unit at a battlefield with 3 :rb_might: or less to its owner's hand.</p>",2,0,1,不凡,SFD,她来去如风，不恋战，不贪荣。,,false,2026-06-18 15:11:45.468662+00,2026-08-10 07:41:29.350663+00,"[""单位""]",
71f3bbaa-0966-485d-95f0-1e335fa17040,SFD-075,进步荣光,Prize of Progress,,,"[""blue""]",[],"[""机械""]",[],"[""战力·增强单体"",""战力·增强本回合""]",,当你使用一件装备的主动技能时，让我本回合内{{S}}+1。,"<p>When you use an activated ability of a gear, give me +1 :rb_might: this turn.</p>",4,1,3,不凡,SFD,在皮尔特沃夫的进化日庆典，就连花车都是划时代的创新杰作。,,false,2026-06-18 15:11:45.468662+00,2026-08-10 07:41:29.350663+00,"[""单位""]",
723dfc67-ff39-46bb-8736-2df9c7cbc105,UNL-218,偶像谷,Valley of Idols,,,"[""colorless""]",[],[],"[""增益""]","[""触发·打出"",""费用·可选额外"",""增益·给予""]",,当一名玩家在此处打出一名单位时，该玩家可以选择支付{{1}}，以此给予该单位{{增益}}。（未拥有增益的单位获得一个{{S}}+1增益。）,"<p>When a player plays a unit here, they may pay :rb_energy_1: to [Buff] it. (Give it a +1 :rb_might: buff if it doesn't have one.)</p>",0,0,0,不凡,UNL,,,false,2026-06-18 15:11:46.036748+00,2026-08-11 04:32:05.530677+00,"[""战场""]",1
7253b731-0f05-4449-811a-120a5df33972,OGN-109,蒙多医生,Dr. Mundo,主治大夫,Expert,"[""blue""]","[""祖安""]",[],[],"[""战力·永久成长"",""触发·回合开始"",""牌库·回收""]",蒙多医生,"提升我的战力，数值等同于你废牌堆的卡牌数量。
在你的回合开始阶段，从废牌堆中回收三张牌。","<p>My Might is increased by the number of cards in your trash.<br />At the start of your Beginning Phase, recycle 3 from your trash.</p>",8,2,6,不凡,OGN,“放松，不会疼的。”,,false,2026-06-18 15:11:45.129603+00,2026-08-10 07:41:29.350663+00,"[""英雄单位""]",
7280b3be-b478-4c93-828e-3f18c3b9c58e,SFD-036,哀哀魄罗,Lonely Poro,,,"[""green""]","[""弗雷尔卓德""]","[""魄罗""]","[""绝念""]","[""触发·摧毁"",""牌库·抽牌""]",,{{绝念}} — 当我被摧毁时，如果此处没有其他友方单位，则抽一张牌。（当我被摧毁后，发动此效果。）,"<p>[Deathknell] — If I died alone, draw 1. (When I die, get the effect. I'm alone if there are no other friendly units here.)</p>",2,0,2,普通,SFD,"远离族群，孑然于世
无人哀悼，唯有冰石
——《哀伤魄罗之歌》",,false,2026-06-18 15:11:45.468662+00,2026-08-10 07:41:29.350663+00,"[""单位""]",
728b63a3-9c7b-45dd-ba09-96f79af87dbc,OGN-129,迎敌号令,Confront,,,"[""orange""]",[],[],"[""迅捷""]","[""状态·以活跃进场"",""牌库·抽牌""]",,"{{迅捷}}（可在你的回合或法术对决中打出。）
在本回合内，你打出的所有单位以活跃状态进场。抽一张牌。",<p>[Action] (Play on your turn or in showdowns.)<br />Units you play this turn enter ready. Draw 1.</p>,2,0,0,普通,OGN,决定胜负的时刻，就是现在！,,false,2026-06-18 15:11:45.129603+00,2026-08-10 07:41:29.350663+00,"[""法术""]",
72ad04a6-a27b-4343-9e0f-42ab674f5329,VEN-163,升格圣坛,Risen Altar,,,"[""colorless""]",,,"[""强化""]","[""持续·光环常驻"",""费用·减费""]",,你在此处的单位的{{强化}}费用减少{{1}}或{{A}}。,[Empower] costs of your units here cost :rb_energy_1: or :rb_rune_rainbow: less.,0,0,0,不凡,VEN,,,false,2026-07-09 16:49:03.36084+00,2026-08-11 04:32:05.530677+00,"[""战场""]",1
72b444a4-51b5-42cb-9f01-34f2f0bbb4f5,UNL-013,莲花陷阱,Lotus Trap,,,"[""red""]",[],[],"[""待命"",""反应""]","[""伤害·法术伤害加成""]",,"{{待命}}（支付{{A}}正面朝下放置此牌，之后可支付{{0}}将其当作反应牌打出。）
{{反应}}（可在任意时机打出，甚至先于其他法术和技能的结算。）
选择一名单位。本回合该单位受到的所有伤害翻倍。","<p>[Hidden] (Hide now for :rb_rune_rainbow: to react with later for :rb_energy_0:.)<br />[Reaction] (Play any time, even before spells and abilities resolve.)<br />Choose a unit. Double all damage that would be dealt to it this turn.</p>",2,0,0,不凡,UNL,"“艺术，发自你的恐惧。”
——烬",,false,2026-06-18 15:11:45.821819+00,2026-08-10 07:41:29.350663+00,"[""法术""]",
7356ed78-2ba2-40d4-9942-082ca68109f0,VEN-069,梅尔,Mel,奥法觉醒,Newly Awakened,"[""blue""]","[""诺克萨斯""]",,"[""强化""]","[""触发·进场"",""牌库·抽牌"",""强化·强化"",""强化·已强化奖励"",""反制·无效化法术""]",梅尔,"当你打出我时，抽一张牌。
{{强化3}}（支付{{3}}：强化我。仅在未强化时可用。）
{{已强化>}} 你的法术和技能无法被无效化。如果你控制的法术或技能将给予其选作目标的一名单位-{{S}}，则其额外给予{{S}}-1。","When you play me, draw 1.
[Empower] :rb_energy_3: (:rb_energy_3:: Empower me. Use only if not Empowered.)
[Empowered][&gt;] Your spells and abilities can't be countered. If a spell or ability you control would give -:rb_might: to a unit it chooses, it gives an additional -1 :rb_might:.",4,1,4,史诗,VEN,,,false,2026-07-09 16:49:03.36084+00,2026-08-10 07:41:29.350663+00,"[""英雄单位""]",
738248bc-3dfd-429f-9418-68eb5eed13af,OGN-276,攀圣长阶,Aspirant's Climb,,,"[""colorless""]",[],[],[],"[""持续·光环常驻""]",,使赢得游戏所需的分数+1。,<p>Increase the points needed to win the game by 1.</p>,0,0,0,不凡,OGN,,,true,2026-06-18 15:11:45.129603+00,2026-08-11 04:32:05.530677+00,"[""战场""]",1
73905c63-af81-4fe1-aea4-4e029c40bfd2,UNL-155,英勇冲锋,Heroic Charge,,,"[""yellow""]",[],[],"[""眩晕"",""迅捷""]","[""战力·增强单体"",""战力·增强本回合"",""状态·眩晕""]",,"{{迅捷}}（可在你的回合或法术对决中打出。）
让一名友方单位本回合内{{S}}+1，并{{眩晕}}其所在位置的一名敌方单位。（被眩晕的单位在本回合内无法造成战斗伤害。）",<p>[Action] (Play on your turn or in showdowns.)<br />Give a friendly unit +1 :rb_might: this turn and [Stun] an enemy unit at its location. (A stunned unit doesn't deal combat damage this turn.)</p>,3,0,0,普通,UNL,"“有的时候，你只需要做你自己。”
——波比",,false,2026-06-18 15:11:46.036748+00,2026-08-10 07:41:29.350663+00,"[""法术""]",
740575b5-cc1e-41c1-9160-2336b69a0c6c,OGN-093,烟幕弹,Smoke Screen,,,"[""blue""]",[],[],"[""反应""]","[""战力·削弱""]",,"{{反应}}（可在任意时机打出，甚至先于其他法术和技能的结算。）
让一名单位在本回合内{{S}}-4，不得低于1{{S}}。","<p>[Reaction] (Play any time, even before spells and abilities resolve.)<br />Give a unit -4 :rb_might: this turn, to a minimum of 1 :rb_might:.</p>",2,1,0,普通,OGN,“哎呀呀，看看这是什么？”,,false,2026-06-18 15:11:45.468662+00,2026-08-10 07:41:29.350663+00,"[""法术""]",
7465a762-5730-4de8-8903-d16ed073e0ce,SFD-085,奥恩,Ornn,熔铸之神,Forge God,"[""blue""]","[""弗雷尔卓德""]",[],"[""装配"",""百炼"",""法盾2""]","[""费用·减费"",""战力·永久成长"",""持续·光环常驻""]",奥恩,"{{法盾2}}（对手必须支付{{A}}{{A}}才能将我选作法术或技能的目标。）
{{百炼}}（当你打出我时，你可以选择为我{{装配}}你的一件武装，其装配费用减少{{A}}。可选择已贴附的武装。）
每有一件友方装备，我便获得{{S}}+1。","<p>[Deflect 2] (Opponents must pay :rb_rune_rainbow::rb_rune_rainbow: to choose me with a spell or ability.)<br />[Weaponmaster] (When you play me, you may [Equip] one of your Equipment to me for :rb_rune_rainbow: less, even if it's already attached.)<br />I have +1 :rb_might: for each friendly gear.</p>",6,0,4,稀有,SFD,,,false,2026-06-18 15:11:45.468662+00,2026-08-10 07:41:29.350663+00,"[""英雄单位""]",
7488e11e-4cb0-4a5f-99e3-a601bf956772,OGN-104,择日再战,Retreat,,,"[""blue""]",[],[],"[""反应""]","[""互动·返回手牌"",""符文·召出""]",,"{{反应}}（可在任意时机打出，甚至先于其他法术和技能的结算。）
让一名友方单位返回其所属的手牌，然后让其拥有者召出一枚休眠的符文。","<p>[Reaction] (Play any time, even before spells and abilities resolve.)<br />Return a friendly unit to its owner's hand. Its owner channels 1 rune exhausted.</p>",1,0,0,不凡,OGN,明天又不会世界末日。,,false,2026-06-18 15:11:45.468662+00,2026-08-10 07:41:29.350663+00,"[""法术""]",
7522a8a9-9cbe-4373-acd5-6e5b7def1f73,OGN-005,碎裂之火,Disintegrate,,,"[""red""]",,,"[""迅捷""]","[""伤害·单体"",""牌库·抽牌""]",,"{{迅捷}}（可在你的回合或法术对决中打出。）

对战场上的一名单位造成 3 点伤害。如果该单位被此法术摧毁，则进行一次：抽一张牌。","<p>[Action] (Play on your turn or in showdowns.)<br />Deal 3 to a unit at a battlefield. If this kills it, do this: draw 1.</p>",4,0,0,普通,OGN,"“化为灰烬，就是他们的宿命。”
——安妮","""Ashes, ashes, they all fall down.""
-Annie",false,2026-06-18 15:11:45.129603+00,2026-08-10 07:41:29.350663+00,"[""法术""]",
75481e64-4306-4ddc-9730-8e19862c73b9,VEN-068,杰斯,Jayce,进步先锋,Brilliant Inventor,"[""blue""]","[""皮尔特沃夫""]",,,"[""触发·进场"",""触发·打出"",""频率·每回合限一次"",""状态·激活""]",杰斯,当你打出我时，或每回合首次你打出一件非指示物装备时，你可以选择让除我以外且处于休眠状态的一个物体变为活跃状态。,"When you play me or the first time you play a non-token gear each turn, you may ready something besides me that's exhausted.",6,1,6,史诗,VEN,“我将照亮前进的路。”,,false,2026-07-09 16:49:03.36084+00,2026-08-10 07:41:29.350663+00,"[""英雄单位""]",
75ccfcfa-6c26-4434-9f74-6d8be5de1f97,OGN-152,雾临剑冢,Mistfall,,,"[""orange""]",[],[],[],"[""增益·给予"",""费用·可选额外"",""状态·休眠化"",""状态·激活""]",,每当你给予一名友方单位增益时，你可以选择支付{{橙色}}让此牌变为休眠状态，以此让该单位变为活跃状态。,"<p>When you buff a friendly unit, you may pay :rb_rune_body: and exhaust this to ready it.</p>",3,0,0,稀有,OGN,千魂梦断于此，只待再起而战。,,false,2026-06-18 15:11:45.129603+00,2026-08-10 07:41:29.350663+00,"[""装备""]",
75ef8ad9-2aee-46bf-b9c0-0cb7965556dc,OGN-196,咂魂者,Soulgorger,,,"[""purple""]","[""暗影岛""]","[""灵体""]",[],"[""触发·进场"",""牌库·打出"",""费用·免费打出""]",,当你打出我时，你可以选择从你的废牌堆中打出一名单位，无视其法力费用（仍需支付所有符能费用）。,"<p>When you play me, you may play a unit from your trash, ignoring its Energy cost. (You must still pay its Power cost.)</p>",8,2,5,稀有,OGN,,,false,2026-06-18 15:11:45.468662+00,2026-08-10 07:41:29.350663+00,"[""单位""]",
76cf5b57-d592-429f-bda6-5f7c63461b63,UNL-202,虚空来袭,Void Assault,,,"[""orange"",""purple""]",[],[],[],"[""移动·单位"",""移动·敌方""]",卡兹克,移动一名友方单位，然后移动一名敌方单位。（如果它们都移动到一处不受你控制的战场，则你视为进攻方。）,"<p>Move a friendly unit, then move an enemy unit. (If they both move to a battlefield you don't control, you're the attacker.)</p>",2,1,0,史诗,UNL,"“如果我把你吃掉的话，能学会如何去死吗？”
——卡兹克",,false,2026-06-18 15:11:45.821819+00,2026-08-10 07:41:29.350663+00,"[""专属法术""]",
77121f18-7fcb-40e4-af16-b93062ecb52d,OGN-052,强强魄罗,Stalwart Poro,,,"[""green""]",[],"[""魄罗""]","[""坚守""]",[],,{{坚守}}（如果我是防守方，则{{S}}+1。）,<p>[Shield] (+1 :rb_might: while I'm a defender.)</p>,2,0,2,普通,OGN,很适合他。,,false,2026-06-18 15:11:45.129603+00,2026-08-10 07:41:29.350663+00,"[""单位""]",
77441bf9-f572-42ad-ba8b-8e5c81d0cd5c,SFD-143,希维尔,Sivir,险中求贵,Mercenary,"[""purple""]","[""恕瑞玛""]",[],"[""急速"",""游走""]","[""战力·条件加成"",""战力·增强本回合"",""移动·单位""]",希维尔,"{{急速}}（你可以选择额外支付{{1}}和{{紫色}}，让我以活跃状态进场。）
在本回合内，如果你至少支付了{{A}}{{A}}，则我获得{{S}}+2和{{游走}}。（我可以向其他战场进行移动。）","<p>[Accelerate] (You may pay :rb_energy_1::rb_rune_chaos: as an additional cost to have me enter ready.)<br />If you've spent at least :rb_rune_rainbow::rb_rune_rainbow: this turn, I have +2 :rb_might: and [Ganking]. (I can move from battlefield to battlefield.)</p>",4,1,4,稀有,SFD,,,false,2026-06-18 15:11:45.821819+00,2026-08-10 07:41:29.350663+00,"[""英雄单位""]",
7761f9f2-afe9-4c2f-8f17-3342f4958a81,SFD-005,印爆术,Detonate,,,"[""red""]",[],[],[],"[""摧毁·装备"",""牌库·抽牌""]",,摧毁一件装备，让其控制者抽两张牌。,<p>Kill a gear. Its controller draws 2.</p>,1,1,0,普通,SFD,没人想握住法杖的另一头。,,false,2026-06-18 15:11:45.468662+00,2026-08-10 07:41:29.350663+00,"[""法术""]",
777c1820-d7a8-4d86-a3de-5261b0c8d949,OGN-055,驭水者,Wielder of Water,,,"[""green""]","[""艾欧尼亚""]",[],[],"[""战力·条件加成""]",,如果我独自进攻或防守一处战场，则我获得 {{S}}+2。,"<p>While I'm attacking or defending alone, I have +2 :rb_might:.</p>",3,0,2,普通,OGN,涓滴之中，蕴藏无限可能。,,false,2026-06-18 15:11:45.129603+00,2026-08-10 07:41:29.350663+00,"[""单位""]",
779026ba-7e33-4d6f-a055-ab2b2f2268c7,UNL-216,皮城学院,The Academy,,,"[""colorless""]",[],[],"[""回响""]","[""触发·据守""]",,当你据守此处时，在本回合内，你的下一个法术获得等同于其基础费用的{{回响}}。（你可以选择支付此额外费用，以重复此法术效果。）,"<p>When you hold here, give your next spell this turn [Repeat] equal to its base cost. (You may pay the additional cost to repeat the spell's effect.)</p>",0,0,0,不凡,UNL,,,false,2026-06-18 15:11:45.821819+00,2026-08-11 04:32:05.530677+00,"[""战场""]",1
77c25b3f-4e33-46cc-a50f-b27f1661d5d1,SFD-155,诚实掮客,Honest Broker,,,"[""yellow""]","[""艾欧尼亚""]",[],"[""绝念""]","[""触发·摧毁"",""衍生·装备""]",,{{绝念}} — 打出一个休眠的“金币”装备指示物。（当我被摧毁后，发动此效果。）,"<p>[Deathknell] — Play a Gold gear token exhausted. (When I die, get the effect.)</p>",2,0,2,普通,SFD,她游走于罪犯、流氓和盗贼之间，经营着天底下最宝贵的资源：信任。,,false,2026-06-18 15:11:45.468662+00,2026-08-10 07:41:29.350663+00,"[""单位""]",
77dd9a08-02ae-4d64-b5c1-dc6d9f5d1a48,SFD-113,卢锡安,Lucian,冷面枪手,Merciless,"[""orange""]","[""德玛西亚""]","[""哨兵""]","[""装配"",""百炼""]","[""费用·减费"",""触发·征服"",""状态·激活"",""频率·每回合限一次""]",卢锡安,"{{百炼}}（当你打出我时，你可以选择为我{{装配}}你的一件武装，其装配费用减少{{A}}。可选择已贴附的武装。）
每回合首次，当我征服一处战场时，让我变为活跃状态。","<p>[Weaponmaster] (When you play me, you may [Equip] one of your Equipment to me for :rb_rune_rainbow: less, even if it's already attached.)<br />The first time I conquer each turn, ready me.</p>",3,0,3,稀有,SFD,“你我二人，一个安然长眠，一个踽踽独行。”,,false,2026-06-18 15:11:45.468662+00,2026-08-10 07:41:29.350663+00,"[""英雄单位""]",
77f232ac-a785-498f-9a8d-fd1a685b89dc,UNL-026,泽拉斯,Xerath,无边能量,Freed,"[""red""]","[""恕瑞玛""]",[],[],"[""主动·横置技能"",""主动·支付费用技能"",""伤害·单体""]",泽拉斯,支付{{红色}}，{{横置}}：对一名单位造成3点伤害。我必须位于战场中才能使用此技能。,"<p>:rb_rune_fury:, :rb_exhaust:: Deal 3 to a unit. Use this ability only while I'm at a battlefield.</p>",5,0,5,稀有,UNL,“我站在永恒的边缘上。”,,false,2026-06-18 15:11:45.821819+00,2026-08-10 07:41:29.350663+00,"[""英雄单位""]",
7814ebe2-45e6-4ae1-a355-60ae694b7fd2,SFD-201,炼金男爵,Chem-Baroness,,,"[""blue"",""yellow""]",[],[],"[""获得""]","[""触发·据守"",""状态·休眠化"",""衍生·装备"",""资源·获得费用""]",烈娜塔·戈拉斯克,"当你或一名友方玩家踞守一处战场时，你可以选择让我变为休眠状态，以此打出一个休眠的“金币”装备指示物。
如果你的得分距离胜利得分不超过3分，则你的“金币”装备指示物的{{获得}}效果额外产生{{1}}。","<p>When you or an ally hold, you may exhaust me to play a Gold gear token exhausted.<br />While your score is within 3 points of the Victory Score, your Gold [ADD] an additional :rb_energy_1:.</p>",0,0,0,稀有,SFD,,,false,2026-06-18 15:11:45.468662+00,2026-08-11 04:32:05.530677+00,"[""传奇""]",1
7819f1eb-b660-4d61-9c99-e4595132c131,VEN-107,不和箴言,Decree of Discord,,,"[""purple""]",,,,"[""互动·返回手牌""]",,将任意数量的具有序理（{{黄色}}）特性的敌方单位返回其所属的手牌，这些单位总计战力不得高于5。,Return any number of enemy Order (:rb_rune_order:) units with total Might 5 or less to their owners' hands.,1,1,0,稀有,VEN,传统只是牢笼。打破枷锁，释放天性。,,false,2026-07-13 14:11:02.122334+00,2026-08-10 07:41:29.350663+00,"[""法术""]",
7826ba45-bdc7-4e45-b1f2-f307adc31a5d,OGN-110,艾克,Ekko,溯时洄光,Recurrent,"[""blue""]","[""祖安""]",[],"[""急速"",""绝念""]","[""触发·摧毁"",""牌库·回收"",""符文·激活""]",艾克,"{{急速}}（你可以选择额外支付{{1}}和{{蓝色}}，让我以活跃状态进场。）
{{绝念}}—回收我，以此让你的所有符文变为活跃状态。（当我被摧毁后，发动此效果。）","<p>[Accelerate] (You may pay :rb_energy_1::rb_rune_mind: as an additional cost to have me enter ready.)<br />[Deathknell] — Recycle me to ready your runes. (When I die, get the effect.)</p>",5,1,5,稀有,OGN,“是时候开始制造麻烦了！”,,false,2026-06-18 15:11:45.129603+00,2026-08-10 07:41:29.350663+00,"[""英雄单位""]",
78b36519-0f44-48d3-91d2-614ef13c9176,UNL-052,娜美,Nami,移海之志,Headstrong,"[""green""]","[""巨神峰""]",[],"[""增益"",""眩晕""]","[""费用·可选额外"",""触发·进场"",""状态·眩晕"",""触发·据守"",""状态·激活"",""增益·给予""]",娜美,"你可以选择支付{{绿色}}，作为打出我的额外费用。
当你打出我时，如果你支付了该额外费用，则{{眩晕}}一名敌方单位。（使其在本回合内无法造成战斗伤害。）
当我据守一处战场时，则你本回合下一次打出一名单位时，让其变为活跃状态，并给予其{{增益}}。","<p>You may pay :rb_rune_calm: as an additional cost to play me.<br />When you play me, if you paid the additional cost, [Stun] an enemy unit. (It doesn't deal combat damage this turn.)<br />When I hold, the next time you play a unit this turn, ready it and [Buff] it.</p>",3,0,3,稀有,UNL,,,false,2026-06-18 15:11:46.036748+00,2026-08-10 07:41:29.350663+00,"[""英雄单位""]",
78b844b1-f664-42b1-b582-ec014db342d7,VEN-086,普朗克,Gangplank,海上霸主,Naval,"[""orange""]","[""比尔吉沃特""]","[""海盗""]","[""强化""]","[""强化·强化"",""强化·已强化奖励"",""战力·增强单体"",""战力·增强本回合""]",普朗克,"{{强化橙色橙色}}（支付{{橙色}}{{橙色}}：强化我。仅在未强化时可用。）
{{已强化>}} 如果一个将我选作目标的法术或技能将眩晕我、或给予我-{{S}}、或把我送回手牌，则改为给予我在本回合内{{S}}+3。","[Empower] :rb_rune_body::rb_rune_body: (:rb_rune_body::rb_rune_body:: Empower me. Use only if not Empowered.)
[Empowered][&gt;] If a spell or ability that chooses me would stun me, give me -:rb_might:, or return me to hand, give me +3 :rb_might: this turn instead.",6,0,6,稀有,VEN,“死亡把我吐了出来。”,,false,2026-07-10 11:00:46.719761+00,2026-08-10 07:41:29.350663+00,"[""英雄单位""]",
7956c509-f11b-49ec-8f7e-3ddae6c17b24,VEN-041,锐雯,Riven,重铸而归,Shattered,"[""green""]","[""诺克萨斯""]",,"[""百炼"",""装配""]","[""费用·减费"",""触发·进攻"",""伤害·单体"",""伤害·法术伤害加成""]",锐雯,"{{百炼}}（当你打出我时，你可以选择为我{{装配}}你的一件武装，其装配费用减少{{A}}。可选择已贴附的武装。）
当我进攻时，选择此处的一名敌方单位。我身上每贴附一件武装，便对其造成2点伤害。","[Weaponmaster] (When you play me, you may [Equip] one of your Equipment to me for :rb_rune_rainbow: less, even if it's already attached.)
When I attack, choose an enemy unit here. Deal 2 to it for each Equipment attached to me.",3,1,3,稀有,VEN,“阅剑知其主。”,,false,2026-07-10 11:00:46.719761+00,2026-08-10 07:41:29.350663+00,"[""英雄单位""]",
799c3b88-93cf-46f1-b0f3-f5fde1fc64af,SFD-020,德莱文,Draven,血斧飞旋,Vanquisher,"[""red""]","[""诺克萨斯""]",,,"[""触发·战斗"",""衍生·装备"",""触发·进攻"",""触发·防守"",""费用·可选额外"",""战力·增强单体"",""战力·增强本回合""]",德莱文,"当我赢得战斗时，打出一个休眠的“金币”装备指示物。
当我进攻或防守时，你可以选择支付{{红色}}以此给予我在本回合内{{S}}+2。","<p>When I win a combat, play a Gold gear token exhausted.<br />When I attack or defend, you may pay :rb_rune_fury: to give me +2 :rb_might: this turn.</p>",4,0,4,稀有,SFD,“哥们儿，我很好。”,,true,2026-06-18 15:11:45.468662+00,2026-08-10 07:41:29.350663+00,"[""英雄单位""]",
79b67ea6-151b-4159-a392-7b011581c867,SFD-132,海渊巨兽,Beast Below,,,"[""purple""]","[""比尔吉沃特""]",[],[],"[""触发·进场"",""互动·返回手牌""]",,当你打出我时，让另一名友方单位和一名敌方单位返回其所属的手牌。,"<p>When you play me, return another friendly unit and an enemy unit to their owners' hands.</p>",7,2,8,不凡,SFD,海底恐兽可不在乎什么阵营。,,false,2026-06-18 15:11:45.821819+00,2026-08-10 07:41:29.350663+00,"[""单位""]",
79beff3c-2ca8-4641-a5be-8530a6a1baa6,SFD-077,火箭轰击,Rocket Barrage,,,"[""blue""]",[],[],"[""回响""]","[""伤害·单体"",""伤害·对基地"",""摧毁·装备"",""费用·可选额外""]",,"{{回响4蓝色}}（你可以选择支付此额外费用，以重复此法术效果，并做出不同的选择。）
选择一个效果 — 
-对基地中的一名单位造成4点伤害。
-摧毁一件装备。","<p>[Repeat] :rb_energy_4::rb_rune_mind: (You may pay the additional cost to repeat this spell's effect, and may make different choices.)<br />Choose one —</p><ul><li>Deal 4 to a unit in a base.</li><li>Kill a gear.</li></ul>",4,1,0,不凡,SFD,,,false,2026-06-18 15:11:45.468662+00,2026-08-10 07:41:29.350663+00,"[""法术""]",
79d6aca1-76ce-45c7-8415-01f1a834f452,OGN-135,帕卡幼崽,Pakaa Cub,,,"[""orange""]","[""以绪塔尔""]","[""猫科""]","[""待命""]",[],,{{待命}}（支付{{A}}正面朝下放置此牌，之后可支付{{0}}将其当作反应牌打出。）,<p>[Hidden] (Hide now for :rb_rune_rainbow: to react with later for :rb_energy_0:.)</p>,3,0,3,普通,OGN,"“啊，它真可爱！”
——常见遗言",,false,2026-06-18 15:11:45.468662+00,2026-08-10 07:41:29.350663+00,"[""单位""]",
79d7553f-d005-47bb-9a5f-eae232462f09,UNL-050,娅希拉,Iascylla,,,"[""green""]","[""比尔吉沃特""]",[],[],"[""触发·据守"",""移动·敌方""]",,当我据守一处战场时，在你的下一个主阶段开始时，你可以选择将一名敌方单位移动到此战场。,"<p>When I hold, at the start of your next Main Phase, you may move an enemy unit to this battlefield.</p>",7,1,6,稀有,UNL,如漩涡让人目眩神迷，如漩涡让人葬身海底。,,false,2026-06-18 15:11:45.821819+00,2026-08-10 07:41:29.350663+00,"[""单位""]",
79e0bc9e-c339-4bc0-8209-9f0799a93761,VEN-099,旋风武者,Tornado Warrior,,,"[""purple""]","[""班德尔城""]","[""约德尔人""]","[""待命""]","[""触发·进场"",""强化·强化"",""触发·回合结束"",""强化·解除强化""]",,"{{待命}}（支付{{A}}正面朝下放置此牌，之后可支付{{0}}将其当作反应牌打出。）
当你将我从正面朝下的状态打出时，你可以选择强化此处的一个物体。在回合结束时，解除其强化。","[Hidden] (Hide now for :rb_rune_rainbow: to react with later for :rb_energy_0:.)
When you play me from face down, you may empower something here. Disempower it at end of turn.",3,0,3,普通,VEN,旋风之中总有平静，好在别把它对准敌人并不难。,,false,2026-07-20 10:23:59.547404+00,2026-08-10 07:41:29.350663+00,"[""单位""]",
7a1be5b5-7199-4d10-8287-cc1de1d67fe5,OGN-019,肆虐狂魂,Raging Soul,,,"[""red""]","[""暗影岛""]","[""灵体""]",,"[""战力·条件加成"",""移动·单位""]",,如果你本回合内已经弃置过手牌，则我获得{{强攻}}和{{游走}}。（如果我是进攻方，则{{S}}+1。我可以向其他战场进行移动。）,"<p>If you've discarded a card this turn, I have [Assault] and [Ganking]. (+1 :rb_might: while I'm an attacker. I can move from battlefield to battlefield.)</p>",4,0,4,不凡,OGN,,,false,2026-06-18 15:11:45.468662+00,2026-08-10 07:41:29.350663+00,"[""单位""]",
7a6abb19-a9b8-4e69-b344-3a227d4b50e8,OGN-138,万世催化石,Catalyst of Aeons,,,"[""orange""]",[],[],[],"[""符文·召出"",""牌库·抽牌""]",,召出两枚休眠的符文。如果你无法以此方式召出两枚符文，则抽一张牌。,"<p>Channel 2 runes exhausted. If you couldn't channel 2 runes this way, draw 1.</p>",4,0,0,不凡,OGN,世代的纷争，凝结成永恒。,,false,2026-06-18 15:11:45.129603+00,2026-08-10 07:41:29.350663+00,"[""法术""]",
7a8f3345-b6b0-4cfe-a528-e713793e3633,SFD-030,阿瑞昂的陨落,Skyfall of Areion,,,"[""red""]",[],"[""武装""]","[""装配""]","[""持续·光环常驻"",""触发·据守"",""触发·征服""]",,"{{装配}}{{1}}{{红色}}（支付{{1}}和{{红色}}：将此牌贴附到你控制的一名单位上。）
我的据守效果也是征服效果，反之亦然。{{S}}+2","<p>[Equip] :rb_energy_1::rb_rune_fury: (:rb_energy_1::rb_rune_fury:: Attach this to a unit you control.)</p>
<p>My hold effects are also conquer effects, and vice versa.</p>
[S] +2",3,0,0,史诗,SFD,,,false,2026-06-18 15:11:45.468662+00,2026-08-10 07:41:29.350663+00,"[""装备""]",
7ab185a6-d1f9-4570-8e6a-4d23225aee5d,VEN-058,散装机械魄罗,Patched Porobot,,,"[""blue""]","[""皮尔特沃夫""]","[""机械"",""魄罗""]",,"[""状态·以休眠进场"",""触发·进场"",""牌库·抽牌""]",,"（我以休眠状态进场。）
当你打出我时，如果你控制着不少于三件其他装备，则抽一张牌。","(I enter exhausted.)
When you play me, if you control 3 or more other gear, draw 1.",2,0,2,不凡,VEN,想要人工还原魄罗调皮可爱的本色……但还是差亿点意思。,,false,2026-07-09 16:49:03.36084+00,2026-08-10 07:41:29.350663+00,"[""单位"",""装备""]",
7ac6a73d-d92f-4965-ade5-097a0789cf14,UNL-110,巨人之战,Clash of Giants,,,"[""orange""]",[],[],[],"[""伤害·等同战力""]",,选择两名单位，让这两名单位相互以自身战力给对方造成伤害。,<p>Choose two units. They deal damage equal to their Mights to each other.</p>,6,2,0,稀有,UNL,"“大地在沉睡，但它并未死去。我醒之以咆哮，唤之以雷霆。”
——沃利贝尔",,false,2026-06-18 15:11:46.036748+00,2026-08-10 07:41:29.350663+00,"[""法术""]",
7ace91ac-2202-4c17-a2ae-51082b211e44,SFD-204,狩猎,On the Hunt,,,"[""orange"",""purple""]",[],[],[],"[""状态·激活""]",希维尔,让你的所有单位变为活跃状态。,<p>Ready your units.</p>,1,2,0,史诗,SFD,"“脚步要轻，下手要狠。”
——希维尔",,false,2026-06-18 15:11:45.468662+00,2026-08-10 07:41:29.350663+00,"[""专属法术""]",
7acecf32-5363-4a85-85f8-a0612f3d364e,SFD-180,菲奥娜,Fiora,无上统御,Worthy,"[""yellow""]","[""德玛西亚""]",[],"[""强力""]","[""费用·可选额外"",""状态·激活""]",菲奥娜,当你控制的一名单位变为{{强力}}时，你可以选择支付{{黄色}}，以此让其变为活跃状态。（战力达到5或以上时，即为强力单位。）,"<p>When a unit you control becomes [Mighty], you may pay :rb_rune_order: to ready it. (A unit is Mighty while it has 5+ :rb_might:.)</p>",3,0,3,史诗,SFD,“要刺得快，刺得狠。”,,false,2026-06-18 15:11:45.468662+00,2026-08-10 07:41:29.350663+00,"[""英雄单位""]",
7ad5b7f6-19dc-4e89-9d43-af35d5c211d3,UNL-167,星獒,Starhound,,,"[""yellow""]","[""巨神峰""]","[""犬形""]",[],"[""触发·进场"",""牌库·回收"",""特性·属性联动""]",,当你打出我时，让你废牌堆中的一名“鸟类”、“猫科”、“犬形”或“魄罗”属性单位返回你的手牌。,"<p>When you play me, return a Bird, Cat, Dog, or Poro from your trash to your hand.</p>",5,1,6,不凡,UNL,无论牧群走到哪里，都有它的忠诚守护。,,false,2026-06-18 15:11:46.036748+00,2026-08-10 07:41:29.350663+00,"[""单位""]",
7b5a7bd6-b505-4588-81fc-b87673e52f8f,UNL-160,绵绵魄罗,Ultrasoft Poro,,,"[""yellow""]","[""弗雷尔卓德""]","[""魄罗""]","[""法盾""]","[""主动·横置技能"",""衍生·单位""]",,{{横置}}：打出两名1{{S}}的“战鹰”，它们拥有{{法盾}}。我必须位于战场上才能使用此技能。（对手必须支付{{A}}才能将拥有{{法盾}}的目标选作法术或技能的目标。）,<p>:rb_exhaust:: Play two :rb_energy_1: :rb_might: Bird unit tokens with [Deflect]. Use this ability only while I'm at a battlefield. (Opponents must pay :rb_rune_rainbow: to choose a [Deflect] unit with a spell or ability.)</p>,5,0,5,普通,UNL,是魔法，我用了魔法。还有护发素。,,false,2026-06-18 15:11:45.821819+00,2026-08-10 07:41:29.350663+00,"[""单位""]",
7b7920e7-a6de-4cf6-a8e4-dbbfe18c4a8d,SFD-091,芭茹队长,Buhru Captain,,,"[""orange""]","[""比尔吉沃特""]",[],[],"[""触发·进场"",""牌库·抽牌"",""增益·给予""]",,当你打出我时，你可以选择抽一张牌或给予我增益。（每名未拥有增益的单位获得一个{{S}}+1增益。）,"<p>When you play me, you may draw 1 or buff me. (To buff a unit, give it a +1 :rb_might: buff if it doesn't already have one.)</p>",3,1,3,普通,SFD,“早在比尔吉沃特那帮乌合之众涌上我们芭茹人的海岸前，我们就对这片海域了然于胸。时至今日，我们依然对它了如指掌。”,,false,2026-06-18 15:11:45.468662+00,2026-08-10 07:41:29.350663+00,"[""单位""]",
7b7e928c-4e64-41ad-bd58-9b78a301aeb0,SFD-052,玄冰之心,Heart of Dark Ice,,,"[""green""]",[],[],[],"[""主动·横置技能"",""战力·增强单体"",""战力·增强本回合""]",,{{横置}}：让一名单位在本回合内{{S}}+3。,<p>:rb_exhaust:: Give a unit +3 :rb_might: this turn.</p>,3,1,0,稀有,SFD,"“所有人都将臣服……只是时机未到。”
——丽桑卓",,false,2026-06-18 15:11:45.468662+00,2026-08-10 07:41:29.350663+00,"[""装备""]",
7b9cc7fa-18ca-4593-8c62-67fd8b149d45,OGN-245,团结之印,Seal of Unity,,,"[""yellow""]",[],[],"[""反应"",""获得""]","[""主动·横置技能"",""资源·获得费用""]",,{{横置}}：{{反应}}—{{获得}}{{黄色}}，用以支付符能费用。（获得费用资源的技能无法成为其他法术的反应目标。）,<p>:rb_exhaust:: [Reaction] — [Add] :rb_rune_order:. (Abilities that add resources can't be reacted to.)</p>,0,1,0,史诗,OGN,,,false,2026-06-18 15:11:45.129603+00,2026-08-10 07:41:29.350663+00,"[""装备""]",
7ce1e125-85e7-4bc8-91a0-a56cdba54713,UNL-047,踏苔蜥,Mosstomper,,,"[""green""]","[""以绪塔尔""]","[""犬形""]","[""狩猎2"",""等级3"",""法盾""]","[""经验·获得"",""触发·征服"",""触发·据守"",""经验·等级奖励"",""战力·增强单体"",""战力·永久成长""]",,"{{狩猎2}}（当我征服或据守一处战场时，获得2经验。）
{{等级3>}} 我获得{{S}}+1和{{法盾}}。（如果你拥有不少于3经验，则获得该效果。对手必须支付{{A}}才能将拥有{{法盾}}的目标选作法术或技能的目标。）","<p>[Hunt 2] (When I conquer or hold, gain 2 XP.)<br />[Level 3][>] I have +1 :rb_might: and [Deflect]. (While you have 3+ XP, get the effect. Opponents must pay :rb_rune_rainbow: to choose a [Deflect] unit with a spell or ability.)</p>",3,1,3,不凡,UNL,不入苔穴，焉得苔蜥。,,false,2026-06-18 15:11:45.821819+00,2026-08-10 07:41:29.350663+00,"[""单位""]",
7dd0fec5-3bec-415a-8884-73143e86167a,UNL-112,诱人仙灵,Irresistible Faefolk,,,"[""orange""]","[""艾欧尼亚""]","[""仙灵""]",[],"[""触发·移动"",""移动·敌方""]",,当我移动到一处战场时，你可以选择将一名敌方单位移动到该战场。,"<p>When I move to a battlefield, you may move an enemy unit to that battlefield.</p>",2,0,1,稀有,UNL,可爱归可爱，可别上手去抱哦。,,false,2026-06-18 15:11:45.821819+00,2026-08-10 07:41:29.350663+00,"[""单位""]",
7e2040c7-25e6-4cf3-9bd9-2853d10bcfca,OGN-150,海妖猎手,Kraken Hunter,,,"[""orange""]","[""比尔吉沃特""]","[""海盗""]","[""急速"",""强攻""]","[""触发·进场"",""增益·消耗"",""费用·可选额外"",""费用·减费"",""增益·数量联动""]",,"{{急速}}（你可以选择额外支付{{1}}和{{橙色}},让我以活跃状态进场。）
{{强攻}}(如果我是进攻方，则{{S}}+1。）
当你打出我时，可以选择消耗任意数量的增益作为额外费用。每消耗一个增益，就让我的费用减少{{橙色}}。","<p>[Accelerate] (You may pay :rb_energy_1::rb_rune_body: as an additional cost to have me enter ready.)<br />[Assault] (+1 :rb_might: while I'm an attacker.)<br />As you play me, you may spend any number of buffs as an additional cost. Reduce my cost by :rb_rune_body: for each buff you spend.</p>",3,2,5,稀有,OGN,,,false,2026-06-18 15:11:45.129603+00,2026-08-10 07:41:29.350663+00,"[""单位""]",
7e36087c-3433-481e-a9d2-dc45249b4fe6,VEN-104,披尾女族长,Tail-Cloaked Matriarch,,,"[""purple""]","[""艾欧尼亚""]",,"[""强化""]","[""强化·强化"",""强化·已强化奖励"",""牌库·打出"",""费用·免费打出""]",,"{{强化2紫色}}（支付{{2}}和{{紫色}}：强化我。仅在未强化时可用。）
当我变为{{已强化}}时，你可以选择从你的废牌堆中选择一名法力费用不高于{{3}}且符能费用不高于{{A}}的单位。将其打出到你的基地，无视其费用。","[Empower] :rb_energy_2::rb_rune_chaos: (:rb_energy_2::rb_rune_chaos:: Empower me. Use only if not Empowered.)
When I become [Empowered], you may choose a unit in your trash with Energy cost no more than :rb_energy_3: and Power cost no more than :rb_rune_rainbow:. Play it to your base, ignoring its cost.",4,0,4,不凡,VEN,,,false,2026-07-16 11:27:40.706485+00,2026-08-10 07:41:29.350663+00,"[""单位""]",
7e531181-0dc1-479e-b19e-8dc333aea78b,OGN-168,战或逃,Fight or Flight,,,"[""purple""]",,,"[""待命"",""迅捷""]","[""移动·单位"",""互动·召回基地""]",,"{{待命}}（支付{{A}}正面朝下放置此牌，之后可支付{{0}}将其当作反应牌打出。）
{{迅捷}}（可在你的回合或法术对决中打出。）
将一名单位从战场上移动到其所属的基地。",<p>[Hidden] (Hide now for :rb_rune_rainbow: to react with later for :rb_energy_0:.)<br />[Action] (Play on your turn or in showdowns.)<br />Move a unit from a battlefield to its base.</p>,2,0,0,普通,OGN,“没想到吧。”,,true,2026-06-18 15:11:45.129603+00,2026-08-10 07:41:29.350663+00,"[""法术""]",
7e5fffd3-42c9-4224-a8fc-17ca1f2c2189,VEN-158,世界之壳 亥宿,Heisho,,Shell of the World,"[""colorless""]",,,"[""法盾""]","[""持续·光环常驻""]",,玩家为将此处的物体选为目标的法术或技能支付费用时，无视{{法盾}}。,Players ignore [Deflect] while paying for spells and abilities choosing something here.,0,0,0,不凡,VEN,,,false,2026-07-10 11:00:46.719761+00,2026-08-11 04:32:05.530677+00,"[""战场""]",1
7eec8499-b11f-47bd-95bb-6cb08e27354c,UNL-213,蜕变花园,Gardens of Becoming,,,"[""colorless""]",[],[],[],"[""持续·光环常驻"",""主动·横置技能"",""经验·获得""]",,此处的单位获得“{{横置}}：获得1经验。”,"<p>Units here have "":rb_exhaust:: Gain 1 XP.""</p>",0,0,0,不凡,UNL,,,false,2026-06-18 15:11:45.821819+00,2026-08-11 04:32:05.530677+00,"[""战场""]",1
7efa638a-8580-4a4a-a19e-f22e15c8e89b,OGS-024,致命打击,Decisive Strike,,,"[""orange"",""yellow""]",[],[],"[""迅捷""]","[""战力·增强群体"",""战力·增强本回合""]",盖伦,"{{迅捷}}（可在你的回合或法术对决中打出。）
在本回合内，让所有友方单位{{S}}+2。",<p>[Action] (Play on your turn or in showdowns.)<br />Give friendly units +2 :rb_might: this turn.</p>,5,1,0,史诗,OGS,,,false,2026-06-18 15:11:45.129603+00,2026-08-10 07:41:29.350663+00,"[""专属法术""]",
7f4668b2-7a5e-4149-ba5c-58d1ece1db64,SFD-081,大老千,Card Sharp,,,"[""blue""]","[""比尔吉沃特""]",[],[],"[""触发·进场"",""衍生·装备""]",,当你打出我时，你和每名对手都可以选择打出一个休眠的“金币”装备指示物。每有一名对手选择打出，你便再打出一个休眠的“金币”装备指示物。,"<p>When you play me, you and each opponent may play a Gold gear token exhausted. For each opponent who did, you play a Gold gear token exhausted.</p>",3,0,3,稀有,SFD,“我跟。”,,false,2026-06-18 15:11:45.468662+00,2026-08-10 07:41:29.350663+00,"[""单位""]",
7f52ffeb-f904-46e4-b691-f27421889538,OGN-124,竞技场酒吧,Arena Bar,,,"[""orange""]",[],[],[],"[""主动·横置技能"",""增益·给予""]",,{{横置}}：给予一名休眠的友方单位增益。（如果该单位未拥有增益，则获得一个{{S}}+1增益。）,"<p>:rb_exhaust:: Buff an exhausted friendly unit. (If it doesn't have a buff, it gets a +1 :rb_might: buff.)</p>",3,0,0,普通,OGN,“免费赠饮一杯！”,,false,2026-06-18 15:11:45.129603+00,2026-08-10 07:41:29.350663+00,"[""装备""]",
7f686dfd-8045-463f-ae28-a9cb60154744,UNL-173,牺牲,Sacrifice,,,"[""yellow""]",[],[],"[""反应"",""强力""]","[""费用·强制额外"",""摧毁·单位"",""牌库·抽牌"",""符文·召出""]",,"{{反应}}（可在任意时机打出，甚至先于其他法术和技能的结算。）
你必须摧毁一名友方{{强力}}单位，作为打出此牌的额外费用。（战力达到5或以上时，即为强力单位。）
抽两张牌并召出一枚休眠的符文。","<p>[Reaction] (Play any time, even before spells and abilities resolve.)<br />As an additional cost to play this, kill a friendly [Mighty] unit. (A unit is Mighty while it has 5+ :rb_might:.)<br />Draw 2 and channel 1 rune exhausted.</p>",1,0,0,稀有,UNL,,,false,2026-06-18 15:11:45.821819+00,2026-08-10 07:41:29.350663+00,"[""法术""]",
7f6b61ef-1315-443e-9a3c-db5d8a071103,OGN-199,控潮者,Tideturner,,,"[""purple""]","[""比尔吉沃特""]",[],"[""待命""]","[""触发·进场"",""移动·单位"",""移动·换位""]",,"{{待命}}（支付{{A}}正面朝下放置此牌，之后可支付{{0}}将其当作反应牌打出。）

当你打出我时，你可以选择一名在其他位置受你控制的单位。把我移动到其所在位置，将其移动到我原来的位置。","<p>[Hidden] (Hide now for :rb_rune_rainbow: to react with later for :rb_energy_0:.)<br />When you play me, you may choose a unit you control at another location. Move me to its location and it to my original location.</p>",2,0,2,稀有,OGN,,,false,2026-06-18 15:11:45.468662+00,2026-08-10 07:41:29.350663+00,"[""单位""]",
808f2ba4-1a3d-4686-b4cd-2bace1911c38,OGN-136,竞技场新人,Pit Rookie,,,"[""orange""]","[""比尔吉沃特""]",[],[],"[""触发·进场"",""增益·给予""]",,当你打出我时，给予另一名友方单位增益。（如果该单位未拥有增益，则获得一个{{S}}+1增益。）,"<p>When you play me, buff another friendly unit. (If it doesn't have a buff, it gets a +1 :rb_might: buff.)</p>",2,0,2,普通,OGN,“这就是你的全力吗？”,,false,2026-06-18 15:11:45.129603+00,2026-08-10 07:41:29.350663+00,"[""单位""]",
80be31f7-55ad-4f67-a07b-412add072437,UNL-019,枯萎战斧,Blighted Battleaxe,,,"[""red""]",[],"[""武装""]","[""装配""]","[""触发·回合结束"",""伤害·单体""]",,"{{装配}}{{1}}{{红色}}（支付{{1}}和{{红色}}：将此牌贴附到你控制的一名单位上。）
在你回合结束时，如果我本回合没有征服战场，则卸除此装备，并对我造成4点伤害。","<p>[Equip] :rb_energy_1::rb_rune_fury: (:rb_energy_1::rb_rune_fury:: Attach this to a unit you control.)</p>
<p>At the end of your turn, if I didn't conquer this turn, unattach this and deal 4 to me.</p>
[S] +4",4,0,4,稀有,UNL,,,false,2026-06-18 15:11:45.821819+00,2026-08-10 07:41:29.350663+00,"[""装备""]",
812cb568-591c-4bdf-b846-5e6272b80acd,VEN-027,杠锤,Hand Hammer,,,"[""green""]",,"[""武装""]","[""装配""]","[""战力·条件加成""]",,"{{装配绿色}}（支付{{绿色}}：将此牌贴附到你控制的一名单位上。）
如果我所在的战场上受你控制的其他单位有且仅有一个，则我获得{{S}}+2。 {{S}}+1","[Equip] :rb_rune_calm: (:rb_rune_calm:: Attach this to a unit you control.)
I have +2 :rb_might: while I'm at a battlefield with exactly one other unit you control. +1",2,0,1,普通,VEN,,,false,2026-07-15 12:42:50.861849+00,2026-08-10 07:41:29.350663+00,"[""装备""]",
813c3c94-7b77-4f3c-ac09-d870b908900f,UNL-061,台前作秀,Downstage Dramatics,,,"[""blue""]",[],[],"[""反应"",""回响""]","[""牌库·抽牌"",""费用·可选额外""]",,"{{反应}}（可在任意时机打出，甚至先于其他法术和技能的结算。）
{{回响}}{{2}}（你可以选择支付此额外费用，以重复此法术效果。）
抽一张牌。","<p>[Reaction] (Play any time, even before spells and abilities resolve.)<br />[Repeat] :rb_energy_2: (You may pay the additional cost to repeat this spell's effect.)<br />Draw 1.</p>",2,0,0,普通,UNL,真正的艺术家，会对画布和画笔心存敬意。,,false,2026-06-18 15:11:45.821819+00,2026-08-10 07:41:29.350663+00,"[""法术""]",
814c10df-0489-4900-ad55-891cf374d6eb,SFD-175,垓兽,Undertitan,,,"[""yellow""]","[""虚空之地""]",[],"[""获得""]","[""触发·进场"",""战力·增强群体"",""战力·增强本回合"",""资源·获得费用""]",,"当你打出我时，让你的其他单位本回合内{{S}}+2。
如果我从你的主牌堆中被展示，则你{{获得}}{{2}}。","<p>When you play me, give your other units +2 :rb_might: this turn.<br />As I'm revealed from your deck, [Add] :rb_energy_2:.</p>",6,1,5,稀有,SFD,它要是老实待在地下，麻烦就会少很多。,,false,2026-06-18 15:11:45.468662+00,2026-08-10 07:41:29.350663+00,"[""单位""]",
81a83ddb-ca99-4cfb-af38-8e89246d1cdc,OGN-214,序理符文,Order Rune,,,"[""yellow""]",[],[],[],,,,,0,0,0,普通,OGN,,,false,2026-06-18 15:11:45.129603+00,2026-08-11 04:32:05.530677+00,"[""符文""]",12
81b15aad-4c0d-4b6b-aad4-cfa8d3b0055b,OGN-189,凯隐,Kayn,巨镰奔扬,Unleashed,"[""purple""]","[""艾欧尼亚""]",[],"[""游走""]","[""触发·移动"",""保护·抵挡伤害""]",凯隐,"{{游走}}（我可以向其他战场进行移动。）
在本回合内，如果我移动了两次，则我免疫伤害。","<p>[Ganking] (I can move from battlefield to battlefield.)<br />If I have moved twice this turn, I don't take damage.</p>",6,1,6,稀有,OGN,“我，永垂不朽。而他们，今天就要丧命。 ”,,false,2026-06-18 15:11:45.129603+00,2026-08-10 07:41:29.350663+00,"[""英雄单位""]",
824642b1-639f-4caa-b1b7-e928d68fbf67,OGN-237,国王诏令,King's Edict,,,"[""yellow""]",[],[],[],"[""摧毁·单位""]",,从下一名玩家开始，每名其他玩家选择一个不受你控制且未被此法术选中过的单位，然后摧毁选中的所有单位。,"<p>Starting with the next player, each other player chooses a unit you don't control that hasn't been chosen for this spell. Kill those units.</p>",6,2,0,稀有,OGN,统治，就是要做出最艰难的选择。效忠，则是要甘心接受种种后果。,,false,2026-06-18 15:11:45.468662+00,2026-08-10 07:41:29.350663+00,"[""法术""]",
8283b5d0-888b-4d7f-8fcb-b1f445bb12fd,FND-259,疾风剑豪,Unforgiven,,,"[""green"",""purple""]",,,,"[""主动·横置技能"",""主动·支付费用技能"",""移动·单位"",""互动·召回基地""]",亚索,支付{{2}}，{{横置}}：在战场和其所属基地之间移动一名友方单位。,":rb_energy_2:, :rb_exhaust:: Move a friendly unit to or from its base.",0,0,0,稀有,FND,,,false,2026-06-18 15:11:45.129603+00,2026-08-11 04:32:05.530677+00,"[""传奇""]",1
82f3900e-30df-44f6-ad23-c87c276875d9,SFD-192,舒瑞娅的安魂曲,Shurelya's Requiem,,,"[""green"",""blue""]",[],"[""武装""]","[""装配"",""游走"",""唯我""]","[""触发·进场"",""状态·激活"",""持续·光环常驻"",""移动·单位""]",奥恩,"{{唯我}}（你的卡组中只能拥有一张同名的此牌。）
{{装配A}}（支付{{A}}：将此牌贴附到你控制的一名单位上。）
当你打出此牌时，让你的所有单位变为活跃状态。
你在此处的单位获得{{游走}}。（我们可以向其他战场进行移动。）{{S}}+2","<p>[Unique] (Your deck can have only 1 card with this name.)<br />[Equip] :rb_rune_rainbow: (:rb_rune_rainbow:: Attach this to a unit you control.)<br />When you play this, ready your units.</p>
<p>Your units here have [Ganking]. (We can move from battlefield to battlefield.)</p>
[S] +2",4,2,0,史诗,SFD,,,false,2026-06-18 15:11:45.821819+00,2026-08-10 21:47:10.076733+00,"[""专属装备""]",1
830c8200-bd16-42f6-bd1b-bff90e6c4284,OGN-179,折戟再战,Acceptable Losses,,,"[""purple""]",[],[],"[""迅捷""]","[""摧毁·装备""]",,"{{迅捷}}（可在你的回合或法术对决中打出。）
每名玩家摧毁自己的一件装备。",<p>[Action] (Play on your turn or in showdowns.)<br />Each player kills one of their gear.</p>,1,0,0,不凡,OGN,“反正我从没喜欢过那把剑。”,,false,2026-06-18 15:11:45.129603+00,2026-08-10 07:41:29.350663+00,"[""法术""]",
83a36526-292f-4762-94f2-4d9f81cdc62f,VEN-098,观星者,Stargazer,,,"[""purple""]","[""巨神峰""]",,"[""流转""]","[""持续·光环常驻"",""费用·减费""]",,你从你的废牌堆中打出的{{流转}}法术费用减少{{2}}，不得低于{{1}}。,"Spells with [Flow] you play from your trash cost :rb_energy_2: less, to a minimum of :rb_energy_1:.",5,0,4,普通,VEN,“那一片的形状像巨龙！”,,false,2026-07-15 12:42:50.861849+00,2026-08-10 07:41:29.350663+00,"[""单位""]",
83f24bf4-a83d-49cd-b6ff-78963bf63397,SFD-149,伊泽瑞尔,Ezreal,奥法逸才,Prodigy,"[""purple""]","[""皮尔特沃夫""]",[],[],"[""触发·进场"",""牌库·弃牌"",""牌库·抽牌"",""费用·减费""]",伊泽瑞尔,"当你打出我时，弃置一张手牌，然后抽两张牌。
你支付的可选额外费用，其费用减少{{1}}或{{A}}。","<p>When you play me, discard 1, then draw 2.<br />Optional additional costs you pay cost :rb_energy_1: or :rb_rune_rainbow: less.</p>",3,1,3,史诗,SFD,“谁要地图啊？”,,false,2026-06-18 15:11:45.821819+00,2026-08-10 07:41:29.350663+00,"[""英雄单位""]",
843426a9-748d-45ab-b1fe-10ed526d55f4,UNL-034,暖春之使,Herald of Spring,,,"[""green""]","[""艾欧尼亚""]",[],"[""狩猎""]","[""经验·获得"",""触发·征服"",""触发·据守"",""触发·进场""]",,"{{狩猎}}（当我征服或据守一处战场时，获得1经验。）
当你打出我时，获得2经验。","<p>[Hunt] (When I conquer or hold, gain 1 XP.)<br />When you play me, gain 2 XP.</p>",4,1,4,普通,UNL,“只见王冠，不见王座；有人追随，无人附庸。打一物。”——艾欧尼亚谜语,,false,2026-06-18 15:11:45.821819+00,2026-08-10 07:41:29.350663+00,"[""单位""]",
844e53a0-3279-4264-a179-519d697528be,SFD-089,兰博,Rumble,机械师,Scrapper,"[""blue""]","[""班德尔城""]","[""约德尔人"",""机械""]",[],"[""持续·光环常驻"",""战力·增强群体"",""特性·属性联动"",""触发·据守"",""衍生·单位""]",兰博,"你的“机械”属性单位获得{{S}}+1。（包括我。）
当我据守一处战场时，打出一名3{{S}}的“机器人”到你的基地。","<p>Your Mechs have +1 :rb_might: (including me).<br />When I hold, play a 3 :rb_might: Mech unit token to your base.</p>",5,1,4,史诗,SFD,“遇见过要你仰望的约德尔人吗？”,,false,2026-06-18 15:11:45.821819+00,2026-08-10 07:41:29.350663+00,"[""英雄单位""]",
848a0ca4-799a-448d-873f-46b2453c6be2,OGN-064,风之障壁,Wind Wall,,,"[""green""]",[],[],"[""反应""]","[""反制·无效化法术""]",,"{{反应}}（可在任意时机打出，甚至先于其他法术和技能的结算。）
无效化一个法术。","<p>[Reaction] (Play any time, even before spells and abilities resolve.)<br />Counter a spell.</p>",3,2,0,不凡,OGN,"“面对疾风吧！”
——亚索",,false,2026-06-18 15:11:45.129603+00,2026-08-10 07:41:29.350663+00,"[""法术""]",
849d2164-8d73-4535-a9e8-d8f23e5c1bda,UNL-T06,映像,Reflection,,,"[""colorless""]",[],[],[],"[""触发·进场"",""复制·效果技能""]",,（当我被打出时，变为某张卡牌的复制体。我不会获得该卡牌的打出效果。）,<p>(I become a copy of something when played. I don't get that card's play effects.)</p>,0,0,0,普通,UNL,,,false,2026-06-18 15:11:45.821819+00,2026-08-10 07:41:29.350663+00,"[""指示物单位""]",
856bc0e6-e364-4dde-ab5d-7e5183054aea,SFD-007,晶能阻断器,Gem Jammer,,,"[""red""]","[""班德尔城""]","[""机械""]","[""游走""]","[""触发·进场"",""移动·单位""]",,当你打出我时，让一名单位本回合内获得{{游走}}。（它可以向其他战场进行移动。）,"<p>When you play me, give a unit [Ganking] this turn. (It can move from battlefield to battlefield.)</p>",2,0,2,普通,SFD,“这玩意你可必须得来看看！”,,false,2026-06-18 15:11:45.468662+00,2026-08-10 07:41:29.350663+00,"[""单位""]",
85b5ab6c-ef35-43a9-bece-ac6ae3c73d97,UNL-104,温驯的宝石龙,Gentle Gemdragon,,,"[""orange""]","[""巨神峰""]","[""龙""]",[],"[""触发·进场"",""触发·打出"",""符文·激活"",""特性·属性联动""]",,当你打出我或其他“龙”属性单位时，让最多两枚符文变为活跃状态。,"<p>When you play me or another Dragon, ready up to 2 runes.</p>",8,0,8,不凡,UNL,“温柔”不等于“无害”。,,false,2026-06-18 15:11:46.036748+00,2026-08-10 07:41:29.350663+00,"[""单位""]",
85b5c19c-3623-458a-9222-13353374caac,SFD-099,壮壮魄罗,Veteran Poro,,,"[""orange""]","[""弗雷尔卓德""]","[""魄罗""]","[""装配"",""百炼""]","[""费用·减费""]",,{{百炼}}（当你打出我时，你可以选择为我{{装配}}你的一件武装，其装配费用减少{{A}}。可选择已贴附的武装。）,"<p>[Weaponmaster] (When you play me, you may [Equip] one of your Equipment to me for :rb_rune_rainbow: less, even if it's already attached.)</p>",2,0,2,普通,SFD,"“要刻苦训练，小魄罗，有朝一日你会强壮得像……小宝宝。”
——布隆",,false,2026-06-18 15:11:45.468662+00,2026-08-10 07:41:29.350663+00,"[""单位""]",
85ce9dfd-78bf-4c32-ae23-f31cb95774b9,OGN-016,危险二人组,Dangerous Duo,,,"[""red""]","[""班德尔城""]","[""机械""]","[""鼓舞""]","[""触发·进场"",""触发·打出"",""战力·增强单体"",""战力·增强本回合""]",,{{鼓舞}}—当你打出我时，让一名单位本回合内{{S}}+2。（如果你在本回合内已打出过其他卡牌，则发动此效果。）,"<p>[Legion] — When you play me, give a unit +2 :rb_might: this turn. (Get the effect if you've played another card this turn.)</p>",3,0,3,不凡,OGN,,,false,2026-06-18 15:11:45.129603+00,2026-08-10 07:41:29.350663+00,"[""单位""]",
864af9a3-074b-40f0-93c7-9ce58ffd6b69,VEN-120,雷霆之怒 玛萨,Masa,,Crashing Thunder,"[""yellow""]","[""班德尔城""]","[""约德尔人""]","[""眩晕""]","[""费用·可选额外"",""触发·进场"",""状态·眩晕""]",,"你可以选择支付{{黄色}}，作为打出我的额外费用。 
当你打出我时，如果你支付了该额外费用，则{{眩晕}}战场上的一名敌方单位。（使其在本回合内无法造成战斗伤害。）","You may pay :rb_rune_order: as an additional cost to play me.
When you play me, if you paid the additional cost, [Stun] an enemy unit at a battlefield. (It doesn't deal combat damage this turn.)",4,0,4,普通,VEN,没想到吧……他比看上去还聒噪。,,false,2026-07-16 11:27:40.706485+00,2026-08-10 07:41:29.350663+00,"[""单位""]",
866a0d81-abec-4cef-bb45-10bb00e3d870,SFD-013,爆破队学员,Blast Corps Cadet,,,"[""red""]","[""皮尔特沃夫""]",[],[],"[""费用·可选额外"",""触发·进场"",""伤害·单体""]",,"你可以选择支付{{1}}和{{红色}}，作为打出我的额外费用。
当你打出我时，如果你支付了该额外费用，则对战场上的一名单位造成2点伤害。","<p>You may pay :rb_energy_1::rb_rune_fury: as an additional cost to play me.<br />When you play me, if you paid the additional cost, deal 2 to a unit at a battlefield.</p>",2,0,2,不凡,SFD,只要光束够粗，就不用瞄准了。,,false,2026-06-18 15:11:45.468662+00,2026-08-10 07:41:29.350663+00,"[""单位""]",
867c51ee-c47d-4346-a128-a49d326379ec,OGN-171,叨叨魄罗,Mystic Poro,,,"[""purple""]",[],"[""魄罗""]","[""预知""]","[""牌库·查看"",""牌库·放回""]",,{{预知}}（当你打出我时，查看主牌堆顶部的一张牌，你可以选择将其回收。）,"<p>[Vision] (When you play me, look at the top card of your Main Deck. You may recycle it.)</p>",2,0,2,普通,OGN,今日天气：晴，或许会降下小点心。,,false,2026-06-18 15:11:45.129603+00,2026-08-10 07:41:29.350663+00,"[""单位""]",
86957a28-52e4-4278-85c7-7eabbb28e600,UNL-166,追猎雪狼,Stalking Wolf,,,"[""yellow""]","[""弗雷尔卓德""]","[""犬形""]","[""反应"",""伏击""]","[""费用·强制额外"",""摧毁·单位"",""特性·属性联动"",""位置·开放战场""]",,"{{伏击}}（你可以选择将我作为{{反应}}牌，打出到有己方单位的战场。）
你必须摧毁一名自己控制的“鸟类”、“猫科”、“犬形”或“魄罗”属性单位，作为打出我的额外费用。你可以选择将我{{伏击}}至该单位所在的战场，即使你在该处没有其他单位。","<p>[Ambush] (You may play me as a [Reaction] to a battlefield where you have units.)<br />As an additional cost to play me, kill a Bird, Cat, Dog, or Poro you control. You may [Ambush] me to its battlefield, even if you don't have other units there.</p>",4,1,6,不凡,UNL,自然从不寻求宽恕。,,false,2026-06-18 15:11:45.821819+00,2026-08-10 07:41:29.350663+00,"[""单位""]",
86a5fe39-07c5-4784-8fda-e98e08e7a53e,VEN-067,瓶中星海,Bottled Constellation,,,"[""blue""]",,,,"[""触发·回合开始"",""摧毁·单位"",""摧毁·装备""]",,在你的主阶段开始时，你可以选择摧毁另外三个友方单位或装备，以此获得1分。,"At the start of your Main Phase, you may kill 3 other friendly units and/or gear to score 1 point.",10,2,0,史诗,VEN,把宇宙纳进一个瓶中，把无限握在自己手心。,,false,2026-07-13 14:11:02.122334+00,2026-08-10 07:41:29.350663+00,"[""装备""]",
86d81a3e-ee59-4b10-ba15-6afb6cb93a15,OGN-166,混沌符文,Chaos Rune,,,"[""purple""]",[],[],[],,,,,0,0,0,普通,OGN,,,false,2026-06-18 15:11:45.129603+00,2026-08-11 04:32:05.530677+00,"[""符文""]",12
86f40c1a-4192-4838-b6b5-57a4be1de5c5,VEN-018,怒火放大器,Rage Amplifier,,,"[""red""]",,,"[""强化""]","[""强化·强化"",""持续·光环常驻"",""战力·增强群体"",""强化·已强化奖励""]",,"{{强化6红色}}（支付{{6}}和{{红色}}：强化此牌。仅在未强化时可用。）
你的单位获得{{S}}+1。如果我{{已强化}}，则改为让其获得{{S}}+2。","[Empower] :rb_energy_6::rb_rune_fury: (:rb_energy_6::rb_rune_fury:: Empower this. Use only if not Empowered.)
Your units have +1 :rb_might:. If I'm [Empowered], they have +2 :rb_might: instead.",4,1,0,稀有,VEN,刺耳与悦耳，只隔一个分贝。,,false,2026-07-13 14:11:02.122334+00,2026-08-10 07:41:29.350663+00,"[""装备""]",
8730f1fe-f1ad-4876-9bc4-6637fd88f2b8,UNL-038,升龙踢,Skyward Strike,,,"[""green""]",[],[],"[""等级6"",""眩晕""]","[""移动·敌方"",""经验·等级奖励"",""状态·眩晕""]",,"移动一名敌方单位。
{{等级6>}} {{眩晕}}一名敌方单位。（如果你拥有不少于6经验，则获得该效果。被眩晕的单位在本回合内无法造成战斗伤害。）","<p>Move an enemy unit.<br />[Level 6][>] [Stun] an enemy unit. (While you have 6+ XP, get the effect. A stunned unit doesn't deal combat damage this turn.)</p>",2,1,0,普通,UNL,抬抬脚，踢踢腿。,,false,2026-06-18 15:11:46.036748+00,2026-08-10 07:41:29.350663+00,"[""法术""]",
877e4920-eae9-40e8-bf7c-7754a01065d7,OGN-047,御衡守念,Find Your Center,,,"[""green""]",[],[],"[""迅捷""]","[""费用·条件减费"",""牌库·抽牌"",""符文·召出""]",,"{{迅捷}}（可在你的回合或法术对决中打出。）
如果对手得分距离胜利得分不超过3分，则此法术的费用减少{{2}}。
抽一张牌，然后召出一枚休眠的符文。","<p>[Action] (Play on your turn or in showdowns.)<br />If an opponent's score is within 3 points of the Victory Score, this costs :rb_energy_2: less.<br />Draw 1 and channel 1 rune exhausted.</p>",3,0,0,普通,OGN,完美的时机，可不是等来的。,,false,2026-06-18 15:11:45.129603+00,2026-08-10 07:41:29.350663+00,"[""法术""]",
87ddb5a7-498e-4869-b09f-886a4f345b2f,OGN-101,蘑菇袋,Mushroom Pouch,,,"[""blue""]",[],[],[],"[""触发·回合开始"",""牌库·抽牌""]",,在你的回合开始阶段，如果你在战场上控制着一张正面朝下的待命牌，则抽一张牌。,"<p>At the start of your Beginning Phase, if you control a facedown card at a battlefield, draw 1.</p>",2,0,0,不凡,OGN,"“班德尔斥候永远有备而来。”
——提莫",,false,2026-06-18 15:11:45.129603+00,2026-08-10 07:41:29.350663+00,"[""装备""]",
87f11e6f-cfe2-42ce-8182-c344dafb6a76,VEN-010,蚀骨诅咒,Consuming Curse,,,"[""red""]",,,"[""迅捷""]","[""伤害·单体"",""伤害·法术伤害加成""]",,"{{迅捷}}（可在你的回合或法术对决中打出。）
对战场上的一名单位造成2点伤害。你的废牌堆中每有一张此牌的同名卡牌，此牌便造成1点额外伤害。","[Action] (Play on your turn or in showdowns.)
Deal 2 to a unit at a battlefield. This deals 1 Bonus Damage for each card with this name in your trash.",2,0,0,不凡,VEN,"“那是啥？！”
——常见遗言",,false,2026-07-16 11:27:40.706485+00,2026-08-10 07:41:29.350663+00,"[""法术""]",
87fefa3e-774b-4bf4-9685-831c4e81b97b,UNL-176,蔚,Vi,和平卫士,Peacekeeper,"[""yellow""]","[""皮尔特沃夫""]",[],"[""眩晕"",""反应"",""伏击""]","[""触发·进攻"",""状态·眩晕""]",蔚,"{{伏击}}（你可以选择将我作为{{反应}}牌，打出到有己方单位的战场。）
当我进攻时，{{眩晕}}此处的一名敌方单位。（使其在本回合内无法造成战斗伤害。）","<p>[Ambush] (You may play me as a [Reaction] to a battlefield where you have units.)<br />When I attack, [Stun] an enemy unit here. (It doesn't deal combat damage this turn.)</p>",5,1,5,史诗,UNL,“我自己就是后援。”,,false,2026-06-18 15:11:45.821819+00,2026-08-10 07:41:29.350663+00,"[""英雄单位""]",
88711b1b-afe3-4f10-84c3-d3419899d4e1,OGN-154,洪荒巨力,Primal Strength,,,"[""orange""]",[],[],"[""迅捷""]","[""战力·增强单体"",""战力·增强本回合""]",,"{{迅捷}}（可在你的回合或法术对决中打出。）
让一名单位在本回合内{{S}}+7。",<p>[Action] (Play on your turn or in showdowns.)<br />Give a unit +7 :rb_might: this turn.</p>,4,1,0,稀有,OGN,每个人心中，都藏着一头野兽。,,false,2026-06-18 15:11:45.129603+00,2026-08-10 07:41:29.350663+00,"[""法术""]",
8885463b-9a97-45df-b2e3-56a8a6e6cab7,SFD-206,劳伦特心眼刀,Riposte,,,"[""orange"",""yellow""]",[],[],"[""反应""]","[""反制·无效化法术"",""战力·增强单体"",""战力·增强本回合""]",菲奥娜,"{{反应}}（可在任意时机打出，甚至先于其他法术和技能的结算。）
选择一名友方单位和一个法术。无效化该法术，并让该单位在本回合内获得等同于该法术法力费用的+{{s}}加成。","<p>[Reaction] (Play any time, even before spells and abilities resolve.)<br />Choose a friendly unit and a spell. Counter that spell and give that unit +:rb_might: equal to that spell's Energy cost this turn.</p>",2,2,0,史诗,SFD,"“动作真慢！”
——菲奥娜",,false,2026-06-18 15:11:45.468662+00,2026-08-10 07:41:29.350663+00,"[""专属法术""]",
88ccca90-d53e-4e63-ac7a-ed1b76479e2d,VEN-101,劲风修士,Gust Monk,,,"[""purple""]","[""班德尔城""]","[""约德尔人""]","[""强攻2""]","[""费用·可选额外"",""触发·进场"",""牌库·放逐"",""战力·增强单体"",""战力·增强本回合""]",,"你可以选择支付{{1}}，作为打出我的额外费用。
当你打出我时，如果你支付了该额外费用，则从任意废牌堆中放逐一张牌，以此给予一名单位在本回合内{{强攻2}}。（如果它是进攻方，则{{S}}+2。）","You may pay :rb_energy_1: as an additional cost to play me.
When you play me, if you paid the additional cost, banish a card from any trash to give a unit [Assault 2] this turn. (+2 :rb_might: while it's an attacker.)",2,0,2,不凡,VEN,奇怪的武艺，但效果不俗。,,false,2026-07-13 14:11:02.122334+00,2026-08-10 07:41:29.350663+00,"[""单位""]",
89947cf8-a5d1-4ac1-952f-e7628390a7c5,OGN-103,拉文布鲁姆学生,Ravenbloom Student,,,"[""blue""]","[""诺克萨斯""]",[],[],"[""触发·打出"",""战力·增强单体"",""战力·增强本回合""]",,每当你打出一张法术牌时，让我本回合内{{S}}+1。,"<p>When you play a spell, give me +1 :rb_might: this turn.</p>",2,0,2,不凡,OGN,一知半解，最是危险。多学多懂，好处无穷。,,false,2026-06-18 15:11:45.129603+00,2026-08-10 07:41:29.350663+00,"[""单位""]",
8a04fea2-d73d-46ce-a10c-57bcebd13211,OGN-156,暗中破坏,Sabotage,,,"[""orange""]",[],[],[],"[""干扰·展示手牌"",""干扰·弃对手手牌""]",,指定一名对手，让其展示手牌，并从中选择一张非单位卡牌，让对手将其回收。,"<p>Choose an opponent. They reveal their hand. Choose a non-unit card from it, and recycle that card.</p>",1,1,0,稀有,OGN,要保证公平战斗，有时就得使点阴招。,,false,2026-06-18 15:11:45.468662+00,2026-08-10 07:41:29.350663+00,"[""法术""]",
8a066a72-8149-4dd1-bd8b-0e25d56f184e,UNL-128,造化弄人,Star-Crossed,,,"[""purple""]",[],[],"[""反应""]","[""互动·返回手牌""]",,"{{反应}}（可在任意时机打出，甚至先于其他法术和技能的结算。）
让一名友方单位和一名敌方单位返回其所属的手牌。","<p>[Reaction] (Play any time, even before spells and abilities resolve.)<br />Return a friendly unit and an enemy unit to their owners' hands.</p>",3,1,0,普通,UNL,“准备都做好了。午夜时分到山脊碰头，我们一起出发。”——无名字条,,false,2026-06-18 15:11:45.821819+00,2026-08-10 07:41:29.350663+00,"[""法术""]",
8a46b181-332c-4145-8a60-5fec57178d14,OGN-028,德莱文,Draven,夸耀角斗士,Showboat,"[""red""]","[""诺克萨斯""]",[],[],"[""持续·光环常驻"",""战力·永久成长""]",德莱文,把你的分数加到我的战力上。,<p>My Might is increased by your points.</p>,5,1,3,稀有,OGN,“咱们来多称赞我几句吧。”,,false,2026-06-18 15:11:45.129603+00,2026-08-10 07:41:29.350663+00,"[""英雄单位""]",
8a6bab94-9e5d-448a-ab74-d07f9ef9d601,VEN-063,内瑟斯,Nasus,亘古守知,Guardian of Knowledge,"[""blue""]","[""恕瑞玛""]","[""犬形""]",,"[""频率·每回合限一次"",""触发·摧毁"",""符文·召出""]",内瑟斯,每回合一次，当此处有一名敌方单位被摧毁时，召出一枚休眠的符文。,"Once each turn, when an enemy unit here dies, channel 1 rune exhausted.",5,1,6,稀有,VEN,“生是轮回的一部分，而你的这部分已经结束了。”,,false,2026-07-10 11:00:46.719761+00,2026-08-10 07:41:29.350663+00,"[""英雄单位""]",
8b3a474c-4b5f-41ad-85b8-48e4a4e2b33e,VEN-072,深沉咆哮,Guttural Roar,,,"[""orange""]",,,"[""迅捷""]","[""战力·增强单体"",""战力·增强本回合""]",,"{{迅捷}}（可在你的回合或法术对决中打出。）
给予一名单位在本回合内{{S}}+2。如果该单位{{已强化}}，则改为给予其在本回合内{{S}}+4。","[Action] (Play on your turn or in showdowns.)
Give a unit +2 :rb_might: this turn. If it's [Empowered], give it +4 :rb_might: this turn instead.",2,0,0,普通,VEN,“荒漠屠夫”的雅号，可不是靠耐心挣来的。,,false,2026-07-20 10:23:59.547404+00,2026-08-10 07:41:29.350663+00,"[""法术""]",
8c29e878-fd4c-44df-8bb8-1d1e95447d86,SFD-049,厄斐琉斯,Aphelios,出尘,Exalted,"[""green""]","[""巨神峰""]",[],[],"[""符文·激活"",""符文·召出"",""增益·给予""]",厄斐琉斯,"当你为我贴附一件武装时，从以下中选择一个本回合未选过的效果—
-让两枚符文变为活跃状态。
-召出一枚休眠的符文。
-给予一名友方单位增益。","<p>When you attach an Equipment to me, choose one that hasn't been chosen this turn —</p><ul><li>Ready 2 runes.</li><li>Channel 1 rune exhausted.</li><li>Buff a friendly unit.</li></ul>",4,1,4,稀有,SFD,,,false,2026-06-18 15:11:45.468662+00,2026-08-10 07:41:29.350663+00,"[""英雄单位""]",
8c5e67ba-fd0f-43a1-8bef-1d7746778780,OGN-132,大副,First Mate,,,"[""orange""]","[""比尔吉沃特""]","[""海盗""]",[],"[""触发·进场"",""状态·激活""]",,当你打出我时，让另一名单位变为活跃状态。,"<p>When you play me, ready another unit.</p>",3,0,3,普通,OGN,“登舰小组来咯！好好玩吧。”,,false,2026-06-18 15:11:45.129603+00,2026-08-10 07:41:29.350663+00,"[""单位""]",
8d065b76-1749-4522-8025-00feab0fc130,SFD-195,刀锋舞者,Blade Dancer,,,"[""green"",""purple""]",[],[],[],"[""触发·被选为目标"",""状态·休眠化"",""费用·可选额外"",""状态·激活"",""触发·征服""]",艾瑞莉娅,"当你将一名友方单位选为目标时，你可以选择让我变为休眠状态并支付{{A}}，以此让该单位变为活跃状态。
当你征服一处战场时，你可以选择支付{{1}}，以此让我变为活跃状态。","<p>When you choose a friendly unit, you may exhaust me and pay :rb_rune_rainbow: to ready it.<br />When you conquer, you may pay :rb_energy_1: to ready me.</p>",0,0,0,稀有,SFD,,,false,2026-06-18 15:11:45.468662+00,2026-08-11 04:32:05.530677+00,"[""传奇""]",1
8d1fc2a7-c1f7-4778-92d5-610697f4742a,SFD-096,劳伦特护刃者,Laurent Bladekeeper,,,"[""orange""]","[""德玛西亚""]",[],"[""游走""]","[""移动·单位""]",,{{游走}} （我可以向其他战场进行移动。）,<p>Ganking (I can move from battlefield to battlefield.)</p>,3,0,3,普通,SFD,“这几招，我从小用到老。”,,false,2026-06-18 15:11:45.821819+00,2026-08-10 07:41:29.350663+00,"[""单位""]",
8d4a39ae-0433-4e9e-a286-b0cccdab0538,SFD-154,护驾！,Guards!,,,"[""yellow""]",[],[],"[""待命""]","[""衍生·单位"",""费用·可选额外"",""状态·激活""]",,"{{待命}}（支付{{A}}正面朝下放置此牌，之后可支付{{0}}将其当作反应牌打出。）
打出一名2{{S}}的“黄沙士兵”。然后进行一次，你可以选择支付{{黄色}}，以此让其变为活跃状态。","[Hidden] (Hide now for [A] to react with later for [0].)

Play a 2 [M] Sand Soldier unit token. Then do this: You may pay [C] to ready it.",3,0,0,普通,SFD,"“我的帝国存在于每颗沙粒之中。”
——阿兹尔",,false,2026-06-18 15:11:45.821819+00,2026-08-10 07:41:29.350663+00,"[""法术""]",
8d60ce5e-9309-4dbf-a825-043b3fc1dc0d,SFD-037,纳沃利侦察兵,Navori Scout,,,"[""green""]","[""艾欧尼亚""]","[""约德尔人""]","[""法盾""]",[],,{{法盾}}（对手必须支付{{A}}才能将我选作法术或技能的目标。）,<p>[Deflect] (Opponents must pay :rb_rune_rainbow: to choose me with a spell or ability.)</p>,4,0,4,普通,SFD,纳沃利兄弟会这个组织，既没有身高要求，也没有退休年龄的限制。,,false,2026-06-18 15:11:45.468662+00,2026-08-10 07:41:29.350663+00,"[""单位""]",
8d6ca88a-f6d9-4b85-9ca3-476388766d46,OGN-020,垃圾场小霸王,Scrapyard Champion,,,"[""red""]","[""班德尔城""]","[""机械""]","[""鼓舞""]","[""触发·进场"",""触发·打出"",""牌库·弃牌"",""牌库·抽牌""]",,{{鼓舞}}—当你打出我时，弃置两张手牌，然后抽两张牌。（如果你在本回合内已打出过其他卡牌，则发动此效果。）,"<p>[Legion] — When you play me, discard 2, then draw 2. (Get the effect if you've played another card this turn.)</p>",5,1,5,不凡,OGN,“最终的胜利者”这词，有点太主观了吧。,,false,2026-06-18 15:11:45.129603+00,2026-08-10 07:41:29.350663+00,"[""单位""]",
8d8779df-a138-432f-b6c2-15b636e2d234,VEN-065,斯维因,Swain,远谋卓识,Visionary,"[""blue""]","[""诺克萨斯""]","[""恶魔""]","[""预知""]","[""牌库·查看"",""牌库·放回"",""触发·征服""]",斯维因,"{{预知}}（当你打出我时，查看主牌堆顶部的一张牌。你可以选择将其回收。）
当我征服一处战场时，如果你在本回合内打出了一名非指示物单位、一件非指示物装备和一个法术，则你获得1分。","[Vision] (When you play me, look at the top card of your Main Deck. You may recycle it.)
When I conquer, if you've played a non-token unit, a non-token gear, and a spell this turn, you score 1 point.",6,1,6,稀有,VEN,“人们离真相还有五步之遥，而我大概领先十步吧。”,,false,2026-07-17 11:50:11.953074+00,2026-08-10 07:41:29.350663+00,"[""单位""]",
8d941654-4b3f-4fea-b718-bf5c53835470,OGS-003,焚烧,Incinerate,,,"[""red""]",[],[],"[""迅捷""]","[""伤害·单体""]",,"{{迅捷}}（可在你的回合或法术对决中打出。）
对战场上的一名单位造成2点伤害。",<p>[Action] (Play on your turn or in showdowns.)<br />Deal 2 to a unit at a battlefield.</p>,2,0,0,普通,OGS,"“你闻起来就像……烧焦了一样！”
——安妮",,false,2026-06-18 15:11:45.129603+00,2026-08-10 07:41:29.350663+00,"[""法术""]",
8e0343fb-5012-43e1-b652-3c91c33ec6a8,OGN-219,先锋中士,Vanguard Sergeant,,,"[""yellow""]","[""德玛西亚""]","[""精锐""]",[],,,,,4,0,4,普通,OGN,他知道自己的命令：坚守阵线，否则功亏一篑。,,false,2026-06-18 15:11:45.129603+00,2026-07-16 07:29:52.575498+00,"[""单位""]",
8e1711b1-7a79-41fb-8092-1b6e6649f1a9,SFD-033,多兰之盾,Doran's Shield,,,"[""green""]",[],"[""武装""]","[""壁垒"",""装配""]",[],,"{{装配绿色}}（支付{{绿色}}：将此牌贴附到你控制的一名单位上。）
{{壁垒}}（我在战斗中首先承担伤害。）{{S}}+1","<p>[Equip] :rb_rune_calm: (:rb_rune_calm:: Attach this to a unit you control.)</p>
<p>[Tank] (I must be assigned combat damage first.)</p>
[S] +1",1,0,0,普通,SFD,,,false,2026-06-18 15:11:45.468662+00,2026-08-10 07:41:29.350663+00,"[""装备""]",
8e5a159a-fe1e-401f-927e-cafab11b97f2,UNL-134,存在焦虑,Existential Dread,,,"[""purple""]",[],[],"[""眩晕"",""回响"",""迅捷""]","[""状态·眩晕"",""互动·返回手牌"",""费用·可选额外""]",,"{{迅捷}}（可在你的回合或法术对决中打出。）
{{回响}}{{2}}（你可以选择支付此额外费用，以重复此法术效果。）
{{眩晕}}一名正在进攻的敌方单位。如果它已经被眩晕，则改为让该单位返回其所属的手牌。（被眩晕的单位在本回合内无法造成战斗伤害。）","<p>[Action] (Play on your turn or in showdowns.)<br />[Repeat] :rb_energy_2: (You may pay the additional cost to repeat this spell's effect.)<br />[Stun] an attacking enemy unit. If it's already stunned, return it to its owner's hand instead. (A stunned unit doesn't deal combat damage this turn.)</p>",1,1,0,不凡,UNL,,,false,2026-06-18 15:11:45.821819+00,2026-08-10 07:41:29.350663+00,"[""法术""]",
8e68849c-e229-4e65-8ff0-2a13b791b31a,VEN-114,卡洛克斯,Kharox,,,"[""purple""]","[""暗影岛""]","[""灵体""]","[""强化"",""燃烧3""]","[""强化·强化"",""强化·已强化奖励"",""牌库·燃烧"",""牌库·打出"",""费用·免费打出""]",,"{{强化6紫色紫色}}（支付{{6}}和{{紫色}}{{紫色}}：强化我。仅在未强化时可用。）
当我变为{{已强化}}时，选择一名对手。该玩家{{燃烧3}}。然后你可以选择进行一次：从其废牌堆中选择一名单位，并当作自己的牌打出，无视其费用。（将其主牌堆顶部的三张牌放入废牌堆，即为燃烧3。）","[Empower] :rb_energy_6::rb_rune_chaos::rb_rune_chaos: (:rb_energy_6::rb_rune_chaos::rb_rune_chaos:: Empower me. Use only if not Empowered.)
When I become [Empowered], choose an opponent. They [Burn 3]. Then you may do this: Choose a unit in their trash and play it, ignoring its cost. (To Burn 3, they put the top 3 cards of their Main Deck into their trash.)",6,0,5,史诗,VEN,,,false,2026-07-16 11:27:40.706485+00,2026-08-10 07:41:29.350663+00,"[""单位""]",
8ec9e9fc-c193-40f9-a97d-c60b652e025e,UNL-212,冰霜要塞,Frozen Fortress,,,"[""colorless""]",[],[],[],"[""触发·回合开始"",""伤害·群体""]",,在每名玩家各自的开始阶段开始时，对此处的所有单位造成1点伤害。（此行动在得分前进行。）,"<p>At the start of each player's Beginning Phase, deal 1 to each unit here. (This happens before scoring.)</p>",0,0,0,不凡,UNL,,,false,2026-06-18 15:11:45.821819+00,2026-08-11 04:32:05.530677+00,"[""战场""]",1
8f0283e5-7459-48ba-9b8c-04ce5b79c0fc,SFD-197,沙漠皇帝,Emperor of the Sands,,,"[""green"",""yellow""]",[],[],"[""百炼""]","[""持续·光环常驻"",""主动·横置技能"",""主动·支付费用技能"",""衍生·单位""]",阿兹尔,"你的“黄沙士兵”获得{{百炼}}。
支付{{1}}，{{横置}}：打出一名2{{S}}的“黄沙士兵”到你的基地。只能在你本回合打出了一件武装后使用。","<p>Your Sand Soldiers have [Weaponmaster].<br />:rb_energy_1:, :rb_exhaust:: Play a 2 :rb_might: Sand Soldier unit token to your base. Use only if you've played an Equipment this turn.</p>",0,0,0,稀有,SFD,,,false,2026-06-18 15:11:45.468662+00,2026-08-11 04:32:05.530677+00,"[""传奇""]",1
8f02ff58-92ad-467b-ae81-90010a6d31cb,VEN-124,脱逃的灰背,Escaped Grayback,,,"[""yellow""]","[""诺克萨斯""]",,"[""强化""]","[""强化·强化"",""摧毁·单位"",""强化·已强化奖励"",""战力·增强单体"",""战力·永久成长""]",,"{{强化}} — 摧毁一名友方单位（支付此费用：强化我。仅在未强化时可用。）
{{已强化>}} 我获得{{S}}+2。","[Empower] — Kill a friendly unit (Pay the cost: Empower me. Use only if not Empowered.)
[Empowered][&gt;] I have +2 :rb_might:.",3,0,3,不凡,VEN,“追求自由的意志，会给你莫大的力量。”,,false,2026-07-15 12:42:50.861849+00,2026-08-10 07:41:29.350663+00,"[""单位""]",
8f490df0-5033-4d91-a2f6-5f66271b28a6,UNL-169,艾希,Ashe,凛如寒芒,Focused,"[""yellow""]","[""弗雷尔卓德""]",[],[],"[""触发·进场"",""干扰·展示手牌"",""牌库·放逐"",""触发·据守"",""互动·返回手牌""]",艾希,当你打出我时，选择一名对手。让该对手展示自己的手牌。选择一张对手以此方式展示的卡牌，将其放逐。当该对手据守一处战场时，让这张被放逐的牌返回其手牌（即使我已经不在场上）。,"<p>When you play me, choose an opponent. They reveal their hand. Choose a card revealed this way and banish it. When they hold, return it to their hand (even if I'm no longer on the board).</p>",5,1,4,稀有,UNL,“命运不由天定，只靠我们来书写。”,,false,2026-06-18 15:11:45.821819+00,2026-08-10 07:41:29.350663+00,"[""英雄单位""]",
8f4c1a5f-0608-4454-8f43-304e4edfd79c,VEN-076,维修专家,Repair Specialist,,,"[""orange""]","[""祖安""]",,"[""强攻""]","[""战力·条件加成"",""战力·永久成长""]",,我拥有等同于你控制装备数量的{{强攻}}数值。（如果我是进攻方，则每点强攻提供{{S}}+1。）,I have [Assault] equal to the number of gear you control. (+1 :rb_might: while I'm an attacker for each instance of Assault.),3,0,3,普通,VEN,变皮城之废，为祖安之宝。,,false,2026-07-17 11:50:11.953074+00,2026-08-10 07:41:29.350663+00,"[""单位""]",
8fd78168-5cdd-4fb9-8a0c-f33b7e22fa38,SFD-024,芮尔,Rell,唯心铁意,Magnetic,"[""red""]","[""诺克萨斯""]",[],"[""壁垒""]","[""触发·进攻"",""费用·免费打出""]",芮尔,"{{壁垒}}（我在战斗中首先承担伤害。）
当我进攻时，你可以选择打出一件法力费用不高于{{2}}的武装，无视其费用。若如此做，则进行一次：将其贴附到我身上。","<p>[Tank] (I must be assigned combat damage first.)<br />When I attack, you may play an Equipment with Energy cost no more than :rb_energy_2:, ignoring its cost. If you do, then do this: Attach it to me.</p>",4,0,4,稀有,SFD,“血肉之躯太过脆弱。只有钢铁才最可靠。”,,false,2026-06-18 15:11:45.468662+00,2026-08-10 07:41:29.350663+00,"[""英雄单位""]",
9020a636-0ec2-49b0-b2e3-469b3f3c4855,OGN-232,菲奥娜,Fiora,所向披靡,Victorious,"[""yellow""]","[""德玛西亚""]",[],"[""坚守"",""法盾"",""强力"",""游走""]","[""战力·条件加成"",""移动·单位""]",菲奥娜,如果我变为{{强力}}单位，则我获得{{法盾}}、{{游走}}和{{坚守}}。（战力达到5或以上时，即为强力单位。）,"<p>While I'm [Mighty], I have [Deflect], [Ganking], and [Shield]. (I'm Mighty while I have 5+ :rb_might:.)</p>",4,0,4,稀有,OGN,“我渴望有价值的对手。”,,false,2026-06-18 15:11:45.129603+00,2026-08-10 07:41:29.350663+00,"[""英雄单位""]",
90920124-7ecb-413c-8342-e4a168e9af7e,OGN-265,奥术先驱,Herald of the Arcane,,,"[""blue"",""yellow""]",[],[],[],"[""主动·横置技能"",""主动·支付费用技能"",""衍生·单位""]",维克托,支付{{1}}，{{横置}}：打出一名1{{S}}的“随从”。,"<p>:rb_energy_1:, :rb_exhaust:: Play a 1 :rb_might: Recruit unit token.</p>",0,0,0,稀有,OGN,,,false,2026-06-18 15:11:45.129603+00,2026-08-11 04:32:05.530677+00,"[""传奇""]",1
90eed2a8-0420-4bb6-8a7c-cb7f5d3f841e,UNL-124,隔绝,Isolate,,,"[""purple""]",[],[],[],"[""移动·敌方"",""互动·召回基地"",""牌库·抽牌""]",,将一名敌方单位从战场移动到其基地。然后，如果该战场上有落单的敌方单位，则抽一张牌。,"<p>Move an enemy unit from a battlefield to its base. Then, if there's an enemy unit alone at that battlefield, draw 1.</p>",2,0,0,普通,UNL,"“唔，人都哪去了？”
——常见遗言",,false,2026-06-18 15:11:46.036748+00,2026-08-10 07:41:29.350663+00,"[""法术""]",
9136b7be-e1cf-4eb2-b51f-1cd911c2d7d3,VEN-144,禁奥义！瞬狱影杀阵,Death Mark,,,"[""red"",""purple""]",,,"[""燃烧3"",""强攻4"",""流转""]","[""牌库·燃烧"",""衍生·单位"",""牌库·打出"",""费用·可选额外"",""牌库·放逐""]",劫,"{{燃烧3}}。（将你主牌堆顶部的三张牌放入你的废牌堆。）
打出一名0{{S}}的“影分身”。（其具有“当我进攻时，你可以选择从你的废牌堆中放逐一名单位。若如此做，则给予我在本回合内{{强攻4}}。”）
{{流转1AA}}（你可以选择支付此牌的流转费用，以此将其从你的废牌堆中打出。然后将其放逐。）","[Burn 3]. (Put the top 3 cards of your Main Deck into your trash.)
Play a 0 :rb_might: Shadow Clone unit token. (It has &quot;When I attack, you may banish a unit from your trash. If you do, give me [Assault 4] this turn.&quot;)
[Flow] :rb_energy_1::rb_rune_rainbow::rb_rune_rainbow: (You may play this from your trash for its Flow cost. Then banish it.)",2,1,0,史诗,VEN,,,false,2026-07-09 16:49:03.36084+00,2026-08-10 07:41:29.350663+00,"[""专属法术""]",
91394507-5027-4e72-9ee6-c603915acb10,SFD-R01,炽烈符文,,,,"[""red""]",[],[],[],,,,,0,0,0,普通,SFD,,,false,2026-06-18 15:11:45.821819+00,2026-08-11 04:32:05.530677+00,"[""符文""]",12
919dda16-ab31-42c6-8d8e-e2b7ce081211,OGN-024,虚空索敌,Void Seeker,,,"[""red""]",[],[],"[""迅捷""]","[""伤害·单体"",""牌库·抽牌""]",,"{{迅捷}}（可在你的回合或法术对决中打出。）
对战场上的一名单位造成4点伤害，然后抽一张牌。",<p>[Action] (Play on your turn or in showdowns.)<br />Deal 4 to a unit at a battlefield. Draw 1.</p>,3,1,0,不凡,OGN,"“今天是狩猎的好日子。”
——卡莎",,false,2026-06-18 15:11:45.129603+00,2026-08-10 07:41:29.350663+00,"[""法术""]",
91a3da94-90f7-4ddf-9c87-322c8c8591ba,SFD-135,紧急召回,Factory Recall,,,"[""purple""]",[],[],"[""迅捷""]","[""互动·返回手牌""]",,"{{迅捷}}（可在你的回合或法术对决中打出。）
让一件装备返回其所属的手牌。",<p>[Action] (Play on your turn or in showdowns.)<br />Return a gear to its owner's hand.</p>,1,0,0,不凡,SFD,“概不退款！”,,false,2026-06-18 15:11:45.821819+00,2026-08-10 07:41:29.350663+00,"[""法术""]",
91aebf58-03e0-4728-a9a7-76a0286d3acd,OGN-035,薇恩,Vayne,追猎者,Hunter,"[""red""]","[""德玛西亚""]","[""哨兵""]","[""强攻3""]","[""状态·以活跃进场"",""触发·征服"",""互动·返回手牌"",""费用·可选额外""]",薇恩,"{{强攻3}}（如果我是进攻方，则{{S}}+3。）
如果对手已控制任意战场，则我以活跃状态进场。每当我征服一处战场时，你可以选择支付{{1}}来让我返回所属的手牌。","<p>[Assault 3] (+3 :rb_might: while I'm an attacker.)<br />If an opponent controls a battlefield, I enter ready.<br />When I conquer, you may pay :rb_energy_1: to return me to my owner's hand.</p>",4,1,2,稀有,OGN,“趁黑出动。”,,false,2026-06-18 15:11:45.129603+00,2026-08-10 07:41:29.350663+00,"[""英雄单位""]",
91dc7f38-3291-4af6-b30a-4fce51466b10,SFD-048,天角牧者,Stellacorn Herder,,,"[""green""]","[""巨神峰""]",[],[],"[""触发·移动"",""牌库·抽牌""]",,每当我移动时，抽一张牌。,"<p>When I move, draw 1.</p>",4,0,3,不凡,SFD,“找到走失的天角兽其实不难！难就难在怎么抓住它们。”,,false,2026-06-18 15:11:45.468662+00,2026-08-10 07:41:29.350663+00,"[""单位""]",
92e5aebf-d461-4c51-88f5-1681e336412b,VEN-152,灵魂折镜,Rebuttal,,,"[""blue"",""purple""]",,,"[""反应""]","[""反制·无效化法术"",""费用·可选额外"",""互动·夺控""]",梅尔,"{{反应}}（可在任意时机打出，甚至先于其他法术和技能的结算。）
选择一个法力费用不高于{{4}}的法术。你可以选择支付{{A}}。若如此做，则你获得此法术的控制权，你可以选择为其做出新的选择。否则将其无效化。","[Reaction] (Play any time, even before spells and abilities resolve.)
Choose a spell with Energy cost no more than :rb_energy_4:.  You may pay :rb_rune_rainbow:. If you do, gain control of it and you may make new choices for it. Otherwise, counter it.",1,1,0,史诗,VEN,"“斗转乾坤！”
——梅尔",,false,2026-07-13 14:11:02.122334+00,2026-08-10 07:41:29.350663+00,"[""专属法术""]",
92f72c4c-fe03-4b23-8aa2-53a5b60f41b4,SFD-179,卡银娜·薇蕊泽,Corina Veraza,,,"[""yellow""]","[""祖安""]",[],"[""急速""]","[""触发·移动"",""衍生·单位""]",,"{{急速}}（你可以选择额外支付{{1}}和{{黄色}}，让我以活跃状态进场。）
当我移动到一处战场时，在此处打出三名1{{S}}的“随从”。","<p>[Accelerate] (You may pay :rb_energy_1::rb_rune_order: as an additional cost to have me enter ready.)<br />When I move to a battlefield, play three 1 :rb_might: Recruit unit tokens here.</p>",7,1,6,史诗,SFD,“我告诉过他们，每一项成就都有代价。我只是没告诉他们，这代价由谁买单。”,,false,2026-06-18 15:11:45.468662+00,2026-08-10 07:41:29.350663+00,"[""单位""]",
930055ae-255b-465e-acbb-bcea0d97331f,OGN-054,日耀卫队,Sunlit Guardian,,,"[""green""]","[""恕瑞玛""]",[],"[""坚守"",""壁垒""]",[],,"{{坚守}}（如果我是防守方，则{{S}}+1。）
{{壁垒}}（我在战斗中首先承担伤害。）",<p>[Shield] (+1 :rb_might: while I'm a defender.)<br />[Tank] (I must be assigned combat damage first.)</p>,3,0,3,普通,OGN,不防守，何以取胜？,,false,2026-06-18 15:11:45.468662+00,2026-08-10 07:41:29.350663+00,"[""单位""]",
939a7752-359a-4374-9f78-a0c7d6cc27e0,VEN-157,龙栖峰,Dragon Roost,,,"[""colorless""]",,,,"[""费用·可选额外"",""特性·属性联动"",""位置·开放战场""]",,任何玩家都可以选择支付{{A}}{{A}}，作为打出“龙”属性单位的额外费用。若如此做，则将其打出到此战场。,"Any player may pay :rb_rune_rainbow::rb_rune_rainbow: as an additional cost to play a Dragon. If they do, they play it to this battlefield.",0,0,0,不凡,VEN,,,false,2026-07-14 11:54:00.306963+00,2026-08-11 04:32:05.530677+00,"[""战场""]",1
94011ad0-5e84-46ed-9c1f-d661e51aa861,OGN-158,沃利贝尔,Volibear,雄浑巨力,Imposing,"[""orange""]","[""弗雷尔卓德""]",[],"[""坚守3"",""壁垒""]","[""触发·移动"",""牌库·抽牌""]",沃利贝尔,"{{坚守3}}（如果我是防守方，则{{S}}+3。）
{{壁垒}}（我在战斗中首先承担伤害。）
每当对手移动单位到我不在的其他战场时，你抽一张牌。（基地不算作战场。）","<p>[Shield 3] (+3 :rb_might: while I'm a defender.)<br />[Tank] (I must be assigned combat damage first.)<br />When an opponent moves to a battlefield other than mine, draw 1. (Bases are not battlefield.)</p>",12,2,10,稀有,OGN,“神从不乞求。我们看上什么就拿走什么。”,,false,2026-06-18 15:11:45.129603+00,2026-08-10 07:41:29.350663+00,"[""英雄单位""]",
94037000-217f-4b84-9e6e-16a4f4b6820a,SFD-051,守护天使,Guardian Angel,,,"[""green""]",[],"[""武装""]","[""装配""]","[""保护·免死替身"",""触发·摧毁"",""状态·休眠化"",""互动·召回基地""]",,"{{装配绿色}}（支付{{绿色}}：将此牌贴附到你控制的一名单位上。）
如果我被摧毁，则改为摧毁守护天使。移除我所受到的伤害，让我变为休眠状态，并将我召回。{{S}}+1","<p>[Equip] :rb_rune_calm: (:rb_rune_calm:: Attach this to a unit you control.)</p>
<p>If I would die, kill Guardian Angel instead. Heal me, exhaust me, and recall me.</p>
[S] +1",2,0,0,稀有,SFD,,,false,2026-06-18 15:11:45.468662+00,2026-08-10 07:41:29.350663+00,"[""装备""]",
94056d0c-cead-4b8d-999a-ce758adbaf04,UNL-170,厄塔汗,Atakhan,,,"[""yellow""]","[""诺克萨斯""]","[""恶魔""]","[""游走""]","[""费用·可选额外"",""摧毁·单位"",""费用·减费"",""触发·进攻""]",,"你可以选择摧毁一名友方单位，作为打出我的额外费用。若如此做，则该单位每有1点法力费用，我的法力费用便减少{{1}}，该单位每有1点符能费用，我的符能费用便减少{{黄色}}。
{{游走}}（我可以向其他战场进行移动。）
当我进攻时，防守方必须摧毁其在此处的一名单位。","<p>You may kill a friendly unit as an additional cost to play me. If you do, I cost :rb_energy_1: less for each Energy it costs and :rb_rune_order: less for each Power it costs.<br />[Ganking] (I can move from battlefield to battlefield.)<br />When I attack, the defender must kill one of their units here.</p>",10,3,7,稀有,UNL,,,false,2026-06-18 15:11:45.821819+00,2026-08-10 07:41:29.350663+00,"[""单位""]",
941f8591-905e-4ab1-9e8a-714221f0f429,SFD-218,沉没神庙,Sunken Temple,,,"[""colorless""]",[],[],"[""强力""]","[""触发·征服"",""费用·可选额外"",""牌库·抽牌""]",,当你以{{强力}}单位征服此处时，你可以选择支付{{1}}来抽一张牌。（战力达到5或以上时，即为强力单位。）,"<p>When you conquer here with one or more [Mighty] units, you may pay :rb_energy_1: to draw 1. (A unit is Mighty while it has 5+ :rb_might:.)</p>",0,0,0,不凡,SFD,,,false,2026-06-18 15:11:45.821819+00,2026-08-11 04:32:05.530677+00,"[""战场""]",1
94237952-b78f-4ea7-b007-6ac4e9472607,UNL-190,夜阑谣,Lilting Lullaby,,,"[""green"",""blue""]",[],[],"[""反应""]","[""反制·无效化法术"",""限制·行动禁止""]",莉莉娅,"{{反应}}（可在任意时机打出，甚至先于其他法术和技能的结算。）
无效化一个法术。其控制者在本回合内无法打出法术。","<p>[Reaction] (Play any time, even before spells and abilities resolve.)<br />Counter a spell. Its controller can't play spells this turn.</p>",2,2,0,史诗,UNL,"“该睡觉咯！”
——莉莉娅",,false,2026-06-18 15:11:45.821819+00,2026-08-10 07:41:29.350663+00,"[""专属法术""]",
945caa92-6bdc-46a2-ac34-1f414dd94455,OGN-060,远见面具,Mask of Foresight,,,"[""green""]",[],[],[],"[""触发·进攻"",""触发·防守"",""战力·增强单体"",""战力·增强本回合""]",,每当一名友方单位独自进攻或防守时，让其本回合内{{S}}+1。,"<p>When a friendly unit attacks or defends alone, give it +1 :rb_might: this turn.</p>",2,0,0,不凡,OGN,接受未来，方可预知未来。,,false,2026-06-18 15:11:45.468662+00,2026-08-10 07:41:29.350663+00,"[""装备""]",
94d79e84-abbf-4de4-ae60-e6094a337be4,VEN-028,悲悯见证者,Mournful Witness,,,"[""green""]","[""艾欧尼亚""]","[""仙灵""]",,"[""触发·战斗"",""强化·强化"",""强化·已强化奖励"",""战力·增强单体"",""战力·永久成长""]",,"当我参与的战斗结束时，强化我。（如果我未被强化，则变为已强化状态。）
{{已强化>}} 我获得{{S}}+2。","When a combat that I was in ends, empower me. (I become Empowered if I'm not already.)
[Empowered][&gt;] I have +2 :rb_might:.",2,0,2,普通,VEN,记而不怨，乃自然之道。,,false,2026-07-13 14:11:02.122334+00,2026-08-10 07:41:29.350663+00,"[""单位""]",
951247f9-8c14-4d2f-85b9-225f30dfc24f,OGN-173,驭风而行,Ride the Wind,,,"[""purple""]",[],[],"[""迅捷""]","[""移动·单位"",""状态·激活""]",,"{{迅捷}}（可在你的回合或法术对决中打出。）
移动一名友方单位，然后让其变为活跃状态。",<p>[Action] (Play on your turn or in showdowns.)<br />Move a friendly unit and ready it.</p>,2,1,0,普通,OGN,"“且随疾风前行，身后亦须留心。”
——亚索",,false,2026-06-18 15:11:45.468662+00,2026-08-10 07:41:29.350663+00,"[""法术""]",
95277830-a6ba-4c3a-a148-f0badfbf13ea,SFD-092,战斗厨神,Combat Chef,,,"[""orange""]","[""德玛西亚""]",[],"[""装配"",""百炼""]","[""费用·减费""]",,{{百炼}}（当你打出我时，你可以选择为我{{装配}}你的一件武装，其装配费用减少{{A}}。可选择已贴附的武装。）,"<p>[Weaponmaster] (When you play me, you may [Equip] one of your Equipment to me for :rb_rune_rainbow: less, even if it's already attached.)</p>",5,0,5,普通,SFD,“最美味的汤，莫过于劫后余生喝到的那一碗。”,,false,2026-06-18 15:11:45.821819+00,2026-08-10 07:41:29.350663+00,"[""单位""]",
955e2edb-e3a9-4eca-a2b5-daf684486524,UNL-186,涌泉之恨,Death from Below,,,"[""red"",""purple""]",[],[],[],"[""摧毁·单位"",""费用·可选额外"",""牌库·打出""]",派克,摧毁战场上的一名单位。然后，如果该单位不高于3{{S}}，则进行一次：你可以选择支付{{A}}，以此将此牌从你的废牌堆中打出。,"<p>Kill a unit at a battlefield. Then, if it had 3 :rb_might: or less, do this: You may play this from your trash for :rb_rune_rainbow:.</p>",4,1,0,史诗,UNL,"“把一个人放下去，时间一长，阴沟也成了他的地盘。”
——派克",,false,2026-06-18 15:11:46.036748+00,2026-08-10 07:41:29.350663+00,"[""专属法术""]",
956f83a2-99d6-4bdd-a90c-765e8e954108,UNL-168,忠诚不渝,Undying Loyalty,,,"[""yellow""]",[],[],[],"[""费用·条件减费"",""特性·属性联动"",""牌库·打出"",""费用·免费打出""]",,"如果你选择的单位为“鸟类”、“猫科”、“犬形”或“魄罗”属性，则此法术费用减少{{2}}。
从你的废牌堆中打出一名费用不高于{{2}}且不高于{{A}}的单位，无视其费用。","<p>This costs :rb_energy_2: less if you choose a Bird, Cat, Dog, or Poro.<br />Play a unit with cost no more than :rb_energy_2: and no more than :rb_rune_rainbow: from your trash, ignoring its cost.</p>",2,1,0,不凡,UNL,“要是它们都能回来该有多好。”,,false,2026-06-18 15:11:45.821819+00,2026-08-10 07:41:29.350663+00,"[""法术""]",
95dfb851-b8fe-4302-b42e-98110d8720b2,OGN-231,莱卓斯指挥官,Commander Ledros,,,"[""yellow""]","[""暗影岛""]","[""灵体""]","[""法盾"",""游走""]","[""触发·进场"",""费用·可选额外"",""摧毁·单位"",""费用·减费""]",,"当你打出我时，你可以选择摧毁任意数量的友方单位作为额外费用。每用这个方法摧毁一个友方单位，便让我的费用减少{{黄色}}。
{{法盾}}（对手必须支付{{A}}才能将我选作法术或技能的目标。）
{{游走}}（我可以向其他战场进行移动。）","<p>As you play me, you may kill any number of friendly units as an additional cost. Reduce my cost by :rb_rune_order: for each killed this way.<br />[Deflect] (Opponents must pay :rb_rune_rainbow: to choose me with a spell or ability.)<br />[Ganking] (I can move from battlefield to battlefield.)</p>",6,4,8,稀有,OGN,,,false,2026-06-18 15:11:45.129603+00,2026-08-10 07:41:29.350663+00,"[""单位""]",
9616ae67-b01d-4faa-80b2-593d6fec1986,OGN-270,叹为观止,Showstopper,,,"[""orange"",""yellow""]",[],[],[],"[""增益·给予"",""移动·单位""]",瑟提,给予你基地中的一名友方单位增益， 然后将其移动到一处战场。（如果该单位未拥有增益，则获得一个{{S}}+1增益。）,"<p>Buff a friendly unit in your base, then move it to a battlefield. (If it doesn't have a buff, it gets a +1 :rb_might: buff.)</p>",1,1,0,史诗,OGN,,,false,2026-06-18 15:11:45.129603+00,2026-08-10 07:41:29.350663+00,"[""专属法术""]",
96c17156-2575-49e1-81f6-c72a389934a5,UNL-005,传承者雷芙纳,Revna the Lorekeeper,,,"[""red""]","[""弗雷尔卓德""]",[],"[""游走""]","[""触发·打出"",""状态·激活""]",,"{{游走}}（我可以向其他战场进行移动。）
当你打出一个法术时，如果消耗了不低于{{4}}法力，则让我变为活跃状态。","<p>[Ganking] (I can move from battlefield to battlefield.)<br />When you play a spell, if you spent :rb_energy_4: or more, ready me.</p>",7,1,7,普通,UNL,“任何东西都阻挡不了我们！严寒不行，死亡也不行！”,,false,2026-06-18 15:11:46.036748+00,2026-08-10 07:41:29.350663+00,"[""单位""]",
96e1df61-00a9-41b7-96dd-ef19bc74ab49,UNL-181,戏命师,Virtuoso,,,"[""red"",""blue""]",[],[],[],"[""触发·打出"",""牌库·放逐"",""符文·召出"",""牌库·抽牌""]",烬,当你打出一个法术时，如果消耗了不低于{{4}}法力，则你可以选择将该法术放逐。如果以此方法放逐了四张法术牌，则将这些法术牌放入各自的废牌堆，召出四枚符文，并抽一张牌。,"<p>When you play a spell, if you spent :rb_energy_4: or more, you may banish it. Then, if there are four spells banished with me, put each in its trash, channel 4 runes, and draw 1.</p>",0,0,0,稀有,UNL,,,false,2026-06-18 15:11:45.821819+00,2026-08-11 04:32:05.530677+00,"[""传奇""]",1
974a299a-f777-44c7-8ebc-b134cd547158,FND-251,暴走萝莉,Loose Cannon,,,"[""red"",""purple""]",,,,"[""触发·回合开始"",""牌库·抽牌""]",金克丝,在你的回合开始阶段，如果你的手牌不足两张，则再抽一张牌。,"At start of your Beginning Phase, draw 1 if you have one or fewer cards in your hand.",0,0,0,稀有,FND,,,false,2026-06-18 15:11:45.129603+00,2026-08-11 04:32:05.530677+00,"[""传奇""]",1
977369b4-a7c8-4e52-a6bd-14e03a4e5e91,UNL-064,命运编织者,Fate Weaver,,,"[""blue""]","[""艾欧尼亚""]",[],[],"[""触发·进场"",""牌库·查看"",""牌库·抽牌"",""牌库·放回""]",,当你打出我时，查看你主牌堆顶部的四张牌。你可以选择从中展示一张法力费用不低于{{4}}的法术牌，并抽取该卡牌。回收其余的卡牌。,"<p>When you play me, look at the top 4 cards of your Main Deck. You may reveal a spell with Energy cost :rb_energy_4: or more from among them and draw it. Recycle the rest.</p>",5,0,4,普通,UNL,“无论长短，每根丝线终究不可能躲过剪刀的裁剪。”,,false,2026-06-18 15:11:46.036748+00,2026-08-10 07:41:29.350663+00,"[""单位""]",
97d44f33-5406-4d2e-9528-9bb1072e116f,OGN-095,“敲”诈,Stupefy,,,"[""blue""]",[],[],"[""反应""]","[""战力·削弱"",""牌库·抽牌""]",,"{{反应}}（可在任意时机打出，甚至先于其他法术和技能的结算。）
让一名单位在本回合内{{S}}-1，不得低于1{{S}}。抽一张牌。","<p>[Reaction] (Play any time, even before spells and abilities resolve.)<br />Give a unit -1 :rb_might: this turn, to a minimum of 1 :rb_might:. Draw 1.</p>",1,0,0,普通,OGN,对手比你聪明，把他敲傻就好了。,,false,2026-06-18 15:11:45.129603+00,2026-08-10 07:41:29.350663+00,"[""法术""]",
97d76631-0f18-4a69-b8da-080a9de124da,VEN-106,风灵瞬转,Wind and Ghosts,,,"[""purple""]",,,"[""迅捷""]","[""牌库·放逐"",""互动·返回手牌""]",,"{{迅捷}}（可在你的回合或法术对决中打出。）
选择战场上的一名单位。如果其战力不高于3{{S}}，则将其放逐。否则让其返回其所属的手牌。","[Action] (Play on your turn or in showdowns.)
Choose a unit at a battlefield. If it has 3 :rb_might: or less, banish it. Otherwise, return it to its owner's hand.",3,1,0,不凡,VEN,不战而屈人之兵，善之善者也。,,false,2026-07-09 16:49:03.36084+00,2026-08-10 07:41:29.350663+00,"[""法术""]",
9825b1ac-e3a5-479f-8e09-fc70161e2b26,VEN-071,焦躁的猫咪,Fretful Feline,,,"[""orange""]","[""皮尔特沃夫""]","[""猫科""]",,"[""状态·激活"",""战力·增强单体"",""战力·增强本回合""]",,当我变为活跃状态时，给予我在本回合内{{S}}+2。,"When I become ready, give me +2 :rb_might: this turn.",6,0,5,普通,VEN,要是知道外面的世界什么样，他大概就不想逃跑了。,,false,2026-07-16 11:27:40.706485+00,2026-08-10 07:41:29.350663+00,"[""单位""]",
98354d82-e4cd-417a-a43f-94aad38e77d3,VEN-128,诺克萨斯使节,Noxian Emissary,,,"[""yellow""]","[""诺克萨斯""]",,"[""强化"",""绝念""]","[""强化·强化"",""强化·已强化奖励"",""触发·摧毁"",""衍生·单位""]",,"{{强化1黄色}}（支付{{1}}和{{黄色}}：强化我。仅在未强化时可用。）
{{已强化>}}{{>绝念>}} 打出两名1{{S}}的“随从”到你的基地。（当我在已强化状态下被摧毁时，发动此效果。）","[Empower] :rb_energy_1::rb_rune_order: (:rb_energy_1::rb_rune_order:: Empower me. Use only if not Empowered.)
[Empowered][&gt;][&gt;&gt;][Deathknell][&gt;] Play two 1 :rb_might: Recruit unit tokens to your base. (When I die while Empowered, get the effect.)",2,0,2,不凡,VEN,他的每个字背后，都是整个诺克萨斯的力量。,,false,2026-07-16 11:27:40.706485+00,2026-08-10 07:41:29.350663+00,"[""单位""]",
990de0fb-e611-4b97-9871-1037147dc6cd,OGN-208,冷血贵族,Cruel Patron,,,"[""yellow""]","[""诺克萨斯""]",[],[],"[""费用·强制额外"",""摧毁·单位""]",,你必须摧毁一名友方单位，作为打出我的额外费用。,"<p>As an additional cost to play me, kill a friendly unit.</p>",4,0,6,普通,OGN,忠诚是种义务，而不是选择。,,false,2026-06-18 15:11:45.129603+00,2026-08-10 07:41:29.350663+00,"[""单位""]",
99665ac0-8fed-4b0d-ae35-a04c1049d5bc,OGN-001,灼焰飞龙,Blazing Scorcher,,,"[""red""]","[""诺克萨斯""]","[""龙""]","[""急速""]","[""状态·以活跃进场"",""费用·可选额外""]",,{{急速}}（你可以选择额外支付{{1}}和{{红色}}，让我以活跃状态进场。）,<p>[Accelerate] (You may pay :rb_energy_1::rb_rune_fury: as an additional cost to have me enter ready.)</p>,5,0,5,普通,OGN,,,false,2026-06-18 15:11:45.129603+00,2026-08-10 07:41:29.350663+00,"[""单位""]",
99b6e04d-30b2-4abb-80ab-ac8c628d49ed,UNL-191,无极宗师,Wuju Master,,,"[""green"",""orange""]",[],[],"[""等级6"",""等级11""]","[""经验·等级奖励"",""战力·增强群体"",""战力·永久成长"",""状态·以活跃进场""]",易,"{{等级6>}} 你的单位获得{{S}}+1。（如果你拥有不少于6经验，则获得该效果。）
{{等级11>}} 你的单位以活跃状态进场。","<p>[Level 6][>] Your units have +1 :rb_might:. (While you have 6+ XP, get the effect.)<br />[Level 11][>] Your units enter ready.</p>",0,0,0,稀有,UNL,,,false,2026-06-18 15:11:45.821819+00,2026-08-11 04:32:05.530677+00,"[""传奇""]",1
99bd6b87-8b24-411e-ad2c-c86ad3a3db75,UNL-127,树根先生,Mister Root,,,"[""purple""]","[""艾欧尼亚""]","[""仙灵""]","[""急速""]","[""触发·移动"",""经验·获得""]",,"{{急速}}（你可以选择额外支付{{1}}和{{紫色}}，让我以活跃状态进场。）
当我移动至战场时，获得2经验。","<p>[Accelerate] (You may pay :rb_energy_1::rb_rune_chaos: as an additional cost to have me enter ready.)<br />When I move to a battlefield, gain 2 XP.</p>",2,0,1,普通,UNL,梦也会做梦。,,false,2026-06-18 15:11:46.036748+00,2026-08-10 07:41:29.350663+00,"[""单位""]",
9a2bd9b4-e55a-4409-ae9d-34d4d6b047b5,OGN-051,烈阳盾卫,Solari Shieldbearer,,,"[""green""]","[""巨神峰""]",[],[],"[""触发·进场"",""状态·眩晕""]",,当你打出我时，眩晕一名单位。（使其在本回合内无法造成战斗伤害。）,"<p>When you play me, stun a unit. (It doesn't deal combat damage this turn.)</p>",3,0,2,普通,OGN,“纪律，就是最坚固的护盾。”,,false,2026-06-18 15:11:45.468662+00,2026-08-10 07:41:29.350663+00,"[""单位""]",
9b752770-cdf1-4c47-a24e-d504b436199b,UNL-072,新月打击,Crescent Strike,,,"[""blue""]",[],[],"[""迅捷""]","[""伤害·单体"",""伤害·群体""]",,"{{迅捷}}（可在你的回合或法术对决中打出。）
选择一处战场，以及该处的一名敌方单位。对该单位造成4点伤害，并对该处的其他敌方单位各造成1点伤害。",<p>[Action] (Play on your turn or in showdowns.)<br />Choose a battlefield and an enemy unit there. Deal 4 to that unit and 1 to each other enemy unit there.</p>,3,1,0,不凡,UNL,月光虽冷，亦可灼人。,,false,2026-06-18 15:11:45.821819+00,2026-08-10 07:41:29.350663+00,"[""法术""]",
9b9e8701-2500-47e2-9c6a-5b8efc80c133,UNL-T05,金币,Gold,,,"[""colorless""]",[],[],"[""反应"",""获得""]","[""主动·横置技能"",""资源·获得费用"",""摧毁·装备""]",,{{反应}} — 摧毁此牌，{{横置}}：{{获得}}{{A}}。（获得费用资源的技能无法成为其他法术的反应目标。）,"<p>[Reaction][>] Kill this, :rb_exhaust:: [Add] :rb_rune_rainbow:. (Abilities that add resources can't be reacted to.)</p>",0,0,0,普通,UNL,,,false,2026-06-18 15:11:45.821819+00,2026-08-10 07:41:29.350663+00,"[""指示物装备""]",
9bb80f7d-6357-472f-a209-235ba0e30a72,OGN-032,邪鸦魔典,Ravenborn Tome,,,"[""red""]",[],[],[],"[""主动·横置技能"",""伤害·法术伤害加成""]",,{{横置}}：本回合内你打出的下一个法术造成的伤害+1（每段伤害都+1）。,<p>:rb_exhaust:: The next spell you play this turn deals 1 Bonus Damage. (Each instance of damage the spell deals is increased by 1.)</p>,3,0,0,稀有,OGN,这本书是用防火材料装订的。理由应该不难猜吧。,,false,2026-06-18 15:11:45.468662+00,2026-08-10 07:41:29.350663+00,"[""装备""]",
9bba6897-c2d7-4b33-bb68-c32822266ef3,UNL-111,坚定的哨兵,Determined Sentry,,,"[""orange""]","[""班德尔城""]","[""约德尔人""]",[],"[""持续·光环常驻"",""限制·行动禁止""]",,我无法移动到基地。,<p>I can't move to base.</p>,1,0,1,稀有,UNL,百谋不如一勇。,,false,2026-06-18 15:11:46.036748+00,2026-08-10 07:41:29.350663+00,"[""单位""]",
9c1b1db8-569b-4428-9205-43732903039e,VEN-096,影刃潜伏者,Shadowblade Lurker,,,"[""purple""]","[""艾欧尼亚""]",,,"[""费用·条件减费""]",,你的废牌堆中每有一张和我同名的卡牌，我的费用便减少{{2}}。,I cost :rb_energy_2: less for each card with my name in your trash.,5,0,5,普通,VEN,一生只见一面足矣。,,false,2026-07-14 11:54:00.306963+00,2026-08-10 07:41:29.350663+00,"[""单位""]",
9ca58e09-41f0-4cf2-9aff-1c91edfba6b6,SFD-172,神圣剪刀,Sacred Shears,,,"[""yellow""]",[],"[""武装""]","[""装配"",""绝念""]","[""触发·摧毁"",""牌库·抽牌""]",,"{{装配黄色}}（支付{{黄色}}：将此牌贴附到你控制的一名单位上。）
{{绝念}} — 抽一张牌。（当我被摧毁后，发动此效果。）{{S}}+1","<p>[Equip] :rb_rune_order: (:rb_rune_order:: Attach this to a unit you control.)</p>
<p>[Deathknell] — Draw 1. (When I die, get the effect.)</p>
[S] +1",2,1,0,稀有,SFD,,,false,2026-06-18 15:11:45.468662+00,2026-08-10 07:41:29.350663+00,"[""装备""]",
9d8439b1-79b2-4340-9440-44da3938c795,OGN-120,洞察之印,Seal of Insight,,,"[""blue""]",[],[],"[""反应"",""获得""]","[""主动·横置技能"",""资源·获得费用""]",,{{横置}}：{{反应}}—{{获得}}{{蓝色}}，用以支付符能费用。（获得费用资源的技能无法成为其他法术的反应目标。）,<p>:rb_exhaust:: [Reaction] — [Add] :rb_rune_mind:. (Abilities that add resources can't be reacted to.)</p>,0,1,0,史诗,OGN,,,false,2026-06-18 15:11:45.129603+00,2026-08-10 07:41:29.350663+00,"[""装备""]",
9dd37712-15e3-43dc-a5e3-981b7de9728b,UNL-118,远古巨龙,Elder Dragon,,,"[""orange""]","[""德玛西亚""]","[""龙""]",[],"[""持续·光环常驻"",""摧毁·单位"",""触发·进场"",""伤害·群体""]",,"你造成的任意数量伤害，都足以将敌方单位摧毁。
当你打出我时，在每个位置选择最多一名敌方单位。对其造成1点伤害。","<p>Any amount of your damage is enough to kill enemy units.<br />When you play me, choose up to one enemy unit at each location. Deal 1 to them.</p>",12,4,10,史诗,UNL,把龙逐出山谷，只不过是为更大的龙腾出了空间。,,false,2026-06-18 15:11:45.821819+00,2026-08-10 07:41:29.350663+00,"[""单位""]",
9dd98051-16be-45a8-8a69-a0dc2beb3c76,VEN-112,劫,Zed,落影无声,Without a Sound,"[""purple""]","[""艾欧尼亚""]",,"[""强攻4"",""迅捷""]","[""触发·征服"",""衍生·单位"",""主动·支付费用技能"",""移动·换位""]",劫,"当我征服一处战场时，打出一名0{{S}}的“影分身”到你的基地。（其具有“当我进攻时，你可以选择从你的废牌堆中放逐一名单位。若如此做，则给予我在本回合内{{强攻4}}。”）
{{迅捷>}}{{1}}{{紫色}}：将我和一名受你控制的“影分身”互相移动到对方的位置。","When I conquer, play a 0 :rb_might: Shadow Clone unit token to your base. (It has &quot;When I attack, you may banish a unit from your trash. If you do, give me [Assault 4] this turn.&quot;)
[Action][&gt;] :rb_energy_1::rb_rune_chaos:: Move me and a Shadow Clone you control to each other's locations.",5,0,5,稀有,VEN,,,false,2026-07-09 16:49:03.36084+00,2026-08-10 07:41:29.350663+00,"[""英雄单位""]",
9ddc6e12-dae4-415e-806d-6772e353a129,SFD-027,穿沙角兽,Dunebreaker,,,"[""red""]","[""虚空之地""]",[],[],"[""状态·以活跃进场"",""触发·据守"",""牌库·抽牌""]",,"如果你的手牌不超过两张，则我以活跃状态进场。
当我据守一处战场时，抽两张牌。","<p>If you have two or fewer cards in your hand, I enter ready.<br />When I hold, draw 2.</p>",7,1,7,史诗,SFD,沙丘的崩塌不像枯枝的断裂，而是如浪涛般席卷崩摧。,,false,2026-06-18 15:11:45.468662+00,2026-08-10 07:41:29.350663+00,"[""单位""]",
9e025a6a-6f80-4c6b-b6a1-a45a26c1e779,UNL-101,战斗号令,Call to Battle,,,"[""orange""]",[],[],[],"[""移动·单位"",""移动·敌方""]",,将你控制的一名单位移动至你控制的一处战场。然后，选择一名对手。该对手将自己控制的一名单位移动至该战场。,"<p>Move a unit you control to a battlefield you control. Then, choose an opponent. They move a unit they control to the same battlefield.</p>",3,0,0,不凡,UNL,“我说，这下你打算怎么办？”,,false,2026-06-18 15:11:45.821819+00,2026-08-10 07:41:29.350663+00,"[""法术""]",
9e4f10cd-f710-400f-8300-f06339a492e6,OGN-204,不和之印,Seal of Discord,,,"[""purple""]",[],[],"[""反应"",""获得""]","[""主动·横置技能"",""资源·获得费用""]",,{{横置}}：{{反应}}—{{获得}}{{紫色}}，用以支付符能费用。（获得费用资源的技能无法成为其他法术的反应目标。）,<p>:rb_exhaust:: [Reaction] — [Add] :rb_rune_chaos:. (Abilities that add resources can't be reacted to.)</p>,0,1,0,史诗,OGN,,,false,2026-06-18 15:11:45.129603+00,2026-08-10 07:41:29.350663+00,"[""装备""]",
9e51ac2a-67e6-469e-b898-abb7334ddc85,VEN-016,蚀影巨龙,Eclipse Dragon,,,"[""red""]","[""巨神峰""]","[""龙""]","[""急速""]","[""触发·移动"",""符文·数量条件"",""牌库·抽牌""]",,"{{急速}}（你可以选择额外支付{{1}}和{{红色}}，让我以活跃状态进场。）
当我移动时，如果你控制的符文数量不超过四枚，则抽一张牌。","[Accelerate] (You may pay :rb_energy_1::rb_rune_fury: as an additional cost to have me enter ready.)
When I move, if you control 4 or fewer runes, draw 1.",8,0,8,稀有,VEN,如此力量，足以让太阳为之止步。,,false,2026-07-10 11:00:46.719761+00,2026-08-10 07:41:29.350663+00,"[""单位""]",
9ebce1f3-883f-43ab-8842-b772109f2a67,SFD-021,铁甲先锋,Ferrous Forerunner,,,"[""red""]","[""班德尔城""]","[""约德尔人"",""机械""]","[""绝念""]","[""触发·摧毁"",""衍生·单位""]",,{{绝念}}—打出两名3{{S}}的“机器人”到你的基地。（当我被摧毁后，发动此效果。）,"<p>[Deathknell] — Play two 3 :rb_might: Mech unit tokens to your base. (When I die, get the effect.)</p>",6,1,6,稀有,SFD,“在你眼中，这是堆快散架的破铜烂铁；在我眼中，它们是还没降生的零件。”,,false,2026-06-18 15:11:45.468662+00,2026-08-10 07:41:29.350663+00,"[""单位""]",
9f524877-ad6b-477c-88cb-c2a8b1c79b8b,OGN-007,炽烈符文,Fury Rune,,,"[""red""]",[],[],[],,,,,0,0,0,普通,OGN,,,false,2026-06-18 15:11:45.129603+00,2026-08-11 04:32:05.530677+00,"[""符文""]",12
9fd45434-9bde-4527-81cd-5ff82ab02017,OGN-155,奇亚娜,Qiyana,所向披靡,Victorious,"[""orange""]","[""以绪塔尔""]",[],"[""法盾""]","[""触发·征服"",""牌库·抽牌"",""符文·召出""]",奇亚娜,"{{法盾}}（对手必须支付{{A}}才能将我选作法术或技能的目标。）
当我征服一处战场时，抽一张牌或召出一枚休眠的符文。","<p>[Deflect] (Opponents must pay :rb_rune_rainbow: to choose me with a spell or ability.)<br />When I conquer, draw 1 or channel 1 rune exhausted.</p>",4,1,4,稀有,OGN,“让他们排成一列。我来让他们下跪。”,,false,2026-06-18 15:11:45.129603+00,2026-08-10 07:41:29.350663+00,"[""英雄单位""]",
9fe9ea01-02dc-46a2-ade3-eadb02ecb02a,OGN-223,巅峰守护者,Peak Guardian,,,"[""yellow""]","[""巨神峰""]",[],[],"[""触发·进场"",""增益·给予""]",,当你打出我时，给予我增益。如果你将我打出到一处战场，则给予此处包括我在内的所有友方单位增益。（每名未拥有增益的单位获得一个{{S}}+1增益。）,"<p>When you play me, buff me. Then, if I am at a battlefield, buff all other friendly units there. (To buff a unit, give it a +1 :rb_might: buff if it doesn't already have one.)</p>",6,1,5,不凡,OGN,只有自身已经足够强大之人，才配获得巨神峰的祝福。,,false,2026-06-18 15:11:45.468662+00,2026-08-10 07:41:29.350663+00,"[""单位""]",
a0540f62-0a9c-4fc7-935a-471639856dd7,SFD-194,反击风暴,Counter Strike,,,"[""green"",""orange""]",[],[],"[""反应""]","[""保护·抵挡伤害"",""牌库·抽牌""]",贾克斯,"{{反应}}（可在任意时机打出，甚至先于其他法术和技能的结算。）
选择一名单位，在本回合内，抵挡该单位下一次受到的伤害。抽一张牌。","<p>[Reaction] (Play any time, even before spells and abilities resolve.)<br />Choose a unit. The next time that unit would be dealt damage this turn, prevent it. Draw 1.</p>",2,1,0,史诗,SFD,"“你就这点本事？！”
——贾克斯",,false,2026-06-18 15:11:45.468662+00,2026-08-10 07:41:29.350663+00,"[""专属法术""]",
a0a51fc7-5aa2-498f-8892-87cfda167b83,OGS-004,易,Master Yi,禅心大道,Meditative,"[""green""]","[""艾欧尼亚""]",[],[],"[""符文·数量条件"",""战力·条件加成""]",易,如果你拥有不少于八枚符文，则我获得{{S}}+4。,"<p>While you have 8+ runes, I have +4 :rb_might:.</p>",5,1,4,稀有,OGS,“愤怒，带来冲动。”,,false,2026-06-18 15:11:45.129603+00,2026-08-10 07:41:29.350663+00,"[""英雄单位""]",
a0cd87d1-a17d-4cbe-afb4-88f584489e96,OGN-072,烈阳圣坛,Solari Shrine,,,"[""green""]",[],[],[],"[""触发·摧毁"",""状态·休眠化"",""牌库·抽牌""]",,每当你摧毁一名被眩晕的敌方单位时，你可以选择让此牌变为休眠状态，以此抽一张牌。,"<p>When you kill a stunned enemy unit, you may exhaust this to draw 1.</p>",3,0,0,稀有,OGN,逝者之名，后世之师。,,false,2026-06-18 15:11:45.468662+00,2026-08-10 07:41:29.350663+00,"[""装备""]",
a0d1eaab-9f60-4c06-8720-776aa78c4fc5,OGS-021,光辉女郎,Lady of Luminosity - Starter,入门,,"[""blue"",""yellow""]",[],[],[],"[""触发·打出"",""牌库·抽牌""]",拉克丝,每当你打出一张费用不低于{{5}}的法术时，抽一张牌。,"<p>When you play a spell that costs :rb_energy_5: or more, draw 1.</p>",0,0,0,稀有,OGS,,,false,2026-06-18 15:11:45.129603+00,2026-08-11 04:32:05.530677+00,"[""传奇""]",1
a0e15133-e54b-4421-affe-4bdaf9f8c757,OGN-247,虚空之女,Daughter of the Void,,,"[""red"",""blue""]",[],[],"[""反应"",""获得""]","[""主动·横置技能"",""资源·获得费用""]",卡莎,{{横置}}：{{反应}}—{{获得}}{{A}}，但仅可用于打出法术。（获得费用资源的技能无法成为其他法术的反应目标。）,<p>:rb_exhaust:: [Reaction] — [Add] :rb_rune_rainbow:. Use only to play spells. (Abilities that add resources can't be reacted to.)</p>,0,0,0,稀有,OGN,,,false,2026-06-18 15:11:45.129603+00,2026-08-11 04:32:05.530677+00,"[""传奇""]",1
a0f8bfb5-621f-4f95-984b-46f1e577c627,OGS-022,终极闪光,Final Spark,,,"[""blue"",""yellow""]",[],[],"[""迅捷""]","[""伤害·单体""]",拉克丝,"{{迅捷}}（可在你的回合或法术对决中打出。）
对一名单位造成8点伤害。",<p>[Action] (Play on your turn or in showdowns.)<br />Deal 8 to a unit.</p>,8,0,0,史诗,OGS,,,false,2026-06-18 15:11:45.129603+00,2026-08-10 07:41:29.350663+00,"[""专属法术""]",
a1174955-a75d-4ace-bd63-013d3137fe93,OGN-018,诺克萨斯破坏者,Noxus Saboteur,,,"[""red""]","[""诺克萨斯""]","[""崔法利""]",,"[""持续·光环常驻"",""限制·行动禁止""]",,对手的{{待命}}卡牌无法在此处被翻开打出。,<p>Your opponents' [Hidden] cards can't be revealed here.</p>,3,0,3,不凡,OGN,计划越周全，越容易出错。,Nothing fails like a perfect plan.,false,2026-06-18 15:11:45.468662+00,2026-08-10 07:41:29.350663+00,"[""单位""]",
a125f58d-f4d5-4132-a4fb-b57b6caf3c6f,VEN-031,我流奥义！霞阵,Twilight Shroud,,,"[""green""]",,,"[""流转""]","[""战力·增强单体"",""战力·增强本回合"",""状态·免疫"",""牌库·打出"",""费用·可选额外"",""牌库·放逐""]",,"给予一名友方单位在本回合内{{S}}+1。其在本回合内无法被敌方法术和技能选作目标。
{{流转2}}（你可以选择支付此牌的流转费用，以此将其从你的废牌堆中打出。然后将其放逐。）","Give a friendly unit +1 :rb_might: this turn. It can't be chosen by enemy spells and abilities this turn.
[Flow] :rb_energy_2: (You may play this from your trash for its Flow cost. Then banish it.)",1,0,0,普通,VEN,"“我能让麻烦……消失。”
——阿卡丽",,false,2026-07-09 16:49:03.36084+00,2026-08-10 07:41:29.350663+00,"[""法术""]",
a130b23c-87ae-4954-aeb9-0ded5b55f908,UNL-125,月神恩赐,Lunar Boon,,,"[""purple""]",[],[],"[""反应""]","[""牌库·弃牌"",""牌库·抽牌""]",,"{{反应}}（可在任意时机打出，甚至先于其他法术和技能的结算。）
弃置一张手牌，然后抽两张牌。","<p>[Reaction] (Play any time, even before spells and abilities resolve.)<br />Discard 1, then draw 2.</p>",3,0,0,普通,UNL,"“一轮新月正在冉冉升起。”
——黛安娜",,false,2026-06-18 15:11:45.821819+00,2026-08-10 07:41:29.350663+00,"[""法术""]",
a137c3b9-5784-429a-a37a-b27b16d806af,UNL-114,奈德丽,Nidalee,灵猫形态,Cat Form,"[""orange""]","[""以绪塔尔""]","[""猫科""]","[""反应"",""伏击""]","[""触发·战斗"",""牌库·抽牌""]",奈德丽,"{{伏击}}（你可以选择将我作为{{反应}}牌，打出到有己方单位的战场。）
当我赢得一场战斗时，抽一张牌。（如果我在战斗后仍然存活，则我赢得胜利。）","<p>[Ambush] (You may play me as a [Reaction] to a battlefield where you have units.)<br />When I win a combat, draw 1. (I win if I remain after combat.)</p>",3,1,4,稀有,UNL,“喵！咳咳……当我没说。”,,false,2026-06-18 15:11:45.821819+00,2026-08-10 07:41:29.350663+00,"[""英雄单位""]",
a16a46ad-9521-4caa-ae94-5d6b550e12b7,UNL-131,遗弃,Abandon,,,"[""purple""]",[],[],"[""反应"",""洞察""]","[""反制·无效化法术"",""互动·返回手牌"",""牌库·查看"",""牌库·放回""]",,"{{反应}}（可在任意时机打出，甚至先于其他法术和技能的结算。）
无效化一个法术。让其返回所属的手牌，而不是将其放入废牌堆。
进行{{洞察}}。（查看你主牌堆顶部的一张牌。你可以选择将其回收。）","<p>[Reaction] (Play any time, even before spells and abilities resolve.)<br />Counter a spell. Return it to its owner's hand instead of putting it in their trash.<br />[Predict]. (Look at the top card of your Main Deck. You may recycle it.)</p>",2,0,0,不凡,UNL,,,false,2026-06-18 15:11:45.821819+00,2026-08-10 07:41:29.350663+00,"[""法术""]",
a17201c7-339c-4f1e-94a6-86655e616cdd,VEN-053,章獭,Otterpus,,,"[""blue""]","[""班德尔城""]",,,"[""触发·征服"",""触发·据守"",""牌库·抽牌""]",,如果一名玩家将在其第一或第二个回合期间通过征服或据守获得1分，则改为该玩家抽一张牌。,"If a player would score 1 point from conquering or holding during their first or second turn, they draw 1 instead.",2,0,2,普通,VEN,班德尔斥候守则第99条：食物应当放外面保存，这样谁想吃零食就能随时吃了！,,false,2026-07-16 11:27:40.706485+00,2026-08-10 07:41:29.350663+00,"[""单位""]",
a1763bd1-bcee-47b9-b247-3baa5743e5d6,VEN-159,均衡寺院,Kinkou Temple,,,"[""colorless""]",,,"[""壁垒""]","[""持续·光环常驻"",""战力·增强群体"",""战力·条件加成""]",,此处拥有{{壁垒}}的单位获得{{S}}+1。,Units here with [Tank] have +1 :rb_might:.,0,0,0,不凡,VEN,,,false,2026-07-16 11:27:40.706485+00,2026-08-11 04:32:05.530677+00,"[""战场""]",1
a1a20c1e-a172-4ba7-8ff4-bddf8a5b9032,SFD-164,流沙陷坑,Drag Under,,,"[""yellow""]",[],[],"[""迅捷""]","[""费用·条件减费"",""摧毁·单位""]",,"{{迅捷}}（可在你的回合或法术对决中打出。）
如果你将我从手牌以外的位置打出，则我的费用减少{{2}}。
摧毁战场上的一名单位。",<p>[Action] (Play on your turn or in showdowns.)<br />I cost :rb_energy_2: less to play from anywhere other than your hand.<br />Kill a unit at a battlefield.</p>,5,1,0,不凡,SFD,"“加快速度的话，天黑前就能抵达绿洲。”
——常见遗言",,false,2026-06-18 15:11:45.468662+00,2026-08-10 07:41:29.350663+00,"[""法术""]",
a1a91fbf-e127-458c-b330-eec7a836ef63,OGS-011,闪现,Flash,,,"[""purple""]",[],[],"[""反应""]","[""移动·单位"",""互动·召回基地""]",,"{{反应}}（可在任意时机打出，甚至先于其他法术和技能的结算。）
将最多两名友方单位从战场上移动到基地。","<p>[Reaction] (Play any time, even before spells and abilities resolve.)<br />Move up to 2 friendly units to base.</p>",2,0,0,普通,OGS,这不叫逃跑，这叫战术性转移。,,false,2026-06-18 15:11:45.129603+00,2026-08-10 07:41:29.350663+00,"[""法术""]",
a1bb8109-5730-4aa6-90fc-ced91c99a078,SFD-025,雷恩加尔,Rengar,暴起,Pouncing,"[""red""]","[""以绪塔尔""]","[""猫科""]","[""强攻2"",""反应""]","[""位置·开放战场""]",雷恩加尔,"{{反应}}（可在任意时机打出，甚至先于其他法术和技能的结算，并能打出到你控制的战场。）
{{强攻2}}（如果我是进攻方，则{{S}}+2。）
我可以被打出到你正在进攻的战场。","<p>[Reaction] (Play any time, even before spells and abilities resolve, including to a battlefield you control.)<br />[Assault 2] (+2 :rb_might: while I'm an attacker.)<br />I can be played to a battlefield you're attacking.</p>",3,1,3,稀有,SFD,“今晚，猎个痛快！”,,false,2026-06-18 15:11:45.468662+00,2026-08-10 07:41:29.350663+00,"[""英雄单位""]",
a1c7b250-b993-431e-892b-dc87a3400f2b,SFD-R02,翠意符文,Calm Rune,,,"[""green""]",[],[],[],,,,,0,0,0,普通,SFD,,,false,2026-06-18 15:11:45.821819+00,2026-08-11 04:32:05.530677+00,"[""符文""]",12
a2909a2b-9504-465a-85d2-e76e8ae6165a,VEN-019,雷克顿,Renekton,杀意骤起,Rage Fueled,"[""red""]","[""恕瑞玛""]",,"[""急速""]","[""触发·进攻"",""符文·数量条件"",""伤害·群体""]",雷克顿,"{{急速}}（你可以选择额外支付{{1}}和{{红色}}，让我以活跃状态进场。）
当我进攻时，如果你控制的符文数量不超过四枚，则对此处的所有敌方单位各造成2点伤害。","[Accelerate] (You may pay :rb_energy_1::rb_rune_fury: as an additional cost to have me enter ready.)
When I attack, if you control 4 or fewer runes, deal 2 to all enemy units here.",6,0,6,稀有,VEN,“没有退路了。”,,false,2026-07-09 16:49:03.36084+00,2026-08-10 07:41:29.350663+00,"[""英雄单位""]",
a2d6b33c-e88c-42d1-b0a4-27ede3dcd576,UNL-115,尼菈,Nilah,欢歌破浪,Joyful Ascetic,"[""orange""]","[""喀斯坎""]","[""恶魔""]","[""急速"",""游走""]","[""触发·移动"",""经验·获得""]",尼菈,"{{急速}}（你可以选择额外支付{{1}}和{{橙色}}，让我以活跃状态进场。）
{{游走}}（我可以向其他战场进行移动。）
当我移动时，获得1经验。","<p>[Accelerate] (You may pay :rb_energy_1::rb_rune_body: as an additional cost to have me enter ready.)<br />[Ganking] (I can move from battlefield to battlefield.)<br />When I move, gain 1 XP.</p>",3,1,4,稀有,UNL,“我只感觉到快乐！这其实……并不轻松。”,,false,2026-06-18 15:11:45.821819+00,2026-08-10 07:41:29.350663+00,"[""英雄单位""]",
a32be1af-068c-4c2f-a52f-58f22ba45589,SFD-080,风箱炎息,Bellows Breath,,,"[""blue""]",[],[],"[""回响"",""迅捷""]","[""伤害·群体"",""费用·可选额外""]",,"{{迅捷}}（可在你的回合或法术对决中打出。）
{{回响1蓝色}}（你可以选择支付此额外费用，以重复此法术效果。）
对同一位置的最多三名单位各造成1点伤害。",<p>[Action] (Play on your turn or in showdowns.)<br />[Repeat] :rb_energy_1::rb_rune_mind: (You may pay the additional cost to repeat this spell's effect.)<br />Deal 1 to up to three units at the same location.</p>,1,1,0,稀有,SFD,"“炉火的咆哮，金属的鸣响，就是我的作品正在发声。”
——奥恩",,false,2026-06-18 15:11:45.468662+00,2026-08-10 07:41:29.350663+00,"[""法术""]",
a398ba3d-2a97-4782-9635-d5b6edeeb3f0,OGN-017,钢铁弩炮,Iron Ballista,,,"[""red""]",,,,"[""状态·以休眠进场"",""主动·横置技能"",""伤害·单体""]",,"此牌以休眠状态进场。
{{横置}}：对战场上的一名单位造成2点伤害。",<p>This enters exhausted.<br />:rb_exhaust:: Deal 2 to a unit at a battlefield.</p>,3,0,0,不凡,OGN,“这么远的距离，怎么可能打中——哎哟！”,"""There's no way they can hit us at this dist—AUGH!""",false,2026-06-18 15:11:45.468662+00,2026-08-10 07:41:29.350663+00,"[""装备""]",
a3c6975a-5556-4d4a-9660-f5002e43c532,SFD-055,超大型约德尔人,Needlessly Large Yordle,,,"[""green""]","[""班德尔城""]","[""约德尔人""]","[""坚守5"",""壁垒""]","[""费用·条件减费"",""触发·据守""]",,"{{坚守5}}（如果我是防守方，则{{S}}+5。）
{{壁垒}}（我在战斗中首先承担伤害。）
在本回合内，你每通过据守获得1分，我的费用就减少{{2}}和{{绿色}}。",<p>[Shield 5] (+5 :rb_might: while I'm a defender.)<br />[Tank] (I must be assigned combat damage first.)<br />I cost :rb_energy_2::rb_rune_calm: less for each point you scored from holding this turn.</p>,10,3,5,稀有,SFD,一个约德尔人，怎么会长成这样的个头？不妨去问问他本人吧。,,false,2026-06-18 15:11:45.468662+00,2026-08-10 07:41:29.350663+00,"[""单位""]",
a4148996-c318-43ad-b771-b993ebce4d86,OGN-070,搜魔人典狱长,Mageseeker Warden,,,"[""green""]","[""德玛西亚""]",[],[],"[""持续·光环常驻"",""限制·行动禁止""]",,"如果我位于战场上，则对手只能把单位打到自己的基地。
如果我位于战场上，则禁止敌方单位和装备通过法术或技能效果变为活跃状态。","<p>While I'm at a battlefield, opponents can only play units to their base.<br />While I'm at a battlefield, spells and abilities can't ready enemy units and gear.</p>",6,1,5,稀有,OGN,,,false,2026-06-18 15:11:45.468662+00,2026-08-10 07:41:29.350663+00,"[""单位""]",
a425f2e8-db13-48cf-b565-71c6bf222cac,VEN-136,安蓓萨,Ambessa,战狼尊母,Respected and Feared,"[""yellow""]","[""诺克萨斯""]",,"[""强化"",""强攻2""]","[""强化·强化"",""强化·已强化奖励"",""战力·条件加成"",""触发·进攻"",""摧毁·单位""]",安蓓萨,"{{强化1黄色黄色}}（支付{{1}}和{{黄色}}{{黄色}}：强化我。仅在未强化时可用。）
 {{已强化>}} 我获得{{强攻2}}。（如果我是进攻方，则{{S}}+2。）
 {{已强化>}} 当我进攻时，摧毁此处一名战力低于我的敌方单位。","[Empower] :rb_energy_1::rb_rune_order::rb_rune_order: (:rb_energy_1::rb_rune_order::rb_rune_order:: Empower me. Use only if not Empowered.)
[Empowered][&gt;] I have [Assault 2]. (+2 :rb_might: while I'm an attacker.)
[Empowered][&gt;] When I attack, kill an enemy unit here with less Might than me.",5,0,5,史诗,VEN,,,false,2026-07-09 16:49:03.36084+00,2026-08-10 07:41:29.350663+00,"[""英雄单位""]",
a49b8dba-291e-44ea-a152-0d6b0d98c035,OGN-260,狂风绝息斩,Last Breath,,,"[""green"",""purple""]",[],[],"[""迅捷""]","[""状态·激活"",""伤害·单体"",""伤害·等同战力""]",亚索,"{{迅捷}}（可在你的回合或法术对决中打出。）
让一名友方单位变为活跃状态，并对任意战场上的一名敌方单位造成等同于该友方单位战力的伤害。",<p>[Action] (Play on your turn or in showdowns.)<br />Ready a friendly unit. It deals damage equal to its Might to an enemy unit at a battlefield.</p>,3,2,0,史诗,OGN,,,false,2026-06-18 15:11:45.129603+00,2026-08-10 07:41:29.350663+00,"[""专属法术""]",
a4bf05ed-bc6c-4cde-aee9-ef17a7787ee2,OGN-015,法荣队长,Captain Farron,,,"[""red""]","[""诺克萨斯""]","[""崔法利""]",,"[""持续·光环常驻"",""战力·条件加成""]",,此处的其他友方单位获得{{强攻}}。（如果他们是进攻方，则{{S}}+1。）,<p>Other friendly units here have [Assault]. (+1 :rb_might: while they're attackers.)</p>,4,1,5,不凡,OGN,“前进！永不停歇！”,"""Forward! Always!""",false,2026-06-18 15:11:45.129603+00,2026-08-10 07:41:29.350663+00,"[""单位""]",
a4f1bbd1-aee6-4d1f-afd5-e9f905462f87,VEN-087,海克斯圆盘,Hextech Disc,,,"[""orange""]",,,"[""强化""]","[""强化·强化"",""主动·横置技能"",""强化·解除强化"",""主动·支付费用技能"",""衍生·单位""]",,"{{强化}} — {{横置}}（支付此费用：强化此牌。仅在未强化时可用。）
解除此牌的强化，支付{{1}}，{{横置}}：打出一名3{{S}}的“机器人”到你的基地。","[Empower] — :rb_exhaust: (Pay the cost: Empower this. Use only if not Empowered.)
Disempower this, :rb_energy_1:, :rb_exhaust:: Play a 3 :rb_might: Mech unit token to your base.",4,1,0,稀有,VEN,适宜量产。,,false,2026-07-13 14:11:02.122334+00,2026-08-10 07:41:29.350663+00,"[""装备""]",
a58159af-28fc-41b1-9ab9-997da479b84a,OGS-007,盖伦,Garen,身经百战,Rugged,"[""orange""]","[""德玛西亚""]","[""精锐""]","[""强攻2"",""坚守2""]",[],盖伦,"{{强攻2}}（如果我是进攻方，则{{S}}+2。）
{{坚守2}}（如果我是防守方，则{{S}}+2。）","<p>[Assault 2], [Shield 2] (+2 :rb_might: while I'm an attacker or defender.)</p>",6,1,5,稀有,OGS,“恐惧，是万敌之首。”,,false,2026-06-18 15:11:45.129603+00,2026-08-10 07:41:29.350663+00,"[""英雄单位""]",
a5a30160-aeb3-4573-827b-f0009dad54c6,OGN-071,次元门狂欢,Party Favors,,,"[""green""]",[],[],[],"[""牌库·抽牌"",""符文·召出""]",,"让除你之外的其他玩家选择“卡牌”或“符文”。
每有一名玩家选择“卡牌”，你和该玩家便各抽一张牌；
每有一名玩家选择“符文”，你和该玩家便召出一枚休眠的符文。","<p>Each other player chooses Cards or Runes. For each player that chooses Cards, you and that player each draw 1. For each player that chooses Runes, you and that player each channel 1 rune exhausted.</p>",3,0,0,稀有,OGN,,,false,2026-06-18 15:11:45.468662+00,2026-08-10 07:41:29.350663+00,"[""法术""]",
a5df5559-7740-423c-9c6a-d7b09bdf41ca,VEN-014,暗影之魔,Shadow Fiend,,,"[""red""]","[""艾欧尼亚""]",,"[""强化"",""强攻3""]","[""强化·强化"",""强化·已强化奖励"",""战力·条件加成""]",,"{{强化2红色}}（支付{{2}}和{{红色}}：强化我。仅在未强化时可用。）
{{已强化>}} 我获得{{强攻3}}。（如果我是进攻方，则{{S}}+3。）","[Empower] :rb_energy_2::rb_rune_fury: (:rb_energy_2::rb_rune_fury:: Empower me. Use only if not Empowered.)
[Empowered][&gt;] I have [Assault 3]. (+3 :rb_might: while I'm an attacker.)",2,0,2,不凡,VEN,怕黑是有道理的。,,false,2026-07-20 10:23:59.547404+00,2026-08-10 07:41:29.350663+00,"[""单位""]",
a64e3d5f-29a9-4eac-889c-9f4508f4d0ef,SFD-056,斯特拉克的挑战护手,Sterak's Gage,,,"[""green""]",[],"[""武装""]","[""灵便"",""装配"",""反应""]",[],,"{{灵便}}（此牌获得{{反应}}。当你打出此牌时，将它贴附到你控制的一名单位上。)
{{装配绿色}}（支付{{绿色}}：将此牌贴附到你控制的一名单位上。）
{{S}}+3","<p>[Quick-Draw] (This has [Reaction]. When you play it, attach it to a unit you control.)<br />[Equip] :rb_rune_calm: (:rb_rune_calm:: Attach this to a unit you control.)</p>
[S] +3",3,2,0,稀有,SFD,这对爪子可不是闹着玩的。,,false,2026-06-18 15:11:45.468662+00,2026-08-10 07:41:29.350663+00,"[""装备""]",
a66f456e-9932-451a-9c9f-0fb604bd463a,OGN-133,剑刃飓风,Flurry of Blades,,,"[""orange""]",[],[],"[""反应""]","[""伤害·全场无差别""]",,"{{反应}}（可在任意时机打出，甚至先于其他法术和技能的结算。）
对所有战场上的单位各造成1点伤害，不分敌我。","<p>[Reaction] (Play any time, even before spells and abilities resolve.)<br />Deal 1 to all units at battlefields.</p>",1,0,0,普通,OGN,"“暴力，可以解决一切。“
——卡特琳娜",,false,2026-06-18 15:11:45.129603+00,2026-08-10 07:41:29.350663+00,"[""法术""]",
a671ed77-1a50-4242-aa7e-1adb50c0a134,UNL-082,莉莉娅,Lillia,仙灵小鹿,Fae Fawn,"[""blue""]","[""艾欧尼亚""]","[""仙灵""]","[""急速"",""瞬息""]","[""触发·移动"",""衍生·单位""]",莉莉娅,"{{急速}}（你可以选择额外支付{{1}}和{{蓝色}}，让我以活跃状态进场。）
当我移动时，在我移动的起点位置打出一名{{S}}3也的“精灵”，它拥有{{瞬息}}。(在其控制者的开始阶段开始时,结算得分之前将其摧毁。）","<p>[Accelerate] (You may pay :rb_energy_1::rb_rune_mind: as an additional cost to have me enter ready.)<br />When I move from a location, play a 3 :rb_might: Sprite unit token with [Temporary] there. (Kill it at the start of its controller's Beginning Phase, before scoring.)</p>",3,0,3,稀有,UNL,,,false,2026-06-18 15:11:45.821819+00,2026-08-10 07:41:29.350663+00,"[""英雄单位""]",
a720ef6c-40e1-4ef8-af6f-0f62bdafeeec,OGS-006,拉克丝,Lux,明丽光华,Illuminated,"[""blue""]","[""德玛西亚""]",[],[],"[""触发·打出"",""战力·增强单体"",""战力·增强本回合""]",拉克丝,每当你打出费用不低于{{5}}的法术时，让我本回合内{{S}}+3。,"<p>When you play a spell that costs :rb_energy_5: or more, give me +3 :rb_might: this turn.</p>",6,1,5,稀有,OGS,“毫无保留！”,,false,2026-06-18 15:11:45.129603+00,2026-08-10 07:41:29.350663+00,"[""英雄单位""]",
a729e8eb-6630-438f-a760-53862f88236a,OGN-218,先锋队长,Vanguard Captain,,,"[""yellow""]","[""德玛西亚""]","[""精锐""]","[""鼓舞""]","[""触发·进场"",""触发·打出"",""衍生·单位""]",,{{鼓舞}}—当你打出我时，在此处额外打出两名1{{S}}的“随从”。（当你打出我时，如果你在本回合内已打出过其他卡牌，则发动此效果。）,"<p>[Legion] — When you play me, play two 1 :rb_might: Recruit unit tokens here. (Get the effect if you've played another card this turn.)</p>",3,1,3,普通,OGN,“士兵们，向我靠拢！”,,false,2026-06-18 15:11:45.129603+00,2026-08-10 07:41:29.350663+00,"[""单位""]",
a750d94a-26f3-4e46-a40a-3f019e5b57d6,SFD-058,奥恩,Ornn,铁匠,Blacksmith,"[""green""]","[""弗雷尔卓德""]",[],[],"[""触发·进场"",""触发·据守"",""牌库·查看"",""牌库·抽牌"",""牌库·放回""]",奥恩,当你打出我时，或当我据守一处战场时，查看主牌堆顶部的四张牌。你可以选择从中展示一件装备，并抽取该卡牌，然后回收其余卡牌。,"<p>When you play me or when I hold, look at the top 4 cards of your Main Deck. You may reveal a gear from among them and draw it. Then recycle the rest.</p>",5,1,5,史诗,SFD,“神明不需要信徒。而是信徒们需要神明。”,,false,2026-06-18 15:11:45.468662+00,2026-08-10 07:41:29.350663+00,"[""英雄单位""]",
a7521c61-95f2-4dad-8b0b-b27fc0670d6c,OGN-097,爆裂球果仙灵,Blastcone Fae,,,"[""blue""]","[""班德尔城""]","[""仙灵""]","[""待命""]","[""触发·进场"",""战力·削弱""]",,"{{待命}}（支付{{A}}正面朝下放置此牌，之后可支付{{0}}将其当作反应牌打出。）
当你打出我时，让一名单位本回合内{{S}}-2，不得低于1{{S}}。","<p>[Hidden] (Hide now for :rb_rune_rainbow: to react with later for :rb_energy_0:.)<br />When you play me, give a unit -2 :rb_might: this turn, to a minimum of 1 :rb_might:.</p>",2,1,2,不凡,OGN,,,false,2026-06-18 15:11:45.129603+00,2026-08-10 07:41:29.350663+00,"[""单位""]",
a77a0a3d-9a66-4bfd-b3d0-50f4fab3180a,SFD-148,德莱文,Draven,艺高胆大,Audacious,"[""purple""]","[""诺克萨斯""]",[],"[""法盾""]","[""触发·战斗"",""频率·每回合限一次"",""触发·摧毁""]",德莱文,"{{法盾}}（对手必须支付{{A}}才能将我选作法术或技能的目标。）
每回合首次，当我赢得战斗时，你获得1分。
当我在战斗中被摧毁时，选择一名对手，让其获得1分。""","<p>[Deflect] (Opponents must pay :rb_rune_rainbow: to choose me with a spell or ability.)<br />The first time I win a combat each turn, you score 1 point.<br />When I die in combat, choose an opponent. They score 1 point.</p>",6,1,6,史诗,SFD,,,false,2026-06-18 15:11:45.468662+00,2026-08-10 07:41:29.350663+00,"[""英雄单位""]",
a79e99b7-eb6a-47e4-a347-4009c3ede91e,SFD-127,炳文大师,Master Bingwen,,,"[""purple""]","[""艾欧尼亚""]",[],"[""装配"",""百炼""]","[""费用·减费""]",,{{百炼}}（当你打出我时，你可以选择为我{{装配}}你的一件武装，其装配费用减少{{A}}。可选择已贴附的武装。）,"<p>[Weaponmaster] (When you play me, you may [Equip] one of your Equipment to me for :rb_rune_rainbow: less, even if it's already attached.)</p>",6,0,6,普通,SFD,“认清自己的弱点，别让对手先发现。”,,false,2026-06-18 15:11:45.821819+00,2026-08-10 07:41:29.350663+00,"[""单位""]",
a7eb5043-2a03-4e5d-897c-a7e8cfd7614c,OGN-250,天声震落,Stormbringer,,,"[""red"",""orange""]",[],[],[],"[""伤害·群体"",""伤害·等同战力"",""移动·单位""]",沃利贝尔,选择你基地中的一名友方单位，对一处战场上的所有敌方单位造成等同于该友方单位战力的伤害，然后将该友方单位移动到此战场。,"<p>Choose a friendly unit in your base. Deal damage equal to its Might to all enemy units at a battlefield, then move your unit there.</p>",6,2,0,史诗,OGN,,,false,2026-06-18 15:11:45.129603+00,2026-08-10 07:41:29.350663+00,"[""专属法术""]",
a84cc3a5-fe87-441f-9e21-e484ce4a6401,OGN-222,诺克萨斯鼓手,Noxian Drummer,,,"[""yellow""]","[""诺克萨斯""]","[""崔法利""]",[],"[""触发·移动"",""衍生·单位""]",,当我移动到一处战场时，在此处打出一名1{{S}}的“随从”（它也位于此战场）。,"<p>When I move to a battlefield, play a 1 :rb_might: Recruit unit token here. (It is also at the battlefield.)</p>",3,0,3,不凡,OGN,在诺克萨斯，就连军乐团都很能打。,,false,2026-06-18 15:11:45.129603+00,2026-08-10 07:41:29.350663+00,"[""单位""]",
a84f277f-2593-4ecf-99d0-7875b2a71c21,UNL-148,受诅咒的石棺,Cursed Sarcophagus,,,"[""purple""]",[],[],[],"[""触发·进场"",""牌库·放逐"",""主动·横置技能"",""牌库·打出""]",,"当你打出此牌时，放逐你废牌堆中的所有单位。
{{横置}}：打出一名以此方式放逐的单位。（必须支付卡牌费用。）","<p>When you play this, banish all units from your trash.<br />:rb_exhaust:: Play a unit banished with this. (You must pay its costs.)</p>",4,1,0,史诗,UNL,"“请勿打扰。”
——石棺铭文",,false,2026-06-18 15:11:45.821819+00,2026-08-10 07:41:29.350663+00,"[""装备""]",
a95b1b93-f2d3-48d2-9997-87235f1cc377,SFD-073,海克斯注力刚壁,Experimental Hexplate,,,"[""blue""]",[],"[""武装""]","[""装配""]","[""特性·属性联动""]",,"{{装配蓝色}}（支付{{蓝色}}：将此牌贴附到你控制的一名单位上。）
我拥有“机械”属性。{{S}}+1","<p>[Equip] :rb_rune_mind: (:rb_rune_mind:: Attach this to a unit you control.)</p>
<p>I am a Mech.</p>
[S] +1",1,0,0,不凡,SFD,,,false,2026-06-18 15:11:45.468662+00,2026-08-10 07:41:29.350663+00,"[""装备""]",
aa29f3b5-098e-46af-8735-0d242e91c905,OGN-085,彗星坠击,Falling Comet,,,"[""blue""]",[],[],"[""迅捷""]","[""伤害·单体""]",,"{{迅捷}}（可在你的回合或法术对决中打出。）
对战场上的一名单位造成6点伤害。",<p>[Action] (Play on your turn or in showdowns.)<br />Deal 6 to a unit at a battlefield.</p>,5,0,0,普通,OGN,不过是每天都会发生的天象罢了。,,false,2026-06-18 15:11:45.129603+00,2026-08-10 07:41:29.350663+00,"[""法术""]",
aa327fa6-1528-4d6e-ae0e-111658f38ea5,VEN-116,龙之形,Dragon Form,,,"[""yellow""]",,,"[""流转""]","[""战力·调整"",""战力·增强本回合"",""牌库·打出"",""费用·可选额外"",""牌库·放逐""]",,"选择一名单位。其基础战力在本回合内变为5。
{{流转3}}（你可以选择支付此牌的流转费用，以此将其从你的废牌堆中打出。然后将其放逐。）","Choose a unit. Its base Might becomes 5 this turn.
[Flow] :rb_energy_3: (You may play this from your trash for its Flow cost. Then banish it.)",3,0,0,普通,VEN,“神龙之灵并不是魔法，他是生命，比我们的先祖更加古老。”——李青,,false,2026-07-15 12:42:50.861849+00,2026-08-10 07:41:29.350663+00,"[""法术""]",
ac3ad957-cb41-4eb7-9df5-72ad75dd894b,VEN-105,奥义！幽步,Twilight Step,,,"[""purple""]",,,"[""流转""]","[""移动·单位"",""牌库·打出"",""费用·可选额外"",""牌库·放逐""]",,"移动一名不高于3{{S}}的单位。
{{流转4紫色}}（你可以选择支付此牌的流转费用，以此将其从你的废牌堆中打出。然后将其放逐。）","Move a unit with 3 :rb_might: or less.
[Flow] :rb_energy_4::rb_rune_chaos: (You may play this from your trash for its Flow cost. Then banish it.)",2,1,0,不凡,VEN,一举一动，皆是虚招。,,false,2026-07-16 11:27:40.706485+00,2026-08-10 07:41:29.350663+00,"[""法术""]",
ac3fe772-d827-49df-8be6-65a2cb4a749e,OGN-269,腕豪,The Boss,,,"[""orange"",""yellow""]",[],[],[],"[""触发·摧毁"",""费用·可选额外"",""保护·免死替身"",""增益·消耗"",""状态·休眠化"",""互动·召回基地"",""触发·征服"",""状态·激活""]",瑟提,"如果一名拥有增益且受你控制的单位被摧毁，则你可以选择支付{{A}}、让我变为休眠状态并消耗该单位身上的增益，以此改为移除该单位所受伤害，让其进入休眠状态，并将其召回。（把该单位送回基地，此行动不算作移动。）

当你征服一处战场时，让我变为活跃状态。","<p>If a buffed unit you control would die, you may pay :rb_rune_rainbow:, exhaust me, and spend its buff to heal it, exhaust it, and recall it instead. (Send it to base. This isn't a move.)<br />When you conquer, ready me.</p>",0,0,0,稀有,OGN,,,false,2026-06-18 15:11:45.129603+00,2026-08-11 04:32:05.530677+00,"[""传奇""]",1
ac7da466-386e-43d8-a65d-7a6db3193c27,VEN-001,巴凯旋沙者,Baccai Sandspinner,,,"[""red""]","[""恕瑞玛""]",,"[""强化""]","[""强化·强化"",""费用·条件减费"",""强化·已强化奖励"",""战力·条件加成""]",,"{{强化5}}。如果你控制的符文数量不超过四枚，则此技能的费用减少{{3}}。（支付此费用：强化我。仅在未强化时可用。）
{{已强化>}} 我获得{{法盾}}和{{强攻2}}。（对手必须支付{{A}}才能将我选作法术或技能的目标。如果我是进攻方，则{{S}}+2。）","[Empower] :rb_energy_5:. This ability costs :rb_energy_3: less if you control 4 or fewer runes. (Pay the cost: Empower me. Use only if not Empowered.)
[Empowered][&gt;] I have [Deflect] and [Assault 2]. (Opponents must pay :rb_rune_rainbow: to choose me with a spell or ability. +2 :rb_might: while I'm an attacker.)",6,0,6,普通,VEN,,,false,2026-07-17 11:50:11.953074+00,2026-08-10 07:41:29.350663+00,"[""单位""]",
acf78064-27ea-45cf-9dbc-83a418bb2e06,SFD-014,牛头人清算者,Minotaur Reckoner,,,"[""red""]","[""诺克萨斯""]",[],[],"[""持续·光环常驻"",""限制·行动禁止""]",,所有单位无法移动到基地。,<p>Units can't move to base.</p>,5,0,5,不凡,SFD,他天生便有无穷的耐心，于是把赋予他人这种品格当作己任。,,false,2026-06-18 15:11:45.821819+00,2026-08-10 07:41:29.350663+00,"[""单位""]",
ad0c5b8c-b591-4ef7-a0e3-8fea5546c5ea,UNL-135,缜密的调查员,Insightful Investigator,,,"[""purple""]","[""皮尔特沃夫""]",[],[],"[""触发·进场"",""干扰·展示手牌"",""经验·消耗"",""干扰·弃对手手牌"",""牌库·抽牌""]",,当你打出我时，选择一名对手。让对手展示自己的手牌。你可以选择支付2经验，从其手牌中选择一张卡牌。若如此做，则让该对手弃置该卡牌，并抽一张牌。,"<p>When you play me, choose an opponent. They reveal their hand. You may pay 2 XP to choose a card from their hand. If you do, they discard that card and draw 1.</p>",3,0,3,不凡,UNL,,,false,2026-06-18 15:11:45.821819+00,2026-08-10 07:41:29.350663+00,"[""单位""]",
ad172128-0c3c-436f-a506-05de023f890e,SFD-153,先锋之眼,Eye of the Herald,,,"[""yellow""]",[],"[""武装""]","[""装配""]","[""触发·移动"",""衍生·单位""]",,"{{装配黄色}}（支付{{黄色}}：将此牌贴附到你控制的一名单位上。）
当我移动时，在此处打出一名1{{S}}的“随从”。{{S}}+0","<p>[Equip] :rb_rune_order: (:rb_rune_order:: Attach this to a unit you control.)</p>
<p>When I move, play a 1 :rb_might: Recruit unit token here.</p>
[S] +0",1,0,0,普通,SFD,,,false,2026-06-18 15:11:45.821819+00,2026-08-10 07:41:29.350663+00,"[""装备""]",
ad6f06c0-57c1-4e1c-b6d4-04a33ebae8b1,SFD-144,灵魂之轮,Spirit Wheel,,,"[""purple""]",[],[],[],"[""触发·被选为目标"",""费用·可选额外"",""状态·休眠化"",""牌库·抽牌""]",,当你将一名友方单位选为目标时，你可以选择支付{{1}}并让此牌变为休眠状态，以此抽一张牌。,"<p>When you choose a friendly unit, you may pay :rb_energy_1: and exhaust this to draw 1.</p>",2,0,0,稀有,SFD,从未断裂，永不屈服。,,false,2026-06-18 15:11:45.821819+00,2026-08-10 07:41:29.350663+00,"[""装备""]",
adbb8c32-5937-4f0b-bb8a-a8d50e490d1e,SFD-086,云游图鉴,World Atlas,,,"[""blue""]",[],[],"[""装配""]","[""触发·据守"",""衍生·装备""]",,"{{装配蓝色}}（支付{{蓝色}}：将此牌贴附到你控制的一名单位上。）
当我据守一处战场时，打出两个休眠的“金币”装备指示物。{{S}}+2","<p>[Equip] :rb_rune_mind: (:rb_rune_mind:: Attach this to a unit you control.)</p>
<p>When I hold, play two Gold gear tokens exhausted.</p>
[S] +2",3,0,0,稀有,SFD,,,false,2026-06-18 15:11:45.468662+00,2026-08-10 07:41:29.350663+00,"[""装备""]",
adc31e13-dd6a-45a0-b9f8-6c4ef8515ebb,OGN-288,星尖峰,Startipped Peak,,,"[""colorless""]",[],[],[],"[""触发·据守"",""符文·召出""]",,当你据守此处时，你可以选择召出一枚休眠的符文。,"<p>When you hold here, you may channel 1 rune exhausted.</p>",0,0,0,不凡,OGN,,,false,2026-06-18 15:11:45.129603+00,2026-08-11 04:32:05.530677+00,"[""战场""]",1
aea02c33-1d2c-43c9-abfd-5a7e3a5fee67,VEN-045,抑制之盔,Helm of Suppression,,,"[""green""]",,,"[""强化""]","[""强化·强化"",""费用·加费"",""强化·已强化奖励""]",,"{{强化4绿色}}（支付{{4}}和{{绿色}}：强化此牌。仅在未强化时可用。）
对手的法术费用增加{{1}}。如果此牌{{已强化}}，则改为对手的法术费用增加{{1}}和{{A}}。","[Empower] :rb_energy_4::rb_rune_calm: (:rb_energy_4::rb_rune_calm:: Empower this. Use only if not Empowered.)
Opponents' spells cost :rb_energy_1: more. If this is [Empowered], they cost :rb_energy_1::rb_rune_rainbow: more instead.",4,1,0,史诗,VEN,“玩够了吗？”,,false,2026-07-15 12:42:50.861849+00,2026-08-10 07:41:29.350663+00,"[""装备""]",
af2c14a1-9648-4164-a371-83c9b966cc99,SFD-R06,序理符文,,,,"[""yellow""]",[],[],[],,,,,0,0,0,普通,SFD,,,false,2026-06-18 15:11:45.821819+00,2026-08-11 04:32:05.530677+00,"[""符文""]",12
af3a4fd4-f5b7-472c-9267-b1a8e42b6f14,VEN-134,凯尔,Kayle,正义天降,Justified,"[""yellow""]","[""巨神峰""]",,"[""强化"",""法盾3"",""游走""]","[""强化·强化"",""强化·已强化奖励"",""战力·条件加成"",""战力·永久成长"",""移动·单位""]",凯尔,"{{强化3}}（支付{{3}}：强化我。）
我最多可以拥有3个{{已强化}}。
我每拥有1个{{已强化}}，便获得{{S}}+2。
如果我拥有3个{{已强化}}，则我获得{{法盾3}}和{{游走}}。","[Empower] :rb_energy_3: (:rb_energy_3:: Empower me.)
I can be [Empowered] up to three times.
I have +2 :rb_might: for each time I'm [Empowered].
While I'm [Empowered] three times, I have [Deflect 3] and [Ganking].",3,0,3,稀有,VEN,,,false,2026-07-14 11:54:00.306963+00,2026-08-10 07:41:29.350663+00,"[""英雄单位""]",
af4bed6c-5343-4dab-b274-65a7cd87e955,VEN-090,末日决斗,Cataclysmic Duel,,,"[""orange""]",,,,"[""摧毁·单位""]",,每名玩家选择一个受自己控制的单位。摧毁其余的单位。,Each player chooses a unit they control. Kill the rest.,8,3,0,史诗,VEN,,,false,2026-07-16 11:27:40.706485+00,2026-08-10 07:41:29.350663+00,"[""法术""]",
afc403bc-8cab-4620-80d0-9b27c6e37b52,SFD-064,布甲,Cloth Armor,,,"[""blue""]",[],"[""武装""]","[""灵便"",""装配"",""坚守2"",""反应""]",[],,"{{灵便}}（此牌获得{{反应}}。当你打出此牌时，将它贴附到你控制的一名单位上。）
{{装配蓝色}}（支付{{蓝色}}：将此牌贴附到你控制的一名单位上。）
{{坚守2}}（如果我是防守方，则{{S}}+2。）{{S}}+0","<p>[Quick-Draw] (This has [Reaction]. When you play it, attach it to a unit you control.)<br />[Equip] :rb_rune_mind: (:rb_rune_mind:: Attach this to a unit you control.)</p>
<p>[Shield 2] (+2 :rb_might: while I'm a defender.)</p>
[S] +0",1,0,0,普通,SFD,,,false,2026-06-18 15:11:45.468662+00,2026-08-10 07:41:29.350663+00,"[""装备""]",
afefe0a4-2473-4a97-86e5-ad387c3eac6b,UNL-091,聚心凝神,Concentrate,,,"[""orange""]",[],[],"[""等级6"",""等级11""]","[""牌库·抽牌"",""经验·等级奖励"",""费用·减费""]",,"抽两张牌。
{{等级6>}} 此牌的费用减少{{2}}。（如果你拥有不少于6经验，则获得该效果。）
{{等级11>}} 改为此牌的费用减少{{4}}。","<p>Draw 2.<br />[Level 6][>] This costs :rb_energy_2: less. (While you have 6+ XP, get the effect.)<br />[Level 11][>] This costs :rb_energy_4: less instead.</p>",5,0,0,普通,UNL,"“心如止水，安宁自来。”
——易",,false,2026-06-18 15:11:45.821819+00,2026-08-10 07:41:29.350663+00,"[""法术""]",
b025c2a3-a321-464f-8043-0cdfee4c5ac2,VEN-097,小蜘蛛,Spiderling,,,"[""purple""]","[""暗影岛""]","[""蜘蛛""]","[""待命""]","[""战力·条件加成"",""战力·永久成长""]",,"{{待命}}（支付{{A}}正面朝下放置此牌，之后可支付{{0}}将其当作反应牌打出。）
你在此处每控制一名和我同名的其他单位，我便获得{{S}}+1。
你的卡组中可以包含任意数量名为“小蜘蛛”的卡牌。","[Hidden] (Hide now for :rb_rune_rainbow: to react with later for :rb_energy_0:.)
I have +1 :rb_might: for each other unit you control here with my name.
Your deck can have any number of cards named Spiderling.",3,0,1,普通,VEN,还好，也就发现了一只而已。,,false,2026-07-16 11:27:40.706485+00,2026-08-10 21:45:02.170936+00,"[""单位""]",0
b02a693e-c523-4366-b232-e0969ec0a79b,OGN-065,睿智长者,Wizened Elder,,,"[""green""]","[""艾欧尼亚""]",[],[],"[""增益·数量联动"",""战力·条件加成""]",,如果我拥有增益，则我额外获得{{S}}+1。,"<p>While I'm buffed, I have an additional +1 :rb_might:.</p>",4,0,4,不凡,OGN,“我都这把年纪了，还在战斗。仔细想想这意味着什么吧。”,,false,2026-06-18 15:11:45.468662+00,2026-08-10 07:41:29.350663+00,"[""单位""]",
b08031a4-9da1-44cd-a2c5-c59d657ce696,OGN-025,暴怒冲动,Blind Fury,,,"[""red""]",[],[],"[""迅捷""]","[""牌库·查看"",""牌库·放逐"",""费用·免费打出"",""牌库·放回""]",,"{{迅捷}}（可在你的回合或法术对决中打出。）

每名对手展示其主牌堆顶部的一张牌。你从中选择一张，将其放逐，然后当作自己的牌打出，无视费用。然后回收其余的卡牌。","<p>[Action] (Play on your turn or in showdowns.)<br />Each opponent reveals the top card of their Main Deck. Choose one and banish it, then play it, ignoring its cost. Then recycle the rest.</p>",4,2,0,稀有,OGN,,,false,2026-06-18 15:11:45.468662+00,2026-08-10 07:41:29.350663+00,"[""法术""]",
b0cb15e1-01f9-469b-a0df-e0cd78378eb3,OGN-119,阿狸,Ahri,天真绮梦,Inquisitive,"[""blue""]","[""艾欧尼亚""]",[],[],"[""触发·进攻"",""触发·防守"",""战力·削弱""]",阿狸,当我进攻或防守时，让此处的一名敌方单位在本回合内{{S}}-2，不得低于1{{S}}。,"<p>When I attack or defend, give an enemy unit here -2 :rb_might: this turn, to a minimum of 1 :rb_might:.</p>",3,1,3,史诗,OGN,“一个猎人，一个猎物。”,,false,2026-06-18 15:11:45.129603+00,2026-08-10 07:41:29.350663+00,"[""英雄单位""]",
b0cca6cc-8b19-462f-b97d-d26061f731dd,UNL-183,傲之追猎者,Pridestalker,,,"[""red"",""orange""]",[],[],[],"[""触发·打出"",""战力·增强单体"",""战力·增强本回合""]",雷恩加尔,当你打出一名单位时，让一名单位本回合内{{S}}+1。,"<p>When you play a unit, give a unit +1 :rb_might: this turn.</p>",0,0,0,稀有,UNL,,,false,2026-06-18 15:11:45.821819+00,2026-08-11 04:32:05.530677+00,"[""传奇""]",1
b17d2f93-f673-43e0-ae20-63ab6eb5f24f,OGN-201,反转时间线,Invert Timelines,,,"[""purple""]",[],[],[],"[""牌库·弃牌"",""牌库·抽牌""]",,每名玩家弃置自己的所有手牌，然后抽四张牌。,"<p>Each player discards their hand, then draws 4.</p>",3,1,0,史诗,OGN,"“该去大闹一场咯！”
——艾克",,false,2026-06-18 15:11:45.129603+00,2026-08-10 07:41:29.350663+00,"[""法术""]",
b1b361f6-1db1-4dad-8369-67aa50779ec1,UNL-055,薇古丝,Vex,玩世不恭,Mocking,"[""green""]","[""暗影岛""]","[""约德尔人""]","[""坚守"",""壁垒"",""眩晕""]","[""状态·眩晕"",""移动·单位""]",薇古丝,"{{坚守}}（如果我是防守方，则{{S}}+1。）
{{壁垒}}（我在战斗中首先承担伤害。）
当你{{眩晕}}战场上的一名敌方单位时，你可以选择将我移动到该战场。","<p>[Shield] (+1 :rb_might: while I'm a defender.)<br />[Tank] (I must be assigned combat damage first.)<br />When you [Stun] an enemy unit at a battlefield, you may move me to that battlefield.</p>",5,1,5,稀有,UNL,“我要把每张笑脸都拉长。”,,false,2026-06-18 15:11:45.821819+00,2026-08-10 07:41:29.350663+00,"[""英雄单位""]",
b1ec71df-8be1-413e-9925-3885366b0404,OGN-059,星蚀先锋,Eclipse Herald,,,"[""green""]","[""巨神峰""]","[""鸟类""]",[],"[""状态·激活"",""战力·增强单体"",""战力·增强本回合""]",,每当你眩晕一名敌方单位时，让我变为活跃状态，且本回合{{S}}+1。,"<p>When you stun an enemy unit, ready me and give me +1 :rb_might: this turn.</p>",7,1,7,不凡,OGN,噩兆很可怕，紧随而来的厄运更可怕。,,false,2026-06-18 15:11:45.129603+00,2026-08-10 07:41:29.350663+00,"[""单位""]",
b2507ede-5b28-4d5c-b828-0402e0f64a1f,SFD-203,战争女神,Battle Mistress,,,"[""orange"",""purple""]",[],[],[],"[""状态·休眠化"",""衍生·装备"",""触发·摧毁"",""状态·激活""]",希维尔,"当你回收一枚符文时，你可以选择让我变为休眠状态，以此打出一个休眠的“金币”装备指示物。
当任意数量的敌方单位被摧毁时，让我变为活跃状态。","<p>When you recycle a rune, you may exhaust me to play a Gold gear token exhausted.<br />When one or more enemy units die, ready me.</p>",0,0,0,稀有,SFD,,,false,2026-06-18 15:11:45.468662+00,2026-08-11 04:32:05.530677+00,"[""传奇""]",1
b262897b-dd4b-4b0b-a56c-dd167b2b25f0,OGN-220,强手裂颅,Facebreaker,,,"[""yellow""]",[],[],"[""待命"",""迅捷""]","[""状态·眩晕""]",,"{{待命}}（支付{{A}}正面朝下放置此牌，之后可支付{{0}}将其当作反应牌打出。）
{{迅捷}}（可在你的回合或法术对决中打出。）
眩晕位于同一个战场上的一名友方单位和一名敌方单位。（使其在本回合内无法造成战斗伤害。）",<p>[Hidden] (Hide now for :rb_rune_rainbow: to react with later for :rb_energy_0:.)<br />[Action] (Play on your turn or in showdowns.)<br />Stun a friendly unit and an enemy unit at the same battlefield. (They don't deal combat damage this turn.)</p>,2,0,0,不凡,OGN,"“你俩好好玩！”
——瑟提",,false,2026-06-18 15:11:45.468662+00,2026-08-10 07:41:29.350663+00,"[""法术""]",
b2b48eaf-d7b1-44c7-99c9-e10b35ee4901,OGN-295,卑鄙之喉的巢穴,Vilemaw's Lair,,,"[""colorless""]",[],[],[],"[""持续·光环常驻"",""限制·行动禁止""]",,"单位无法从此处移动到基地。
",<p>Units can't move from here to base.</p>,0,0,0,不凡,OGN,卑鄙之喉不太喜欢客人——尤其是那些想提早离开的家伙。,,false,2026-06-18 15:11:45.468662+00,2026-08-11 04:32:05.530677+00,"[""战场""]",1
b3aef9ee-c3ac-435a-87bb-96bf12f5e74e,OGN-057,格挡,Block,,,"[""green""]",[],[],"[""待命"",""坚守3"",""壁垒"",""迅捷""]","[""战力·增强单体"",""战力·增强本回合""]",,"{{待命}}（支付{{A}}正面朝下放置此牌，之后可支付{{0}}将其当作反应牌打出。）
{{迅捷}}（可在你的回合或法术对决中打出。）
让一名单位在本回合内获得{{坚守3}}和{{壁垒}}。（如果它是防守方，则{{S}}+3。它在战斗中首先承担伤害。）",<p>[Hidden] (Hide now for :rb_rune_rainbow: to react with later for :rb_energy_0:.)<br />[Action] (Play on your turn or in showdowns.)<br />Give a unit [Shield 3] and [Tank] this turn. (+3 :rb_might: while it's a defender. It must be assigned combat damage first.)</p>,2,0,0,不凡,OGN,,,false,2026-06-18 15:11:45.129603+00,2026-08-10 07:41:29.350663+00,"[""法术""]",
b40d27d7-080c-42f2-8cfd-e35c9bd47d9e,UNL-198,月之降临,Moonfall,,,"[""blue"",""purple""]",[],[],"[""迅捷""]","[""移动·敌方"",""战力·削弱""]",黛安娜,"{{迅捷}}（可在你的回合或法术对决中打出。）
选择一处你拥有单位的战场。你可以选择将最多一名敌方单位移动至该战场，然后让该处的敌方单位本回合内{{S}}-2。",<p>[Action] (Play on your turn or in showdowns.)<br />Choose a battlefield where you have units. You may move up to one enemy unit to that battlefield. Then give enemy units there -2 :rb_might: this turn.</p>,3,1,0,史诗,UNL,"“夜色降临！”
——黛安娜",,false,2026-06-18 15:11:45.821819+00,2026-08-10 07:41:29.350663+00,"[""专属法术""]",
b4490db8-f756-46ad-87f2-aeb318681fa8,OGN-134,动员,Mobilize,,,"[""orange""]",[],[],[],"[""符文·召出"",""牌库·抽牌""]",,召出一枚休眠的符文。如果你无法达成，则抽一张牌。,"<p>Channel 1 rune exhausted. If you can't, draw 1.</p>",2,0,0,普通,OGN,号角声，是拉响战斗的第一击。,,false,2026-06-18 15:11:45.129603+00,2026-08-10 07:41:29.350663+00,"[""法术""]",
b4afea5a-dfeb-49a1-9576-b7eb1f6c1474,OGN-174,大塞斥候,Sai Scout,,,"[""purple""]","[""恕瑞玛""]",[],"[""预知""]","[""牌库·查看"",""牌库·放回"",""位置·开放战场""]",,"{{预知}}（当你打出我时，查看主牌堆顶部的一张牌，你可以选择将其回收。）
你可以选择将我打出到一处开放的战场。","<p>[Vision] (When you play me, look at the top card of your Main Deck. You may recycle it.)<br />You may play me to an open battlefield.</p>",6,0,5,普通,OGN,“先到者先得！”,,false,2026-06-18 15:11:45.129603+00,2026-08-10 07:41:29.350663+00,"[""单位""]",
b4cea087-45ff-4836-849e-64b129695909,UNL-054,顽皮触手,Tricksy Tentacles,,,"[""green""]",[],[],[],"[""移动·敌方""]",,移动任意数量的敌方单位到同一位置，这些单位的控制者必须相同且总计战力不超过 8。,<p>Move any number of enemy units with the same controller and a total Might of 8 or less to a single location.</p>,4,1,0,稀有,UNL,样子有点恶心。,,false,2026-06-18 15:11:46.036748+00,2026-08-10 07:41:29.350663+00,"[""法术""]",
b52fe3bd-b970-4924-95ab-c8d80195e596,SFD-042,残暴之力,Brutalizer,,,"[""green""]",[],"[""武装""]","[""装配""]","[""战力·条件加成""]",,"{{装配绿色}}（支付{{绿色}}：将此牌贴附到你控制的一名单位上。）
如果此牌是在本回合贴附到我身上的，则我额外获得{{S}}+2。{{S}}+1","<p>[Equip] :rb_rune_calm: (:rb_rune_calm:: Attach this to a unit you control.)</p>
<p>If this was attached to me this turn, I have an additional +2 :rb_might:.</p>
[S] +1",2,0,0,不凡,SFD,,,false,2026-06-18 15:11:45.468662+00,2026-08-10 07:41:29.350663+00,"[""装备""]",
b58ee9b5-beca-4dec-b6e6-4d72ea6cfb55,OGN-271,随从（德玛西亚）,Recruit (DE),,,"[""colorless""]",[],[],[],,随从,,,0,0,1,普通,OGN,“对我们一个人出手，就是对我们所有人出手！”,,false,2026-06-18 15:11:45.129603+00,2026-08-08 06:06:34.554801+00,"[""指示物单位""]",
b5d0ae06-5cab-455b-8fe5-c6c0deaaea35,OGN-182,废料堆,Scrapheap,,,"[""purple""]",,,,"[""触发·进场"",""触发·弃置"",""触发·摧毁"",""牌库·抽牌""]",,当此牌被打出、弃置或摧毁时，抽一张牌。,"<p>When this is played, discarded, or killed, draw 1.</p>",2,0,0,不凡,OGN,要是这零件会爆炸，根本就撑不到废料堆！,,true,2026-06-18 15:11:45.468662+00,2026-08-10 07:41:29.350663+00,"[""装备""]",
b5eee5f7-5258-4727-8821-e65b6e8aed82,SFD-147,坠渊之流,Downwell,,,"[""purple""]",[],[],[],"[""互动·返回手牌""]",,让所有单位和装备返回其所属的手牌。,<p>Return all units and gear to their owners' hands.</p>,8,2,0,史诗,SFD,在比尔吉沃特，“沉没成本”这词还有点别的意思。,,false,2026-06-18 15:11:45.468662+00,2026-08-10 07:41:29.350663+00,"[""法术""]",
b615633b-2913-45b0-b11b-f4775a907676,OGN-205,亚索,Yasuo,乘风归,Windrider,"[""purple""]","[""艾欧尼亚""]",[],"[""游走""]","[""触发·移动""]",亚索,"{{游走}}（我可以向其他战场进行移动。）
当我在一个回合内进行了第三次移动，你获得1分。","<p>[Ganking] (I can move from battlefield to battlefield.)<br />The third time I move in a turn, you score 1 point.</p>",5,1,4,史诗,OGN,“我将遵循此道，直至终结。”,,false,2026-06-18 15:11:45.129603+00,2026-08-10 07:41:29.350663+00,"[""英雄单位""]",
b62bcc87-6b56-4228-a4d2-d0be545982dd,UNL-161,占卜贝壳,Divining Shells,,,"[""yellow""]",[],[],"[""预知"",""迅捷""]","[""牌库·查看"",""牌库·放回"",""摧毁·装备"",""主动·横置技能"",""战力·增强单体"",""战力·增强本回合""]",,"{{预知}}（当你打出此牌时，查看主牌堆顶部的一张牌。你可以选择将其回收。）
{{迅捷>}} 摧毁此牌，{{横置}}：让一名单位在本回合内{{S}}+2。","<p>[Vision] (When you play this, look at the top card of your Main Deck. You may recycle it.)<br />[Action][>] Kill this, :rb_exhaust:: Give a unit +2 :rb_might: this turn.</p>",2,0,0,不凡,UNL,稀罕宝物，用完就扔。,,false,2026-06-18 15:11:46.036748+00,2026-08-10 07:41:29.350663+00,"[""装备""]",
b675e13a-7ed7-444d-ae6d-c94115c666d3,OGS-009,易,Master Yi,锋芒毕现,Honed,"[""orange""]","[""艾欧尼亚""]",[],"[""游走""]","[""移动·单位"",""状态·以活跃进场""]",易,"{{游走}}（我可以向其他战场进行移动。）
我以活跃状态进场。",<p>[Ganking] (I can move from battlefield to battlefield.)<br />I enter ready.</p>,7,1,6,史诗,OGS,“集中起来的意志，可以击穿顽石。”,,false,2026-06-18 15:11:45.129603+00,2026-08-10 07:41:29.350663+00,"[""英雄单位""]",
b72e5e61-373a-4c90-a82a-3ec000950b03,OGN-077,中娅沙漏,Zhonya's Hourglass,,,"[""green""]",[],[],"[""待命""]","[""触发·摧毁"",""保护·免死替身"",""状态·休眠化"",""互动·召回基地""]",,"{{待命}}（支付{{A}}正面朝下放置此牌，之后可支付{{0}}将其当作反应牌打出。）

如果一名友方单位被摧毁，则改为将此牌摧毁。移除该单位所受伤害，让其进入休眠状态，并将其召回。（把该单位送回基地，此行动不算作移动。）","<p>[Hidden] (Hide now for :rb_rune_rainbow: to react with later for :rb_energy_0:.)<br />If a friendly unit would die, kill this instead. Heal that unit, exhaust it, and recall it. (Send it to base. This isn't a move.)</p>",2,0,0,稀有,OGN,,,false,2026-06-18 15:11:45.129603+00,2026-08-10 07:41:29.350663+00,"[""装备""]",
b7a125de-c7e1-4691-a1e0-e230cd7b9bff,SFD-069,坏坏魄罗,Plundering Poro,,,"[""blue""]","[""比尔吉沃特""]","[""魄罗"",""海盗""]",[],"[""触发·征服"",""衍生·装备""]",,当我征服一处战场时，打出一个休眠的“金币”装备指示物。,"<p>When I conquer, play a Gold gear token exhausted.</p>",2,0,2,普通,SFD,海盗之道，放之四海而皆准。,,false,2026-06-18 15:11:45.468662+00,2026-08-10 07:41:29.350663+00,"[""单位""]",
b7fe35d5-1be2-44a9-ae20-8b0898e15e85,VEN-166,灰亡阈门,Threshold of the Gray,,,"[""colorless""]",,,"[""获得""]","[""触发·战斗"",""资源·获得费用""]",,当战斗在此处开始时，进攻方和防守方各{{获得}}{{1}}。,"When combat starts here, the attacker and defender each [Add] :rb_energy_1:.",0,0,0,不凡,VEN,,,false,2026-07-17 11:50:11.953074+00,2026-08-11 04:32:05.530677+00,"[""战场""]",1
b8469ba4-592a-4073-883c-525abec13314,SFD-002,武装强袭者,Armed Assailant,,,"[""red""]","[""诺克萨斯""]",[],"[""急速"",""装配"",""百炼""]","[""状态·以活跃进场"",""费用·可选额外"",""费用·减费""]",,"{{急速}}（你可以选择额外支付{{1}}和{{红色}}，让我以活跃状态进场。）
{{百炼}}（当你打出我时，你可以选择为我{{装配}}你的一件武装，其装配费用减少{{A}}。可选择已贴附的武装。）","<p>[Accelerate] (You may pay :rb_energy_1::rb_rune_fury: as an additional cost to have me enter ready.)<br />[Weaponmaster] (When you play me, you may [Equip] one of your Equipment to me for :rb_rune_rainbow: less, even if it's already attached.)</p>",6,1,6,普通,SFD,,,false,2026-06-18 15:11:45.821819+00,2026-08-10 07:41:29.350663+00,"[""单位""]",
b85f5d9d-ead2-43d2-a13e-78317f8c1104,OGN-287,雷霆之纹,Sigil of the Storm,,,"[""colorless""]",[],[],[],"[""触发·征服""]",,当你征服此处时，你必须回收一枚你的符文。（此行动不会做出任何选择。）,"<p>When you conquer here, you must recycle one of your runes. (This doesn’t choose anything.)</p>",0,0,0,不凡,OGN,踏入半神之境者，必须献上一份合适的供品——自愿与否，无关紧要。,,false,2026-06-18 15:11:45.129603+00,2026-08-11 04:32:05.530677+00,"[""战场""]",1
b8b14e93-4bc6-48db-9ed5-f325826add31,OGS-013,盖伦,Garen,剑尉长,Commander,"[""yellow""]","[""德玛西亚""]","[""精锐""]",[],"[""持续·光环常驻"",""战力·增强群体""]",盖伦,此处的其他友方单位获得{{S}}+1。,<p>Other friendly units have +1 :rb_might: here.</p>,6,1,5,史诗,OGS,“为了德玛西亚！”,,false,2026-06-18 15:11:45.129603+00,2026-08-10 07:41:29.350663+00,"[""英雄单位""]",
b924dad9-ed96-4e75-a626-6c02c06f7c07,VEN-017,莫甘娜,Morgana,复仇天使,Vindictive,"[""red""]","[""德玛西亚""]",,"[""伏击"",""反应""]","[""触发·进场"",""伤害·单体"",""伤害·等同战力""]",莫甘娜,"{{伏击}}（你可以选择将我作为{{反应}}牌，打出到有己方单位的战场。）
当你打出我时，对一名单位造成伤害，其数量等同于该单位上已标记的伤害数值。","[Ambush] (You may play me as a [Reaction] to a battlefield where you have units.)
When you play me, deal damage to a unit equal to the damage marked on it.",5,1,5,稀有,VEN,“人们需要一个反派，我就来当这个反派。”,,false,2026-07-13 14:11:02.122334+00,2026-08-10 07:41:29.350663+00,"[""英雄单位""]",
b926bde6-1e14-412b-831e-d9a55bd74021,UNL-177,艾翁,Ivern,万物之友,Friend to All,"[""yellow""]","[""艾欧尼亚""]",[],[],"[""触发·进场"",""特性·属性联动"",""触发·征服"",""触发·据守""]",艾翁,"打出我时，从“鸟类”、“猫科”、“犬形”或“魄罗”属性标签中选择一个。我获得该属性标签。
当我征服或据守一处战场时，如果你的单位合计具有以下所有属性标签，则你获得1分 — “鸟类”、“猫科”、“犬形”和“魄罗”。","<p>As you play me, choose Bird, Cat, Dog, or Poro. I gain that tag.<br />When I conquer or hold, score 1 point if your units have all of the following tags among them — Bird, Cat, Dog, and Poro.</p>",6,0,6,史诗,UNL,“生命，真是一个古怪的奇迹呀。”,,false,2026-06-18 15:11:45.821819+00,2026-08-10 07:41:29.350663+00,"[""英雄单位""]",
b94e4a17-706d-4078-b093-0d525cdbe9c7,UNL-044,羽毛旋风,Flurry of Feathers,,,"[""green""]",[],[],"[""反应"",""法盾""]","[""反制·无效化法术"",""衍生·单位""]",,"{{反应}}
从下列中选择一个 —
- 无效化一个法术。
- 打出四名1{{S}}的“战鹰”，它们拥有{{法盾}}。（对手必须支付{{A}}才能将其选作法术或技能的目标。）",<p>[Reaction]<br />Choose one —</p><ul><li>Counter a spell.</li><li>Play four 1 :rb_might: Bird unit tokens with [Deflect]. (Opponents must pay :rb_rune_rainbow: to choose them with a spell or ability.)</li></ul>,4,2,0,不凡,UNL,,,false,2026-06-18 15:11:46.036748+00,2026-08-10 07:41:29.350663+00,"[""法术""]",
b952ed39-3234-421a-b651-2346420e33ef,VEN-044,星界灵鹭,Astral Heron,,,"[""green""]","[""巨神峰""]","[""鸟类""]",,"[""触发·打出"",""持续·光环常驻"",""费用·减费"",""频率·每回合限一次""]",,当你打出每回合你的首张卡牌时，如果我位于战场上，则你在本回合内打出的下一张卡牌的费用减少{{2}}和{{A}}{{A}}。,"When you play your first card each turn, if I'm at a battlefield, the next card you play this turn costs :rb_energy_2::rb_rune_rainbow::rb_rune_rainbow: less.",7,0,7,史诗,VEN,灵鹭振翅，夜幕低垂。,,false,2026-07-14 11:54:00.306963+00,2026-08-10 07:41:29.350663+00,"[""单位""]",
b971c500-9541-4321-9b26-5129f44b1a29,SFD-012,攻城锤,Battering Ram,,,"[""red""]","[""诺克萨斯""]","[""崔法利""]",[],"[""费用·条件减费""]",,你在本回合内每打出过一张牌，我的费用便减少{{1}}，不得低于{{1}}。,"<p>I cost :rb_energy_1: less for each card you've played this turn, to a minimum of :rb_energy_1:.</p>",5,0,5,不凡,SFD,他们管这个叫做“诺克萨斯式串门”。,,false,2026-06-18 15:11:45.468662+00,2026-08-10 07:41:29.350663+00,"[""单位""]",
b97f2527-88bd-4f30-bb4e-0fa8a4936845,UNL-192,阿尔法突袭,Alpha Strike,,,"[""green"",""orange""]",[],[],"[""迅捷""]","[""伤害·群体"",""伤害·等同战力"",""触发·摧毁"",""经验·获得""]",易,"{{迅捷}}（可在你的回合或法术对决中打出。）
选择一名友方单位。该单位对战场上的敌方单位合计造成等同于其战力的伤害，可在多名敌方单位之间分摊。每有一名单位因此被摧毁，则进行一次：获得1经验。","<p>[Action] (Play on your turn or in showdowns.)<br />Choose a friendly unit. It deals damage equal to its Might split among enemy units at battlefields. Then for each unit this kills, do this: Gain 1 XP.</p>",3,1,0,史诗,UNL,"“敌人虽众，一击皆斩！”
——易",,false,2026-06-18 15:11:45.821819+00,2026-08-10 07:41:29.350663+00,"[""专属法术""]",
b9cb6cbb-778a-4572-b2cc-185e5006fb80,OGN-033,巧取豪夺,Shakedown,,,"[""red""]",[],[],"[""反应""]","[""伤害·单体"",""牌库·抽牌""]",,"{{反应}}（可在任意时机打出，甚至先于其他法术和技能的结算。）
选择一名敌方单位。除非其控制者选择让你抽两张牌，否则对该单位造成6点伤害。
","<p>[Reaction] (Play any time, even before spells and abilities resolve.)<br />Choose an enemy unit. Deal 6 to it unless its controller has you draw 2.</p>",2,1,0,稀有,OGN,“同意的话，就眨眨眼。”,,false,2026-06-18 15:11:45.468662+00,2026-08-10 07:41:29.350663+00,"[""法术""]",
b9e45203-181e-4ddd-afc5-1c4c3dab62b4,UNL-057,野爪兽王,Alpha Wildclaw,,,"[""green""]","[""弗雷尔卓德""]","[""猫科""]","[""壁垒""]","[""持续·光环常驻"",""状态·免疫""]",,"{{壁垒}}（我在战斗中首先承担伤害。）
你此处战力低于我的单位无法被敌方法术或技能选作目标。",<p>[Tank] (I must be assigned combat damage first.)<br />Your units here with less Might than me can't be chosen by enemy spells and abilities.</p>,6,2,7,史诗,UNL,先收拾那只大的，免得它来收拾你。,,false,2026-06-18 15:11:46.036748+00,2026-08-10 07:41:29.350663+00,"[""单位""]",
b9f7788e-4ffa-41d7-b2df-09403df5025d,OGN-162,厄运小姐,Miss Fortune,船长,Captain,"[""orange""]","[""比尔吉沃特""]","[""海盗""]","[""急速"",""游走""]","[""触发·移动"",""状态·激活"",""频率·每回合限一次""]",厄运小姐,"{{急速}}（你可以选择额外支付{{1}}和{{橙色}}，让我以活跃状态进场。）
{{游走}}（我可以向其他战场进行移动。）
每回合首次：当我移动时，让一个其他休眠的物体变为活跃状态（包括传奇和符文）。","<p>[Accelerate] (You may pay :rb_energy_1::rb_rune_body: as an additional cost to have me enter ready.)<br />[Ganking] (I can move from battlefield to battlefield.)<br />The first time I move each turn, you may ready something else that's exhausted.</p>",5,1,5,史诗,OGN,“扬帆起航！”,,false,2026-06-18 15:11:45.129603+00,2026-08-10 07:41:29.350663+00,"[""英雄单位""]",
ba795639-b0b3-40b9-92de-0e55b8c54de4,VEN-094,面具之母,Mask Mother,,,"[""purple""]","[""暗影岛""]","[""灵体""]",,"[""触发·弃置"",""费用·可选额外"",""战力·增强单体"",""战力·增强本回合""]",,当你弃置我时，你可以选择支付{{1}}，以此给予一名友方单位在本回合内{{S}}+2。,"When you discard me, you may pay :rb_energy_1: to give a friendly unit +2 :rb_might: this turn.",3,0,3,普通,VEN,所有殒落之人，她皆视同己出。,,false,2026-07-17 11:50:11.953074+00,2026-08-10 07:41:29.350663+00,"[""单位""]",
ba7dc2e2-1beb-4c29-a814-2a205566dc79,OGS-019,无极剑圣,Wuju Bladesman - Starter,入门,,"[""green"",""orange""]",[],[],[],"[""战力·条件加成""]",易,如果你只有一名友方单位防守一处战场，则该单位{{S}}+2。,"<p>While a friendly unit defends alone, it gets +2 :rb_might:.</p>",0,0,0,稀有,OGS,,,false,2026-06-18 15:11:45.129603+00,2026-08-11 04:32:05.530677+00,"[""传奇""]",1
ba9cc7c7-9918-4d79-b70c-f51c20dabe4d,UNL-024,雷恩加尔,Rengar,隐匿杀机,Unseen,"[""red""]","[""以绪塔尔""]","[""猫科""]","[""急速"",""强攻2"",""法盾"",""游走""]","[""状态·以活跃进场"",""费用·可选额外""]",雷恩加尔,"{{急速}}（你可以选择额外支付{{1}}和{{红色}}，让我以活跃状态进场。）
{{强攻2}}（如果我是进攻方，则{{S}}+2。）
{{法盾}}（对手必须支付{{A}}才能将我选作法术或技能的目标。）
{{游走}}（我可以向其他战场进行移动。）",<p>[Accelerate] (You may pay :rb_energy_1::rb_rune_fury: as an additional cost to have me enter ready.)<br />[Assault 2] (+2 :rb_might: while I'm an attacker.)<br />[Deflect] (Opponents must pay :rb_rune_rainbow: to choose me with a spell or ability.)<br />[Ganking] (I can move from battlefield to battlefield.)</p>,4,1,4,稀有,UNL,“真正的猎手从不休息。”,,false,2026-06-18 15:11:45.821819+00,2026-08-10 07:41:29.350663+00,"[""英雄单位""]",
bade68fc-153b-4c1d-9188-951134d260a8,UNL-171,加里奥,Galio,不屈卫士,Indefatigable,"[""yellow""]","[""德玛西亚""]",[],"[""法盾"",""壁垒""]","[""持续·光环常驻"",""限制·行动禁止""]",加里奥,"{{法盾}}（对手必须支付{{A}}才能将我选作法术或技能的目标。）
{{壁垒}}（我在战斗中首先承担伤害。）
我无法造成战斗伤害。",<p>[Deflect] (Opponents must pay :rb_rune_rainbow: to choose me with a spell or ability.)<br />[Tank] (I must be assigned combat damage first.)<br />I don't deal combat damage.</p>,3,1,6,稀有,UNL,“哈哈哈哈！我们赢了没？”,,false,2026-06-18 15:11:45.821819+00,2026-08-10 07:41:29.350663+00,"[""英雄单位""]",
bafac3d1-3e7c-4243-a980-e994575daab1,VEN-141,荒漠屠夫,Butcher of the Sands,,,"[""red"",""orange""]",,,"[""反应"",""获得""]","[""主动·横置技能"",""主动·支付费用技能"",""资源·获得费用""]",雷克顿,{{反应>}} 支付{{A}}{{A}}，{{横置}}：{{获得}}{{2}}。此法力仅能用于打出单位或单位的主动技能。,"[Reaction][&gt;] :rb_rune_rainbow::rb_rune_rainbow:, :rb_exhaust:: [Add] :rb_energy_2:. Spend this Energy only to play units or activated abilities of units.",0,0,0,稀有,VEN,,,false,2026-07-09 16:49:03.36084+00,2026-08-11 04:32:05.530677+00,"[""传奇""]",1
bb0336ca-b7d8-4b58-9444-abc03d589f0a,SFD-116,永恩,Yone,一剑封尘,Blademaster,"[""orange""]","[""艾欧尼亚""]","[""恶魔""]","[""装配"",""百炼""]","[""费用·减费"",""触发·征服"",""伤害·单体"",""伤害·对基地"",""伤害·等同战力""]",永恩,"{{百炼}}（当你打出我时，你可以选择为我{{装配}}你的一件武装，其装配费用减少{{A}}。可选择已贴附的武装。）
当我征服一处未受控制的战场时，对基地中的一名敌方单位造成等同于我战力的伤害。","<p>[Weaponmaster] (When you play me, you may [Equip] one of your Equipment to me for :rb_rune_rainbow: less, even if it's already attached.)<br />When I conquer a battlefield that was uncontrolled, deal damage equal to my Might to an enemy unit in a base.</p>",5,1,5,稀有,SFD,,,false,2026-06-18 15:11:45.468662+00,2026-08-10 07:41:29.350663+00,"[""英雄单位""]",
bc53be33-256e-4a3e-b8f6-cca88d42a06b,OGN-289,巨神峰之巅,Targon's Peak,,,"[""colorless""]",[],[],[],"[""触发·征服"",""符文·激活""]",,当你征服此处时，让最多两枚符文在本回合结束时变为活跃状态。,"<p>When you conquer here, ready up to 2 runes at the end of this turn.</p>",0,0,0,不凡,OGN,巨神族总爱夸耀巨神峰顶的种种奇观，唯独会对那些真正登顶之人闭嘴。,,false,2026-06-18 15:11:45.821819+00,2026-08-11 04:32:05.530677+00,"[""战场""]",1
bce1c0dd-ab8d-4d0e-b532-a82755deea77,OGN-067,布里茨,Blitzcrank,钢铁意志,Impassive,"[""green""]","[""祖安""]","[""机械""]","[""壁垒""]","[""触发·进场"",""移动·敌方"",""触发·据守"",""互动·返回手牌""]",布里茨,"{{壁垒}}（我在战斗中首先承担伤害。）
每当你将我打出到一处战场时，你可以选择移动任意一名敌方单位到此处。
当我据守一处战场时，把我送回所属的手牌。","<p>[Tank] (I must be assigned combat damage first.)<br />When you play me to a battlefield, you may move an enemy unit to here.<br />When I hold, return me to my owner's hand.</p>",5,1,5,稀有,OGN,,,false,2026-06-18 15:11:45.468662+00,2026-08-10 07:41:29.350663+00,"[""英雄单位""]",
bd538077-fa22-4e59-b67e-7bd73b8ecbf9,UNL-159,狩魂,Soul Harvest,,,"[""yellow""]",[],[],[],"[""摧毁·单位""]",,摧毁战场上一名不高于3{{S}}的单位。,<p>Kill a unit at a battlefield with 3 :rb_might: or less.</p>,2,1,0,普通,UNL,一点也不疼，只是要命而已。,,false,2026-06-18 15:11:46.036748+00,2026-08-10 07:41:29.350663+00,"[""法术""]",
bdc6499a-639b-4309-b822-4ae97307ec1e,OGN-256,妖异狐火,Fox-Fire,,,"[""green"",""blue""]",[],[],"[""待命"",""迅捷""]","[""摧毁·单位""]",阿狸,"{{待命}}（支付{{A}}正面朝下放置此牌，之后可支付{{0}}将其当作反应牌打出。）
{{迅捷}}（可在你的回合或法术对决中打出。）
摧毁一处战场中任意数量的单位，这些单位总计战力不得高于4。",<p>[Hidden] (Hide now for :rb_rune_rainbow: to react with later for :rb_energy_0:.)<br />[Action] (Play on your turn or in showdowns.)<br />Kill any number of units at a battlefield with total Might 4 or less.</p>,3,0,0,史诗,OGN,,,false,2026-06-18 15:11:45.129603+00,2026-08-10 07:41:29.350663+00,"[""专属法术""]",
be1dc5b9-6358-4812-9756-1472a9bec5b1,SFD-084,杰斯,Jayce,推陈出新,Man of Progress,"[""blue""]","[""皮尔特沃夫""]",[],[],"[""触发·进场"",""摧毁·装备"",""费用·免费打出""]",杰斯,当你打出我时，你可以选择摧毁一件友方装备。若如此做，则在本回合内，你可以选择从手牌中打出一件法力费用不高于{{7}}的装备，无视其法力费用（仍需支付所有符能费用）。,"<p>When you play me, you may kill a friendly gear. If you do, you may play a gear with Energy cost no more than :rb_energy_7: from hand this turn, ignoring its Energy cost. (You must still pay its Power cost.)</p>",4,0,4,稀有,SFD,“这就是未来的样子。”,,false,2026-06-18 15:11:45.468662+00,2026-08-10 07:41:29.350663+00,"[""英雄单位""]",
be3ccf85-41bd-4dba-9940-478523db9dc6,OGN-090,懊悔法球,Orb of Regret,,,"[""blue""]",[],[],[],"[""主动·横置技能"",""战力·削弱""]",,{{横置}}：让一名单位在本回合内{{S}}-1，不得低于1{{S}}。,"<p>:rb_exhaust:: Give a unit -1 :rb_might: this turn, to a minimum of 1 :rb_might:.</p>",1,0,0,普通,OGN,"“即使是最痛苦的回忆，也有它的美好。”
——阿狸",,false,2026-06-18 15:11:45.129603+00,2026-08-10 07:41:29.350663+00,"[""装备""]",
be41dcee-b82b-4293-b2d8-d4229365de98,VEN-082,黑心商人,Profiteer,,,"[""orange""]","[""恕瑞玛""]",,,"[""触发·进场"",""强化·解除强化"",""强化·强化""]",,当你打出我时，你可以选择解除一个受你控制的物体的强化，以此强化一个传奇、单位、或装备。,"When you play me, you may disempower something you control to empower a legend, unit, or gear.",4,0,4,不凡,VEN,“我们来谈笔交易，如何？”,,false,2026-07-16 11:27:40.706485+00,2026-08-10 07:41:29.350663+00,"[""单位""]",
be7e38f0-eea4-4bae-b0fe-5c4e729308f6,UNL-185,血港鬼影,Bloodharbor Ripper,,,"[""red"",""purple""]",[],[],"[""反应"",""获得""]","[""主动·横置技能"",""主动·支付费用技能"",""互动·返回手牌"",""衍生·装备""]",派克,支付{{1}}，{{横置}}：让战场上的一名友方单位返回其所属的手牌。打出一个休眠的“金币”装备指示物。（其具有“{{反应>}} 摧毁此牌，{{横置}}：{{获得}}{{A}}。”）,"<p>:rb_energy_1:, :rb_exhaust:: Return a friendly unit at a battlefield to its owner's hand. Play a Gold gear token exhausted. (It has ""[Reaction][>] Kill this, :rb_exhaust:: [Add] :rb_rune_rainbow:."")</p>",0,0,0,稀有,UNL,,,false,2026-06-18 15:11:45.821819+00,2026-08-11 04:32:05.530677+00,"[""传奇""]",1
beb9c775-f0d7-48cc-ad1a-5d730a6765d2,SFD-097,先打再问,Punch First,,,"[""orange""]",[],[],"[""迅捷""]","[""战力·增强单体"",""战力·增强本回合""]",,"{{迅捷}}（可在你的回合或法术对决中打出。）
让一名单位在本回合内{{S}}+5。",<p>[Action] (Play on your turn or in showdowns.)<br />Give a unit +5 :rb_might: this turn.</p>,1,2,0,普通,SFD,不建议喜欢刨根问底的人使用。,,false,2026-06-18 15:11:45.821819+00,2026-08-10 07:41:29.350663+00,"[""法术""]",
bebf7399-ded9-4587-b48e-bf5a624df61f,UNL-151,班德尔士兵,Bandle Soldier,,,"[""yellow""]","[""班德尔城""]","[""约德尔人""]","[""等级3""]","[""经验·等级奖励"",""状态·以活跃进场""]",,{{等级3>}} 我以活跃状态进场。（如果你拥有不少于3经验，则获得该效果。）,"<p>[Level 3][>] I enter ready. (While you have 3+ XP, get the effect.)</p>",4,1,5,普通,UNL,班德尔斥候守则第170条：每一种经历，都有利于你的成长。,,false,2026-06-18 15:11:45.821819+00,2026-08-10 07:41:29.350663+00,"[""单位""]",
bec00d56-c171-4c0f-b19f-39961bb60220,SFD-134,萃取,Cull,,,"[""purple""]",[],"[""武装""]","[""装配""]","[""触发·征服"",""衍生·装备""]",,"{{装配紫色}}（支付{{紫色}}：将此牌贴附到你控制的一名单位上。）
当我征服一处战场时，打出一个休眠的“金币”装备指示物。{{S}}+1","<p>[Equip] :rb_rune_chaos: (:rb_rune_chaos:: Attach this to a unit you control.)</p>
<p>When I conquer, play a Gold gear token exhausted.</p>
[S] +1",1,0,0,不凡,SFD,,,false,2026-06-18 15:11:45.821819+00,2026-08-10 07:41:29.350663+00,"[""装备""]",
bef7be93-8357-40b0-b5ba-43835563a99a,OGN-066,阿狸,Ahri,嫣然狐媚,Alluring,"[""green""]","[""艾欧尼亚""]",[],[],"[""触发·据守""]",阿狸,当我据守一处战场时，你获得的分数+1。,"<p>When I hold, you score 1 point.</p>",5,1,4,稀有,OGN,“记住这一刻。”,,false,2026-06-18 15:11:45.129603+00,2026-08-10 07:41:29.350663+00,"[""英雄单位""]",
befb257c-de4d-4460-8516-b1e125b27e6a,SFD-178,破败王者之刃,Blade of the Ruined King,,,"[""yellow""]",[],"[""武装""]","[""装配""]","[""费用·强制额外"",""摧毁·单位""]",,"{{装配}}—支付{{黄色}}，摧毁一名友方单位。
（支付此费用：将此牌贴附到你控制的一名单位上。）
{{S}}+4","<p>[Equip] — :rb_rune_order:, Kill a friendly unit (Pay the cost: Attach this to a unit you control.)</p>
[S] +4",3,1,0,史诗,SFD,"“你并非这段故事的主角。”
——佛耶戈",,false,2026-06-18 15:11:45.468662+00,2026-08-10 07:41:29.350663+00,"[""装备""]",
bf19c387-5341-434e-9279-cedb2c6cdf9b,UNL-021,阴森药剂师,Grim Apothecary,,,"[""red""]","[""诺克萨斯""]",[],"[""反应"",""伏击""]","[""触发·进场"",""互动·返回手牌""]",,"{{伏击}}（你可以选择将我作为{{反应}}牌，打出到有己方单位的战场。）
当你打出我时，你可以选择让一名战场上的友方单位返回其所属的手牌。","<p>[Ambush] (You may play me as a [Reaction] to a battlefield where you have units.)<br />When you play me, you may return a friendly unit at a battlefield to its owner's hand.</p>",3,0,3,稀有,UNL,治病总比不治强，但也强不到哪去。,,false,2026-06-18 15:11:46.036748+00,2026-08-10 07:41:29.350663+00,"[""单位""]",
bf7a4900-1681-4664-9bb6-91b88c229f69,OGN-117,维克托,Viktor,创见先驱,Innovator,"[""blue""]","[""祖安""]",[],[],"[""触发·打出"",""衍生·单位""]",维克托,每当你在对手的回合内打出一张卡牌时，额外打出一名1{{S}}的“随从”到你的基地。,"<p>When you play a card on an opponent's turn, play a 1 :rb_might: Recruit unit token in your base.</p>",4,1,3,稀有,OGN,“加入光荣的进化吧。”,,false,2026-06-18 15:11:45.129603+00,2026-08-10 07:41:29.350663+00,"[""英雄单位""]",
bf8b127e-d7d2-45f0-98a6-eebac15561a8,OGN-039,卡莎,Kai'Sa,九死一生,Survivor,"[""red""]","[""虚空之地""]",[],"[""急速""]","[""触发·征服"",""牌库·抽牌""]",卡莎,"{{急速}}（你可以选择额外支付{{1}}和{{红色}}，让我以活跃状态进场。）
当我征服一处战场时，抽一张牌。","<p>[Accelerate] (You may pay :rb_energy_1::rb_rune_fury: as an additional cost to have me enter ready.)<br />When I conquer, draw 1.</p>",4,0,4,史诗,OGN,“我喜欢这里。说不定会留下来。”,,false,2026-06-18 15:11:45.468662+00,2026-08-10 07:41:29.350663+00,"[""英雄单位""]",
bfd2af78-314e-4b8b-8a5c-f2f4fd3afe94,SFD-065,先见机甲,Forecaster,,,"[""blue""]","[""班德尔城""]","[""约德尔人"",""机械""]","[""预知""]","[""持续·光环常驻"",""牌库·查看"",""牌库·放回"",""特性·属性联动""]",,你的“机械”属性单位获得{{预知}}。（当你打出我时，查看主牌堆顶部的一张牌，你可以选择将其回收。）,"<p>Your Mechs have [Vision]. (When you play us, look at the top card of your Main Deck. You may recycle it.)</p>",2,0,2,普通,SFD,优秀的机甲驾驶员讲求操作，而顶级机甲的驾驶员根本不需要操作。,,false,2026-06-18 15:11:45.468662+00,2026-08-10 07:41:29.350663+00,"[""单位""]",
c06eda14-ab33-43b3-861a-48260e150e68,VEN-089,狂野钩爪,Wild Claw,,,"[""orange""]",,,,"[""牌库·查看"",""牌库·放逐"",""费用·减费"",""牌库·放回"",""强化·强化""]",,查看你主牌堆顶部的五张牌。你可以选择从中放逐一个单位或装备，将其法力费用减少{{5}}后打出。回收其余的卡牌。然后你可以选择进行一次：强化该牌。（如果其未被强化，则变为已强化状态。）,"Look at the top 5 cards of your Main Deck. You may banish a unit or gear from among them and play it, reducing its Energy cost by :rb_energy_5:. Recycle the rest. Then you may do this: Empower it. (It becomes Empowered if it's not already.)",7,1,0,稀有,VEN,,,false,2026-07-09 16:49:03.36084+00,2026-08-10 07:41:29.350663+00,"[""法术""]",
c0ec66e4-0dca-4eea-831e-8e6d5dc97638,OGN-010,军团后卫,Legion Rearguard,,,"[""red""]","[""诺克萨斯""]","[""崔法利""]","[""急速""]","[""状态·以活跃进场"",""费用·可选额外""]",,{{急速}}（你可以选择额外支付{{1}}和{{红色}}，让我以活跃状态进场。）,<p>[Accelerate] (You may pay :rb_energy_1::rb_rune_fury: as an additional cost to have me enter ready.)</p>,2,0,2,普通,OGN,最后一道进攻线。,The last line of offense.,false,2026-06-18 15:11:45.129603+00,2026-08-10 07:41:29.350663+00,"[""单位""]",
c20b8f40-c4fd-4608-b733-ba2a53a619dc,SFD-T03,金币,Gold,,,"[""colorless""]",[],[],"[""反应"",""获得""]","[""主动·横置技能"",""资源·获得费用"",""摧毁·装备""]",,摧毁此牌，{{横置}}：{{反应}}—{{获得}}{{A}}。（获得费用资源的技能无法成为其他法术的反应目标。）,"<p>Kill this, :rb_exhaust:: [Reaction] — [Add] :rb_rune_rainbow:. (Abilities that add resources can't be reacted to.)</p>",0,0,2,普通,SFD,,,false,2026-06-18 15:11:45.821819+00,2026-08-10 07:41:29.350663+00,"[""装备""]",
c266163a-1c57-4dab-836c-53a0da819dd9,UNL-096,猎人的宽刃刀,Hunter's Machete,,,"[""orange""]",[],"[""武装""]","[""狩猎"",""装配""]","[""经验·获得"",""触发·征服"",""触发·据守""]",,"{{装配}}{{蓝色}}（支付{{蓝色}}：将此牌贴附到你控制的一名单位上。）
{{狩猎}}（当我征服或据守一处战场时，获得1经验。）","<p>[Equip] :rb_rune_body: (:rb_rune_body:: Attach this to a unit you control.)</p>
<p>[Hunt] (When I conquer or hold, gain 1 XP.)</p>
[S] +2",3,0,2,普通,UNL,,,false,2026-06-18 15:11:45.821819+00,2026-08-10 07:41:29.350663+00,"[""装备""]",
c32220eb-ba7a-4f9a-ba45-7ac7ff4b4b78,OGN-105,星芒凝汇,Singularity,,,"[""blue""]",[],[],[],"[""伤害·群体""]",,对最多两名单位各造成6点伤害。,<p>Deal 6 to each of up to two units.</p>,6,2,0,不凡,OGN,命运之线，在此短暂交汇。,,false,2026-06-18 15:11:45.129603+00,2026-08-10 07:41:29.350663+00,"[""法术""]",
c38561ba-0afb-4401-b1c2-b44b0dd510d0,OGN-002,粗鲁的海盗,Brazen Buccaneer,,,"[""red""]","[""比尔吉沃特""]","[""海盗""]",,"[""触发·进场"",""费用·可选额外"",""牌库·弃牌"",""费用·减费""]",,打出我时，你可以选择弃置一张手牌作为额外费用。若如此做，则我的费用减少{{2}}。,"<p>As you play me, you may discard 1 as an additional cost. If you do, reduce my cost by :rb_energy_2:.</p>",6,0,5,普通,OGN,“他们管我的船员叫‘臭海盗’，我当然不高兴了。”,"""They called my crew 'scurvy dogs,' and I took that personally.""",false,2026-06-18 15:11:45.129603+00,2026-08-10 07:41:29.350663+00,"[""单位""]",
c399a957-61bf-49c3-9f1d-ef29fd89d293,VEN-040,专注箴言,Decree of Focus,,,"[""green""]",,,"[""反应""]","[""战力·增强单体"",""战力·增强本回合""]",,"{{反应}}（可在任意时机打出，甚至先于其他法术和技能的结算。）
选择一名正在与具有炽烈（{{红色}}）特性的敌方单位进行战斗、或被敌方具有炽烈特性的法术选为目标的友方单位。给予其在本回合内{{S}}+4。","[Reaction] (Play any time, even before spells and abilities resolve.)
Choose a friendly unit that's in combat with an enemy Fury (:rb_rune_fury:) unit or that's being chosen by an enemy Fury spell. Give it +4 :rb_might: this turn.",1,0,0,稀有,VEN,暴怒如沼泽，切勿陷足其中。,,false,2026-07-14 11:54:00.306963+00,2026-08-10 07:41:29.350663+00,"[""法术""]",
c44ae9c3-c1d3-4448-9545-c18231a04eed,SFD-045,极速反制,Not So Fast,,,"[""green""]",[],[],"[""反应""]","[""反制·无效化技能"",""反制·无效化法术""]",,"{{反应}}（可在任意时机打出，甚至先于其他法术和技能的结算。）
无效化一个将友方单位或友方装备选为目标的敌方法术或技能。","<p>[Reaction] (Play any time, even before spells and abilities resolve.)<br />Counter an enemy spell or ability that chooses a friendly unit or gear.</p>",2,1,0,不凡,SFD,,,false,2026-06-18 15:11:45.468662+00,2026-08-10 07:41:29.350663+00,"[""法术""]",
c496dc9b-197a-4d71-b91e-3d71c34fba57,SFD-018,虚空兽苗,Void Hatchling,,,"[""red""]","[""虚空之地""]",[],[],"[""牌库·查看"",""牌库·放回""]",,当你要展示某个牌堆的卡牌时，先查看其顶部的第一张牌，你可以选择将其回收。然后继续展示这些卡牌。,"<p>If you would reveal cards from a deck, look at the top card first. You may recycle it. Then reveal those cards.</p>",2,0,2,不凡,SFD,,,false,2026-06-18 15:11:45.468662+00,2026-08-10 07:41:29.350663+00,"[""单位""]",
c5bb759d-6cf0-4d92-8562-dc9b6e858830,UNL-193,愁云使者,Gloomist,,,"[""green"",""purple""]",[],[],[],"[""触发·据守"",""状态·休眠化"",""牌库·抽牌""]",薇古丝,当你或一名盟友据守一处战场时，你可以选择让我变为休眠状态，以此抽一张牌。,"<p>When you or an ally hold, you may exhaust me to draw 1.</p>",0,0,0,稀有,UNL,,,false,2026-06-18 15:11:45.821819+00,2026-08-11 04:32:05.530677+00,"[""传奇""]",1
c62ef842-f242-41c3-938c-bdaba1ea8108,SFD-196,距破之舞,Defiant Dance,,,"[""green"",""purple""]",[],[],"[""反应""]","[""战力·增强单体"",""战力·增强本回合"",""战力·削弱""]",艾瑞莉娅,"{{反应}}（可在任意时机打出，甚至先于其他法术和技能的结算。）
本回合内，让一名单位{{S}}+2，另一名单位{{S}}-2。","<p>[Reaction] (Play any time, even before spells and abilities resolve.)<br />Give a unit +2 :rb_might: this turn and another unit -2 :rb_might: this turn.</p>",1,1,0,史诗,SFD,"“我既是平静的海面，又是汹涌的风暴。”
——艾瑞莉娅",,false,2026-06-18 15:11:45.468662+00,2026-08-10 07:41:29.350663+00,"[""专属法术""]",
c676b002-a8b3-46e2-a042-f78f15ce55ef,OGN-279,强化阵地,Fortified Position,,,"[""colorless""]",[],[],"[""坚守2""]","[""触发·防守"",""战力·增强单体"",""战力·增强本回合""]",,当你防守此处时，选择一名单位，使其在本次战斗期间获得{{坚守2}}。（如果它是防守方，则{{S}}+2。）,"<p>When you defend here, choose a unit. It gains [Shield 2] this combat. (+2 :rb_might: while it's a defender.)</p>",0,0,0,不凡,OGN,,,false,2026-06-18 15:11:45.129603+00,2026-08-11 04:32:05.530677+00,"[""战场""]",1
c6b57272-fc7d-429a-b19d-614363af161f,OGN-181,奇妙行囊,Pack of Wonders,,,"[""purple""]",[],[],[],"[""主动·横置技能"",""互动·返回手牌""]",,{{横置}}：让另一张友方装备、单位或正面朝下的卡牌返回其所属的手牌。,"<p>:rb_exhaust:: Return another friendly gear, unit, or facedown card to its owner's hand.</p>",2,0,0,不凡,OGN,"“明明就放在这里的啊……”
——提莫",,false,2026-06-18 15:11:45.129603+00,2026-08-10 07:41:29.350663+00,"[""装备""]",
c6c9e9bc-8df7-4b98-8054-2ea990bffd6d,UNL-062,戏精远见家,Dramatic Visionary,,,"[""blue""]","[""艾欧尼亚""]",[],"[""绝念"",""洞察2""]","[""触发·摧毁"",""牌库·查看"",""牌库·放回""]",,{{绝念>}} {{洞察2}}。（当我被摧毁时，查看主牌堆顶部的两张牌。你可以将其中任意卡牌回收，并将其余的卡牌按任意顺序放回原处。）,"<p>[Deathknell][>] [Predict 2]. (When I die, look at the top two cards of your Main Deck. Recycle any of them and put the rest back in any order.)</p>",4,0,4,普通,UNL,看清真理往往需要付出代价。,,false,2026-06-18 15:11:46.036748+00,2026-08-10 07:41:29.350663+00,"[""单位""]",
c6cd542c-358b-4084-abdc-56cf7bf0b206,OGN-263,迅捷斥候,Swift Scout,,,"[""blue"",""purple""]",[],[],[],"[""费用·减费"",""主动·横置技能"",""主动·支付费用技能"",""互动·返回手牌""]",提莫,"你可以选择支付{{1}}来正面朝下放置一张带有{{待命}}属性的卡牌，而不是支付{{A}}。
支付{{1}}，{{横置}}：将你拥有的一张位于英雄区域或场上的提莫单位牌放入你的手牌。","<p>You may pay :rb_energy_1: to hide a card with [Hidden] instead of :rb_rune_rainbow:.<br />:rb_energy_1:, :rb_exhaust:: Put a Teemo unit you own into your hand from your Champion Zone or the board.</p>",0,0,0,稀有,OGN,,,false,2026-06-18 15:11:45.129603+00,2026-08-11 04:32:05.530677+00,"[""传奇""]",1
c6ebaa50-8d8d-489a-af53-ebc9ed7ea2ed,OGN-082,苍炎守护者,Whiteflame Protector,,,"[""green""]","[""巨神峰""]","[""龙""]",[],"[""触发·进场"",""战力·增强单体"",""战力·增强本回合""]",,当你打出我时，让一名单位本回合内{{S}}+8。,"<p>When you play me, give a unit +8 :rb_might: this turn.</p>",8,2,8,史诗,OGN,巨龙的尊严，一如其令人生畏的怒火。,,false,2026-06-18 15:11:45.129603+00,2026-08-10 07:41:29.350663+00,"[""单位""]",
c6f0cecb-a586-4565-bd03-5a258ee35a73,UNL-117,恐怖蛛怪,Arachnoid Horror,,,"[""orange""]","[""暗影岛""]","[""蜘蛛""]","[""狩猎2""]","[""经验·获得"",""触发·征服"",""触发·据守"",""位置·开放战场""]",,"{{狩猎2}}（当我征服或据守一处战场时，获得2经验。）
如果一处战场上的敌方单位落单，则可以将我打出至该战场。
如果一处战场上的敌方单位落单，则可以将友方单位打出至该战场。","<p>[Hunt 2] (When I conquer or hold, gain 2 XP.)<br />I can be played to an occupied battlefield if an enemy unit is alone there.<br />Friendly units can be played to an occupied battlefield if an enemy unit is alone there.</p>",6,1,6,史诗,UNL,不要单独行动。,,false,2026-06-18 15:11:46.036748+00,2026-08-10 07:41:29.350663+00,"[""单位""]",
c7109e01-332d-43ac-8c06-dcf3dde313d6,UNL-215,流星疗泉,Star Spring,,,"[""colorless""]",[],[],[],"[""频率·每回合限一次"",""触发·打出"",""移动·单位"",""互动·召回基地""]",,每回合首次，当玩家在此处打出一名非指示物单位时，该玩家可以选择将自己在此处控制的另一名单位移动到其基地。,"<p>The first time a player plays a non-token unit here each turn, they may move another unit they control here to its base.</p>",0,0,0,不凡,UNL,,,false,2026-06-18 15:11:45.821819+00,2026-08-11 04:32:05.530677+00,"[""战场""]",1
c7111935-032f-41cc-9774-42547886a286,SFD-071,疾驰机械,Breakneck Mech,,,"[""blue""]","[""班德尔城""]","[""机械"",""约德尔人""]","[""法盾"",""游走""]","[""持续·光环常驻"",""移动·单位"",""特性·属性联动"",""状态·以活跃进场""]",,"你的“机械”属性单位获得{{法盾}}和{{游走}}。（对手必须支付{{A}}才能将我们选作法术或技能的目标。我们可以向其他战场进行移动。）
如果你控制着其他“机械”单位，则我以活跃状态进场。",<p>Your Mechs have [Deflect] and [Ganking]. (Opponents must pay :rb_rune_rainbow: to choose us with a spell or ability. We can move from battlefield to battlefield.)<br />I enter ready if you control another Mech.</p>,8,2,7,不凡,SFD,,,false,2026-06-18 15:11:45.468662+00,2026-08-10 07:41:29.350663+00,"[""单位""]",
c739ea24-3232-483f-b1db-b2cf6d729457,OGN-014,霹天雳地,Sky Splitter,,,"[""red""]",,,"[""迅捷""]","[""费用·条件减费"",""伤害·单体""]",,"{{迅捷}}（可在你的回合或法术对决中打出。）
将我的法力费用减去你所控制单位中的最高战力值，即为打出我所需的法力。
对战场上的一名单位造成5点伤害。",<p>[Action] (Play on your turn or in showdowns.)<br />This spell's Energy cost is reduced by the highest Might among units you control.<br />Deal 5 to a unit at a battlefield.</p>,8,1,0,不凡,OGN,"“弱小的凡人！“
——沃利贝尔","""Puny mortals!"" -Volibear",false,2026-06-18 15:11:45.129603+00,2026-08-10 07:41:29.350663+00,"[""法术""]",
c74335c1-1af8-4f71-ad43-520f1d5a004b,UNL-068,幽魂半人马,Spectral Centaur,,,"[""blue""]","[""暗影岛""]",[],[],"[""触发·摧毁"",""战力·增强单体"",""战力·增强本回合""]",,当另一名友方单位被摧毁时，让我本回合内{{S}}+2。,"<p>When another friendly unit dies, give me +2 :rb_might: this turn.</p>",6,0,5,普通,UNL,死亡，只会壮大他的队伍。,,false,2026-06-18 15:11:45.821819+00,2026-08-10 07:41:29.350663+00,"[""单位""]",
c76ab791-16fd-4075-a1b6-1a5eb29a4ff0,UNL-081,赐面守侍,Keeper of Masks,,,"[""blue""]","[""艾欧尼亚""]",[],"[""待命"",""瞬息""]","[""触发·进场"",""衍生·单位"",""复制·效果技能""]",,"{{待命}}（支付{{A}}正面朝下放置此牌，之后可支付{{0}}将其当作反应牌打出。）
{{瞬息}}（在我控制者的开始阶段开始时，结算得分之前将我摧毁。）
当你打出我时，在此处打出两名“映像”。然后进行一次：它们变为我的复制体。","<p>[Hidden] (Hide now for :rb_rune_rainbow: to react with later for :rb_energy_0:.)<br />[Temporary] (Kill me at the start of my controller's Beginning Phase, before scoring.)<br />When you play me, play two Reflection unit tokens here. Then do this: They become copies of me.</p>",2,0,1,稀有,UNL,,,false,2026-06-18 15:11:46.036748+00,2026-08-10 07:41:29.350663+00,"[""单位""]",
c84e5121-aac3-4a86-92f3-4f3639d12d38,OGN-126,摧破符文,Body Rune,,,"[""orange""]",[],[],[],,,,,0,0,0,普通,OGN,,,false,2026-06-18 15:11:45.129603+00,2026-08-11 04:32:05.530677+00,"[""符文""]",12
c876c541-0f30-46c5-a20a-ebea6e7530c1,OGN-259,疾风剑豪,Unforgiven,,,"[""green"",""purple""]",[],[],[],"[""主动·横置技能"",""主动·支付费用技能"",""移动·单位"",""互动·召回基地""]",亚索,支付{{2}}，{{横置}}：在战场和其所属基地之间移动一名友方单位。,"<p>:rb_energy_2:, :rb_exhaust:: Move a friendly unit to or from its base.</p>",0,0,0,稀有,OGN,,,false,2026-06-18 15:11:45.129603+00,2026-08-11 04:32:05.530677+00,"[""传奇""]",1
c8a33f8b-1701-4ebf-b23c-d684f0268985,UNL-045,被遗忘的路标,Forgotten Signpost,,,"[""green""]",[],[],"[""迅捷""]","[""状态·休眠化"",""主动·横置技能"",""移动·单位""]",,{{迅捷>}} 将你控制的一名单位变为休眠状态，{{横置}}：将你控制的另一名单位移动到你因此技能而休眠的单位的所在位置。,"<p>[Action][>] Exhaust a unit you control, :rb_exhaust:: Move a different unit you control to the location of the unit you exhausted to pay for this ability.</p>",2,0,0,不凡,UNL,"德玛西亚雄都 470
不朽堡垒 2105
班德尔城 ????",,false,2026-06-18 15:11:46.036748+00,2026-08-10 07:41:29.350663+00,"[""装备""]",
c8a636f0-9d3f-407f-9076-fbe8d78488e7,VEN-R06,序理符文,Order Rune,,,"[""yellow""]",,,,,,,[NO TEXT],0,0,0,普通,VEN,,,false,2026-07-09 16:49:03.36084+00,2026-08-11 04:32:05.530677+00,"[""符文""]",12
c933fd0a-208a-49aa-bc70-6a81956d9881,OGN-053,秘奥义！慈悲度魂落,Stand United,,,"[""green""]",[],[],"[""待命"",""迅捷""]","[""增益·给予"",""增益·数量联动"",""战力·增强本回合""]",,"{{待命}}（支付{{A}}正面朝下放置此牌，之后可支付{{0}}将其当作反应牌打出。）
{{迅捷}}（可在你的回合或法术对决中打出。）
给予一名友方单位增益。（如果该单位未拥有增益，则获得一个{{S}}+1增益。）
在本回合内，所有增益可额外给予友方单位{{S}}+1。","<p>[Hidden] (Hide now for :rb_rune_rainbow: to react with later for :rb_energy_0:.)<br />[Action] (Play on your turn or in showdowns.)<br />Buff a friendly unit. Buffs give an additional +1 :rb_might: to friendly units this turn. (To buff a unit, give it a +1 :rb_might: buff if it doesn't already have one.)</p>",3,0,0,普通,OGN,,,false,2026-06-18 15:11:45.129603+00,2026-08-10 07:41:29.350663+00,"[""法术""]",
c9bcf333-594b-4e24-aadf-9f5eab24da30,UNL-120,雷恩加尔,Rengar,异兽猎手,Trophy Hunter,"[""orange""]","[""以绪塔尔""]","[""猫科""]","[""反应"",""伏击""]","[""位置·开放战场""]",雷恩加尔,"{{伏击}}（你可以选择将我作为{{反应}}牌，打出到有己方单位的战场。）
我可以{{伏击}}到有敌方单位的战场，即使你在该处没有单位。","<p>[Ambush] (You may play me as a [Reaction] to a battlefield where you have units.)<br />I can [Ambush] to a battlefield where there are enemy units, even if you don't have units there.</p>",5,1,6,史诗,UNL,“让我们看看，他们是什么做的。”,,false,2026-06-18 15:11:45.821819+00,2026-08-10 07:41:29.350663+00,"[""英雄单位""]",
c9c4ced8-3b45-45f2-819e-8da725319495,SFD-142,贾尔·米达尔达,Jae Medarda,,,"[""purple""]","[""诺克萨斯""]",[],[],"[""触发·被选为目标"",""牌库·抽牌""]",,每当你将我选为法术目标时，抽一张牌。,"<p>When you choose me with a spell, draw 1.</p>",5,2,5,稀有,SFD,贾尔虽然来自勇武善战的米达尔达家族，但他追求的却是魔法宝藏，而非权力与荣耀。,,false,2026-06-18 15:11:45.468662+00,2026-08-10 07:41:29.350663+00,"[""单位""]",
ca06dbb4-2256-47e8-a65e-478e1614a16b,UNL-121,魅惑之灵,Bewitching Spirit,,,"[""purple""]","[""暗影岛""]","[""灵体""]",[],"[""触发·进场"",""牌库·弃牌""]",,当你打出我时，选择一名玩家，让其弃置一张手牌。,"<p>When you play me, choose a player. They discard 1.</p>",3,0,2,普通,UNL,班德尔斥候守则第43条：当森林传来勾人的神秘低语，千万别独自前往！说不定你的朋友也想一起去瞧瞧呢！,,false,2026-06-18 15:11:45.821819+00,2026-08-10 07:41:29.350663+00,"[""单位""]",
ca0abe24-8d14-4a8d-b845-043764f1ff98,OGN-087,约德尔教官,Lecturing Yordle,,,"[""blue""]","[""班德尔城""]","[""约德尔人""]","[""壁垒""]","[""触发·进场"",""牌库·抽牌""]",,"{{壁垒}}（我在战斗中首先承担伤害。）
当你打出我时，抽一张牌。","<p>[Tank] (I must be assigned combat damage first.)<br />When you play me, draw 1.</p>",3,0,2,普通,OGN,“······这蘑菇有毒，但我当时根本不知道，所以就······”,,false,2026-06-18 15:11:45.129603+00,2026-08-10 07:41:29.350663+00,"[""单位""]",
ca441e63-4698-496f-b8e3-4755d7b96c91,OGN-153,公开行动,Overt Operation,,,"[""orange""]",[],[],"[""迅捷""]","[""增益·消耗"",""状态·激活"",""增益·给予""]",,"{{迅捷}}（可在你的回合或法术对决中打出。）
你可以选择任意数量拥有增益的友方单位，消耗他们身上的增益，以此让他们变为活跃状态。然后，给予所有友方单位增益。（每名未拥有增益的单位获得一个{{S}}+1增益。）","<p>[Action] (Play on your turn or in showdowns.)<br />For each friendly unit, you may spend its buff to ready it. Then buff all friendly units. (Each one that doesn't have a buff gets a +1 :rb_might: buff.)</p>",5,2,0,稀有,OGN,“我们可以偷偷潜入，从后门溜进去，静悄悄解决一切。或者……”,,false,2026-06-18 15:11:45.129603+00,2026-08-10 07:41:29.350663+00,"[""法术""]",
ca9a9fa4-538d-449a-a621-470e25a12a33,SFD-120,希维尔,Sivir,远大野心,Ambitious,"[""orange""]","[""恕瑞玛""]",[],"[""法盾2""]","[""触发·征服"",""伤害·过量伤害联动"",""伤害·单体"",""伤害·等同战力""]",希维尔,"{{法盾2}}（对手必须支付{{A}}{{A}}才能将我选作法术或技能的目标。）
当我通过进攻征服一处战场时，如果你给敌方单位造成了不低于5点的过量伤害，则你可以选择对一名敌方单位造成等同于该过量伤害的伤害。","<p>[Deflect 2] (Opponents must pay :rb_rune_rainbow::rb_rune_rainbow: to choose me with a spell or Ability.)<br />When I conquer after an attack, if you assigned 5 or more excess damage to enemy units, you may deal that much to an enemy unit.</p>",6,3,7,史诗,SFD,“荣誉，是钝剑上的锈迹。”,,false,2026-06-18 15:11:45.468662+00,2026-08-10 07:41:29.350663+00,"[""英雄单位""]",
cab6c00d-9730-414f-aea7-953fd5947ea0,SFD-026,兰博,Rumble,热力全开,Hotheaded,"[""red""]","[""班德尔城""]","[""约德尔人"",""机械""]","[""强攻""]","[""持续·光环常驻"",""战力·条件加成"",""触发·征服"",""互动·返回手牌"",""牌库·打出"",""费用·条件减费"",""特性·属性联动""]",兰博,"你的“机械”属性单位获得{{强攻}}。（如果它是进攻方，则{{S}}+1。）
当我征服一处战场时，你可以选择回收另一名友方单位，以此从你的废牌堆中打出一名“机械”属性单位，将其所需法力费用减去被回收单位的战力。","<p>Your Mechs each have [Assault]. (+1 :rb_might: while we're attackers.)<br />When I conquer, you may recycle another friendly unit to play a Mech from your trash. Reduce its Energy cost by the Might of the unit you recycled.</p>",4,0,4,稀有,SFD,,,false,2026-06-18 15:11:45.821819+00,2026-08-10 07:41:29.350663+00,"[""英雄单位""]",
cac91f30-3930-471d-8dd7-1195ff661cac,UNL-080,彗,Hwei,焚心绘华,Brooding Painter,"[""blue""]","[""艾欧尼亚""]",[],[],"[""触发·移动"",""牌库·抽牌"",""牌库·弃牌"",""符文·激活"",""战力·增强单体"",""战力·增强本回合""]",彗,"当我移动时，抽一张牌，然后弃置一张手牌。随后，根据被弃置卡牌的类型，执行以下效果：
*法术 — 抽一张牌。
*装备 — 让最多两枚符文变为活跃状态。
*单位 — 让我本回合内{{S}}+3。","<p>When I move, draw 1, then discard 1. Then, do the following based on the discarded card's type:</p><ul><li>Spell — Draw 1.</li><li>Gear — Ready up to 2 runes.</li><li>Unit — Give me +3 :rb_might: this turn.</li></ul>",5,1,5,稀有,UNL,,,false,2026-06-18 15:11:45.821819+00,2026-08-10 07:41:29.350663+00,"[""英雄单位""]",
cb335e51-fda0-427a-8cf0-afd567099a8a,SFD-094,凶翼,Direwing,,,"[""orange""]","[""德玛西亚""]","[""龙""]",[],"[""特性·属性联动"",""状态·以活跃进场""]",,如果你控制着其他“龙”属性单位，则我以活跃状态进场。,<p>I enter ready if you control another Dragon.</p>,7,0,7,普通,SFD,在龙的辞典里，“猎物”一词可以囊括万物。,,false,2026-06-18 15:11:45.821819+00,2026-08-10 07:41:29.350663+00,"[""单位""]",
cc0429b1-1e66-4fc7-a1ba-4f27df4aeea7,VEN-079,夺魂钩 妲姆,Dame the Despoiler,,,"[""orange""]","[""诺克萨斯""]",,"[""强化""]","[""强化·强化"",""强化·已强化奖励"",""触发·进攻"",""触发·防守"",""战力·调整"",""战力·增强单体"",""战力·增强本回合""]",,"{{强化5橙色}}（支付{{5}}和{{橙色}}：强化我。仅在未强化时可用。）
{{已强化>}} 当我进攻或防守时，选择此处的一名单位。在本回合内将我的战力提升至与其战力相同，然后给予我在本回合内{{S}}+1。","[Empower] :rb_energy_5::rb_rune_body: (:rb_energy_5::rb_rune_body:: Empower me. Use only if not Empowered.)
[Empowered][&gt;] When I attack or defend, choose a unit here. Increase my Might to its Might this turn, then give me +1 :rb_might: this turn.",5,0,5,不凡,VEN,“我这一招下去，你可能会死。”,,false,2026-07-09 16:49:03.36084+00,2026-08-10 07:41:29.350663+00,"[""单位""]",
cc2f56e9-6d6e-4617-9b2f-145e935d4c8b,VEN-048,云端亚龙,Cloud Drake,,,"[""blue""]","[""德玛西亚""]","[""龙""]",,"[""触发·进场"",""牌库·抽牌""]",,当你打出我时，抽一张牌。,"When you play me, draw 1.",6,0,5,普通,VEN,把问题抛到九霄云外。,,false,2026-07-09 16:49:03.36084+00,2026-08-10 07:41:29.350663+00,"[""单位""]",
cc42e330-c616-4868-aca0-eab93f2c664a,VEN-149,未来守护者,Defender of Tomorrow,,,"[""blue"",""orange""]",,,"[""强化""]","[""强化·强化"",""主动·横置技能"",""主动·支付费用技能"",""状态·激活"",""强化·已强化奖励""]",杰斯,"{{强化2AA}}（支付{{2}}和{{A}}{{A}}：强化我。仅在未强化时可用。）
支付{{1}}，{{横置}}：让一件装备变为活跃状态。 
{{已强化>}} 支付{{1}}，{{横置}}：让两件装备变为活跃状态。","[Empower] :rb_energy_2::rb_rune_rainbow::rb_rune_rainbow: (:rb_energy_2::rb_rune_rainbow::rb_rune_rainbow:: Empower me. Use only if not Empowered.)
:rb_energy_1:, :rb_exhaust:: Ready a gear.
[Empowered][&gt;] :rb_energy_1:, :rb_exhaust:: Ready 2 gear.",0,0,0,稀有,VEN,,,false,2026-07-13 14:11:02.122334+00,2026-08-11 04:32:05.530677+00,"[""传奇""]",1
ccb0a9a0-6874-4ef9-8818-5bbfbb52587e,UNL-R03,灵光符文,,,,"[""blue""]",[],[],[],,,,,0,0,0,普通,UNL,,,false,2026-06-18 15:11:45.821819+00,2026-08-11 04:32:05.530677+00,"[""符文""]",12
cce04cdb-749f-4853-aaf4-e0af888914be,OGN-286,清算人竞技场,Reckoner's Arena,,,"[""colorless""]",[],[],[],"[""触发·据守"",""触发·征服""]",,当你据守此处时，激活此处所有单位的征服效果。,"<p>When you hold here, activate the conquer effects of units here.</p>",0,0,0,不凡,OGN,,,false,2026-06-18 15:11:45.129603+00,2026-08-11 04:32:05.530677+00,"[""战场""]",1
cce5d8d1-5f20-4cac-a6eb-ba8dfa79c262,OGN-243,德莱厄斯,Darius,处刑官,Executioner,"[""yellow""]","[""诺克萨斯""]","[""崔法利""]","[""鼓舞""]","[""触发·进场"",""触发·打出"",""状态·激活"",""持续·光环常驻"",""战力·增强群体""]",德莱厄斯,"{{鼓舞}}—当你打出我时，让我变为活跃状态。（如果你在本回合内已打出过其他卡牌，则发动此效果。）
此处的其他友方单位获得{{S}}+1。","<p>[Legion] — When you play me, ready me. (Get the effect if you've played another card this turn)<br />Other friendly units have +1 :rb_might: here.</p>",6,1,6,史诗,OGN,“他们将后悔与我为敌。”,,false,2026-06-18 15:11:45.129603+00,2026-08-10 07:41:29.350663+00,"[""英雄单位""]",
cd404515-35b3-4600-9d5e-b010ebc86e2f,UNL-100,贪食魔沼蛙,Voracious Gromp,,,"[""orange""]","[""弗雷尔卓德""]",[],"[""狩猎3""]","[""经验·获得"",""触发·征服"",""触发·据守""]",,{{狩猎3}}（当我征服或据守一处战场时，获得3经验。）,"<p>[Hunt 3] (When I conquer or hold, gain 3 XP.)</p>",5,0,5,普通,UNL,“糟了！竟然真的有魔沼蛙！”,,false,2026-06-18 15:11:45.821819+00,2026-08-10 07:41:29.350663+00,"[""单位""]",
cd95d427-c076-4a7e-862b-cb597ed782dd,SFD-136,强买强卖,Hard Bargain,,,"[""purple""]",[],[],"[""反应"",""回响""]","[""反制·无效化法术"",""费用·可选额外""]",,"{{反应}}（可在任意时机打出，甚至先于其他法术和技能的结算。）
{{回响2}}（你可以选择支付此额外费用，以重复此法术效果。）
选择一个法术，除非其控制者选择支付{{2}}，否则无效化该法术。","<p>[Reaction] (Play any time, even before spells and abilities resolve.)<br />[Repeat] :rb_energy_2: (You may pay the additional cost to repeat this spell's effect.)<br />Counter a spell unless its controller pays :rb_energy_2:.</p>",2,0,0,不凡,SFD,,,false,2026-06-18 15:11:45.468662+00,2026-08-10 07:41:29.350663+00,"[""法术""]",
cdc4c04d-1d8c-4577-94e9-96525bfc95b9,UNL-211,失落书库,Forgotten Library,,,"[""colorless""]",[],[],"[""洞察""]","[""持续·光环常驻"",""触发·打出"",""牌库·查看"",""牌库·放回""]",,若此战场受你控制，当你打出一张法术牌时，如果消耗了不低于{{4}}法力，则进行{{洞察}}。（查看你主牌堆顶部的一张牌。你可以选择将其回收。）,"<p>While you control this battlefield, when you play a spell, if you spent :rb_energy_4: or more, [Predict]. (Look at the top card of your Main Deck. You may recycle it.)</p>",0,0,0,不凡,UNL,,,false,2026-06-18 15:11:45.821819+00,2026-08-11 04:32:05.530677+00,"[""战场""]",1
cde454c0-c491-47af-8661-28c6b13997a6,UNL-154,猩红飞鸽,Crimson Pigeons,,,"[""yellow""]","[""诺克萨斯""]","[""鸟类""]",[],"[""触发·进攻"",""战力·条件加成""]",,如果我和另一名单位一起进攻一处战场，则我获得{{S}}+2。,<p>I have +2 :rb_might: while I'm attacking with another unit.</p>,3,0,3,普通,UNL,某种程度上说，确实是在“传递信息”。,,false,2026-06-18 15:11:45.821819+00,2026-08-10 07:41:29.350663+00,"[""单位""]",
cdec65b3-1213-4c17-8653-933ee9eb36fe,VEN-021,阿卡丽,Akali,游离之刃,Deadly Weapon,"[""red""]","[""艾欧尼亚""]",,"[""强化""]","[""强化·强化"",""触发·移动"",""伤害·单体"",""强化·已强化奖励"",""战力·增强单体"",""战力·永久成长""]",阿卡丽,"{{强化2红色}}（支付{{2}}和{{红色}}：强化我。仅在未强化时可用。）
当我移动时，你可以选择对我移动起点或终点的战场上的一名单位造成1点伤害。如果我{{已强化}}，则改为造成2点伤害。
{{已强化>}} 我获得{{S}}+1。","[Empower] :rb_energy_2::rb_rune_fury: (:rb_energy_2::rb_rune_fury:: Empower me. Use only if not Empowered.)
When I move, you may deal 1 to a unit at a battlefield I moved to or from. If I'm [Empowered], deal 2 instead.
[Empowered][&gt;] I have +1 :rb_might:.",3,0,3,史诗,VEN,,,false,2026-07-09 16:49:03.36084+00,2026-08-10 07:41:29.350663+00,"[""英雄单位""]",
ce0d1008-6c4a-4357-a5ae-99d467a4c594,VEN-R02,翠意符文,Calm Rune,,,"[""green""]",,,,,,,[NO TEXT],0,0,0,普通,VEN,,,false,2026-07-09 16:49:03.36084+00,2026-08-11 04:32:05.530677+00,"[""符文""]",12
ce57d069-d701-4bf9-801b-214027778461,UNL-053,迅捷蟹,Scuttle Crab,,,"[""green""]","[""比尔吉沃特""]",[],"[""绝念""]","[""触发·进场"",""牌库·抽牌"",""触发·摧毁"",""干扰·展示手牌"",""经验·获得""]",,"（0{{S}}的单位可以进行征服和据守。）
当你打出我时，抽一张牌。
{{绝念>}} 选择一名对手。让其展示手牌。本回合内，你可以查看该对手正面朝下的卡牌。获得1经验。（当我被摧毁后，发动此效果。）","<p>(Units with 0 :rb_might: can conquer and hold.)<br />When you play me, draw 1.<br />[Deathknell][>] Choose an opponent. They reveal their hand. You can look at their facedown cards this turn. Gain 1 XP. (When I die, get the effects.)</p>",2,0,0,稀有,UNL,谁是第一个吃迅捷蟹的人？,,false,2026-06-18 15:11:46.036748+00,2026-08-10 07:41:29.350663+00,"[""单位""]",
ce6dea01-e61b-4c7d-85bb-440c20d9f5fa,UNL-030,蔚,Vi,火爆铁拳,Hotheaded,"[""red""]","[""祖安""]",[],"[""法盾""]","[""主动·支付费用技能"",""战力·调整"",""战力·增强本回合""]",蔚,"{{法盾}}（对手必须支付{{A}}才能将我选作法术或技能的目标。）
支付{{2}}和{{红色}}：让我本回合内战力翻倍。",<p>[Deflect] (Opponents must pay :rb_rune_rainbow: to choose me with a spell or ability.)<br />:rb_energy_2::rb_rune_fury:: Double my Might this turn.</p>,4,0,3,史诗,UNL,“计划？我可不需要计划。”,,false,2026-06-18 15:11:45.821819+00,2026-08-10 07:41:29.350663+00,"[""英雄单位""]",
ce9351c1-de22-44b0-8f57-b46a53763d2e,SFD-R04,摧破符文,,,,"[""orange""]",[],[],[],,,,,0,0,0,普通,SFD,,,false,2026-06-18 15:11:45.821819+00,2026-08-11 04:32:05.530677+00,"[""符文""]",12
cfa22f77-9b74-40bf-8958-aa53639f6bbc,UNL-015,占山为王,Right of Conquest,,,"[""red""]",[],[],[],"[""牌库·抽牌""]",,抽一张牌，然后你和盟友每控制一处战场，你便抽一张牌。,"<p>Draw 1, then draw 1 for each battlefield you or allies control.</p>",3,1,0,不凡,UNL,强者通吃，就是这世间不变的道理。,,false,2026-06-18 15:11:46.036748+00,2026-08-10 07:41:29.350663+00,"[""法术""]",
cfa732db-0f0d-4d88-a24f-00671e2b3106,SFD-078,预时之门,Temporal Portal,,,"[""blue""]",[],[],"[""回响""]","[""主动·横置技能"",""主动·支付费用技能"",""费用·可选额外""]",,支付{{A}}，{{横置}}：让你本回合打出的下一个法术获得等同于其费用的{{回响}}。（你可以选择支付此额外费用，以重复此法术效果。）,"<p>:rb_rune_rainbow:, :rb_exhaust:: Give the next spell you play this turn [Repeat] equal to its cost. (You may pay the additional cost to repeat the spell's effect.)</p>",3,0,0,不凡,SFD,唯有熟谙历史之人，才能让历史重演。,,false,2026-06-18 15:11:45.468662+00,2026-08-10 07:41:29.350663+00,"[""装备""]",
d09aa8d2-ebd5-48dd-87a2-652506c2063c,OGN-088,超能机甲,Mega-Mech,,,"[""blue""]","[""班德尔城""]","[""机械""]",[],,,,,7,0,8,普通,OGN,"机甲战斗只有两条规则。
一：不许作弊。
二：作弊时别被抓到。",,false,2026-06-18 15:11:45.129603+00,2026-07-16 07:29:52.575498+00,"[""单位""]",
d0cd846b-fea7-49fd-8630-87a2ce7ca3cf,OGN-163,力量之印,Seal of Strength,,,"[""orange""]",[],[],"[""反应"",""获得""]","[""主动·横置技能"",""资源·获得费用""]",,{{横置}}：{{反应}}—{{获得}}{{橙色}}，用以支付符能费用。（获得费用资源的技能无法成为其他法术的反应目标。）,<p>:rb_exhaust:: [Reaction] — [Add] :rb_rune_body:. (Abilities that add resources can't be reacted to.)</p>,0,1,0,史诗,OGN,,,false,2026-06-18 15:11:45.129603+00,2026-08-10 07:41:29.350663+00,"[""装备""]",
d0ee78b5-3c80-4ebb-a4c6-728f976a4d75,OGN-227,烈阳徽记,Symbol of the Solari,,,"[""yellow""]",[],[],[],"[""触发·战斗"",""互动·召回基地""]",,当你作为进攻方时，如果战斗以平局告终，则召回双方所有单位。（把该单位送回基地，此行动不算作移动。平局将在造成战斗伤害后结算。）,"<p>If a combat where you are the attacker ends in a tie, recall ALL units instead. (Send them to base. This isn't a move. Ties are calculated after combat damage is dealt.)</p>",1,0,0,不凡,OGN,"“下次记得留下一些被打败的凹痕，以做纪念。”
——蕾欧娜",,false,2026-06-18 15:11:45.468662+00,2026-08-10 07:41:29.350663+00,"[""装备""]",
d0f80450-b516-4545-b603-d6447f31bf85,OGN-081,专注之印,Seal of Focus,,,"[""green""]",[],[],"[""反应"",""获得""]","[""主动·横置技能"",""资源·获得费用""]",,{{横置}}：{{反应}}—{{获得}}{{绿色}}，用以支付符能费用。（获得费用资源的技能无法成为其他法术的反应目标。）,<p>:rb_exhaust:: [Reaction] — [Add] :rb_rune_calm:. (Abilities that add resources can't be reacted to.)</p>,0,1,0,史诗,OGN,,,false,2026-06-18 15:11:45.129603+00,2026-08-10 07:41:29.350663+00,"[""装备""]",
d127f913-9469-43d2-a4d8-e97fe9447af1,UNL-043,热情的播报员,Enthusiastic Promoter,,,"[""green""]","[""班德尔城""]","[""约德尔人""]","[""增益""]","[""触发·据守"",""增益·给予""]",,"{{后排}}（我在战斗中最后承担伤害。）
当我据守一处战场时，给予此处的所有单位{{增益}}。（未拥有增益的单位获得一个{{S}}+1增益。）","<p>[Backline] (I must be assigned combat damage last.)<br />When I hold, [Buff] all units here. (Give each a +1 :rb_might: buff if it doesn't have one.)</p>",3,0,2,不凡,UNL,“走过路过，不要错过！机械公敌对战摧城重锤！好戏就要开场啦！”,,false,2026-06-18 15:11:45.821819+00,2026-08-10 07:41:29.350663+00,"[""单位""]",
d19826ff-a4f7-4469-a8bc-eed31917858a,SFD-028,卢锡安,Lucian,孤绝枪火,Gunslinger,"[""red""]","[""德玛西亚""]","[""哨兵""]","[""强攻""]","[""触发·进攻"",""伤害·单体"",""伤害·等同战力""]",卢锡安,"{{强攻}}（如果我是进攻方，则{{S}}+1。）
当我进攻时，对此处的一名敌方单位造成等同于我{{强攻}}数值的伤害。","<p>[Assault] (+1 :rb_might: while I'm an attacker.)<br />When I attack, deal damage equal to my [Assault] to an enemy unit here.</p>",3,0,2,史诗,SFD,“人终有一死，而有些人则需要一点小小的帮助。”,,false,2026-06-18 15:11:45.468662+00,2026-08-10 07:41:29.350663+00,"[""英雄单位""]",
d23fb238-8062-4a74-896f-30eff2826387,UNL-029,绯红印记树怪,Red Brambleback,,,"[""red""]","[""艾欧尼亚""]",[],"[""急速"",""增益""]","[""触发·征服"",""增益·给予""]",,"{{急速}}（你可以选择额外支付{{1}}和{{红色}}，让我以活跃状态进场。）
你征服此处时的征服效果额外触发一次。
当我征服一处战场时，给予一名友方单位{{增益}}。（如果其未拥有增益，则获得一个{{S}}+1增益。）","<p>[Accelerate] (You may pay :rb_energy_1::rb_rune_fury: as an additional cost to have me enter ready.)<br />Your conquer effects for conquering here trigger an additional time.<br />When I conquer, [Buff] a friendly unit. (Give it a +1 :rb_might: buff if it doesn't have one.)</p>",4,1,4,史诗,UNL,,,false,2026-06-18 15:11:46.036748+00,2026-08-10 07:41:29.350663+00,"[""单位""]",
d2ab091d-d6be-4fc3-aaea-8404cb925552,OGN-115,光明未来,Promising Future,,,"[""blue""]",[],[],[],"[""牌库·查看"",""牌库·放逐"",""牌库·放回"",""费用·免费打出""]",,每名玩家查看其主牌堆顶部的五张牌，放逐其中一张，然后回收其余的卡牌。从下一名玩家开始，每名玩家打出这些被放逐的卡牌，无视其法力费用。（仍需支付所有符能费用。）,"<p>Each player looks at the top 5 cards of their Main Deck, banishes one of them, then recycles the rest. Starting with the next player, each player plays those cards, ignoring Energy costs. (They must still pay Power costs.)</p>",5,1,0,稀有,OGN,,,false,2026-06-18 15:11:45.129603+00,2026-08-10 07:41:29.350663+00,"[""法术""]",
d2b44c2e-cb3a-4885-b45f-79356d12706d,SFD-082,伊泽瑞尔,Ezreal,翩然俊朗,Dashing,"[""blue""]","[""皮尔特沃夫""]",[],"[""迅捷""]","[""触发·进攻"",""触发·防守"",""伤害·单体"",""伤害·等同战力"",""限制·行动禁止"",""主动·支付费用技能"",""移动·单位"",""互动·召回基地""]",伊泽瑞尔,"当我进攻或防守时，对此处的一名敌方单位造成等同于我战力的伤害。
我无法造成战斗伤害。
支付{{蓝色}}：{{迅捷}} — 将我移动到你的基地。","<p>When I attack or defend, deal damage equal to my Might to an enemy unit here.<br />I don't deal combat damage.<br />:rb_rune_mind:: [Action] — Move me to your base.</p>",4,1,3,稀有,SFD,“是时候展现真正的技术了。”,,false,2026-06-18 15:11:45.468662+00,2026-08-10 07:41:29.350663+00,"[""英雄单位""]",
d2f7612f-26a4-4a24-9093-47b0eaf935ea,OGN-036,蔚,Vi,铲除者,Destructive,"[""red""]","[""皮尔特沃夫""]",[],"[""游走""]","[""移动·单位"",""牌库·回收"",""战力·增强单体"",""战力·增强本回合"",""主动·支付费用技能"",""主动·可重复""]",蔚,"{{游走}} （我可以向其他战场进行移动。）
从你的废牌堆回收一张卡牌:让我本回合内{{S}}+1
(可重复执行)。",<p>[Ganking] (I can move from battlefield to battlefield.)<br />Recycle 1 from your trash: Give me +1 :rb_might: this turn.</p>,2,1,3,稀有,OGN,“先打一拳，打的时候再把问题问遍！”,,false,2026-06-18 15:11:45.129603+00,2026-08-10 07:41:29.350663+00,"[""英雄单位""]",
d36ae927-eebf-4f34-b29c-f2192a739935,UNL-032,龙虎双雄,Double Trouble,,,"[""green""]",[],[],"[""回响""]","[""牌库·查看"",""牌库·抽牌"",""牌库·放回"",""费用·可选额外""]",,"{{回响}}{{2}}（你可以选择支付此额外费用，以重复此法术效果。）
查看你主牌堆顶部的三张牌。你可以选择从中展示一名单位，并抽取该卡牌。回收其余的卡牌。",<p>[Repeat] :rb_energy_2: (You may pay the additional cost to repeat this spell's effect.)<br />Look at the top 3 cards of your Main Deck. You may reveal a unit from among them and draw it. Recycle the rest.</p>,2,0,0,普通,UNL,两颗脑袋总比一颗赚得多。,,false,2026-06-18 15:11:46.036748+00,2026-08-10 07:41:29.350663+00,"[""法术""]",
d42157bc-326c-4597-9d5f-745ef13d2532,SFD-186,旋转飞斧,Spinning Axe,,,"[""red"",""purple""]",[],"[""武装""]","[""灵便"",""装配"",""瞬息"",""反应""]",[],德莱文,"{{灵便}}（此牌获得{{反应}}。当你打出此牌时，将它贴附到你控制的一名单位上。）
{{装配}}{{A}}（支付{{A}}：将此牌贴附到你控制的一名单位上。）
{{瞬息}}（如果此牌未贴附，则在其控制者的下个回合开始阶段，结算得分之前将其摧毁。）
{{S}}+3","<p>[Quick-Draw] (This has [Reaction]. When you play it, attach it to a unit you control.)<br />[Equip] :rb_rune_rainbow: (:rb_rune_rainbow:: Attach this to a unit you control.)<br />[Temporary] (If this is unattached, kill it at the start of its controller's Beginning Phase, before scoring.)</p>
[S] +3",2,1,0,史诗,SFD,"“斧头在手，只欠猎物。”
——德莱文",,false,2026-06-18 15:11:45.468662+00,2026-08-10 07:41:29.350663+00,"[""专属装备""]",
d51c3a17-ae3e-49fd-ae4f-847119877029,UNL-158,牧人的传家宝,Shepherd's Heirloom,,,"[""yellow""]",[],"[""武装""]","[""装配""]","[""触发·进场"",""经验·获得"",""经验·消耗""]",,"当你打出此牌时，获得1经验。
{{装配}} — 消耗1经验（支付此费用：将此牌贴附到你控制的一名单位上。）
{{S}}+2","<p>When you play this, gain 1 XP.<br />[Equip] — Spend 1 XP (Pay the cost: Attach this to a unit you control.)</p>
[S] +2",2,0,0,普通,UNL,“就连那群笨羊都知道，它确实与众不同。”,,false,2026-06-18 15:11:45.821819+00,2026-08-10 07:41:29.350663+00,"[""装备""]",
d538b757-aac9-41e0-935c-48fc563b3dd2,UNL-022,烬,Jhin,致命艺术,Murderous Artist,"[""red""]","[""艾欧尼亚""]",[],"[""法盾"",""获得"",""游走""]","[""触发·移动"",""资源·获得费用""]",烬,"{{法盾}}（对手必须支付{{A}}才能将我选作法术或技能的目标。）
{{游走}}（我可以向其他战场进行移动。）
当我移动时，{{获得}}{{1}}和{{A}}。（获得费用资源的技能无法成为其他法术的反应目标。）","<p>[Deflect] (Opponents must pay :rb_rune_rainbow: to choose me with a spell or ability.)<br />[Ganking] (I can move from battlefield to battlefield.)<br />When I move, [Add] :rb_energy_1::rb_rune_rainbow:. (Abilities that add resources can't be reacted to.)</p>",4,1,4,稀有,UNL,“此刻，大幕渐启。”,,false,2026-06-18 15:11:45.821819+00,2026-08-10 07:41:29.350663+00,"[""英雄单位""]",
d621b5c9-71db-42f6-b4d8-32f3c09661fa,SFD-105,沙墟啸匪,Ruin Runner,,,"[""orange""]","[""恕瑞玛""]",[],[],"[""持续·光环常驻"",""状态·免疫""]",,敌方法术和技能无法将我选作目标。,<p>I can't be chosen by enemy spells and abilities.</p>,6,0,5,不凡,SFD,“有本事来抓我呀。”,,false,2026-06-18 15:11:45.821819+00,2026-08-10 07:41:29.350663+00,"[""单位""]",
d636a6a8-a414-4c88-b077-a06a4935b0ee,SFD-160,祖安混混,Zaun Punk,,,"[""yellow""]","[""祖安""]",[],[],"[""费用·可选额外"",""摧毁·装备"",""触发·进场""]",,"你可以选择摧毁一件友方装备，作为打出我的额外费用。
当你打出我时，如果你支付了该额外费用，则摧毁一件装备。","<p>You may kill a friendly gear as an additional cost to play me.<br />When you play me, if you paid the additional cost, kill a gear.</p>",3,0,3,普通,SFD,他能砸碎的，可不只有吉他。,,false,2026-06-18 15:11:45.821819+00,2026-08-10 07:41:29.350663+00,"[""单位""]",
d682f72a-486a-47c4-b944-9654a19e7ba0,OGN-137,雷爪氏族熊人,Stormclaw Ursine,,,"[""orange""]","[""弗雷尔卓德""]",[],"[""壁垒""]","[""触发·进场"",""符文·召出""]",,"{{壁垒}}（我在战斗中首先承担伤害。）
当你打出我时，召出一枚休眠的符文。","<p>[Tank] (I must be assigned combat damage first.)<br />When you play me, channel 1 rune exhausted.</p>",7,0,6,普通,OGN,"“熊人替人类开口，蛮荒才会给出回答。”
——沃利贝尔",,false,2026-06-18 15:11:45.129603+00,2026-08-10 07:41:29.350663+00,"[""单位""]",
d6f15942-0171-4789-9130-e53a0e90d854,OGN-188,祖安保镖,Zaunite Bouncer,,,"[""purple""]","[""祖安""]",[],[],"[""触发·进场"",""互动·返回手牌""]",,当你打出我时，让另一名单位从战场上返回其所属的手牌。,"<p>When you play me, return another unit at a battlefield to its owner's hand.</p>",4,2,2,不凡,OGN,要是按他的办法来，那就谁也别想进来了。,,false,2026-06-18 15:11:45.468662+00,2026-08-10 07:41:29.350663+00,"[""单位""]",
d75fec73-25b8-427e-9431-1bfe7ec1a4bd,OGN-167,余火修士,Ember Monk,,,"[""purple""]","[""班德尔城""]",[],[],"[""触发·打出"",""战力·增强单体"",""战力·增强本回合""]",,每当你将一张牌从正面朝下的{{待命}}状态中打出时，让我本回合内{{S}}+2。,"<p>When you play a card from [Hidden], give me +2 :rb_might: this turn.</p>",4,0,4,普通,OGN,火焰越亮，阴影越多。,,false,2026-06-18 15:11:45.468662+00,2026-08-10 07:41:29.350663+00,"[""单位""]",
d765bf6e-02b5-4405-9f3a-f6dce7ac5621,OGN-272,随从（诺克萨斯）,Recruit (NX),,,"[""colorless""]",[],[],[],,随从,,,0,0,1,普通,OGN,“要挣得崔法利的名号，可没那么容易。”,,false,2026-06-18 15:11:45.129603+00,2026-08-08 06:06:37.85854+00,"[""指示物单位""]",
d781e5f0-1676-44e2-b4d5-b6ec64915ab8,SFD-182,危险温度,Danger Zone,,,"[""red"",""blue""]",[],[],"[""反应"",""回响""]","[""战力·增强群体"",""战力·增强本回合"",""特性·属性联动"",""费用·可选额外""]",兰博,"{{反应}}（可在任意时机打出，甚至先于其他法术和技能的结算。）
{{回响}}{{1}}{{A}}（你可以选择支付此额外费用，以重复此法术效果。）
你的“机械”属性单位本回合内{{S}}+1。","<p>[Reaction] (Play any time, even before spells and abilities resolve.)<br />[Repeat] :rb_energy_1::rb_rune_rainbow: (You may pay the additional cost to repeat this spell's effect.)<br />Give your Mechs +1 :rb_might: this turn.</p>",1,1,0,史诗,SFD,,,false,2026-06-18 15:11:45.468662+00,2026-08-10 07:41:29.350663+00,"[""专属法术""]",
d78f2e57-57b7-48d5-ba2f-1286b3bb9a82,SFD-200,奥术跃迁,Arcane Shift,,,"[""blue"",""purple""]",[],[],"[""迅捷""]","[""牌库·放逐"",""费用·免费打出"",""伤害·单体""]",伊泽瑞尔,"{{迅捷}}（可在你的回合或法术对决中打出。）
放逐一名友方单位，然后让其拥有者将其打出，无视其费用。对战场上的一名敌方单位造成3点伤害。放逐此牌。","<p>[Action] (Play on your turn or in showdowns.)<br />Banish a friendly unit, then its owner plays it, ignoring its cost. Deal 3 to an enemy unit at a battlefield. Banish this.</p>",3,1,0,史诗,SFD,"“哈！我闭着眼睛也能射中。”
——伊泽瑞尔",,false,2026-06-18 15:11:45.468662+00,2026-08-10 07:41:29.350663+00,"[""专属法术""]",
d7a11240-c764-4d90-b65f-5ea26b75cb8d,OGN-063,奥义！魂佑,Spirit's Refuge,,,"[""green""]",[],[],"[""法盾""]","[""触发·进场"",""增益·给予"",""持续·光环常驻""]",,"当你打出此牌时，给予一名友方单位增益。（如果该单位未拥有增益，则获得一个{{S}}+1增益。）
所有拥有增益的友方单位如未拥有{{法盾}}，则额外获得{{法盾}}。（对手必须支付{{A}}才能将其选作法术或技能的目标。）","<p>When you play this, buff a friendly unit. (If it doesn't have a buff, it gets a +1 :rb_might: buff.)<br />Friendly buffed units have [Deflect] if they didn't already. (Opponents must pay :rb_rune_rainbow: to choose those units with a spell or ability.)</p>",2,1,0,不凡,OGN,,,false,2026-06-18 15:11:45.129603+00,2026-08-10 07:41:29.350663+00,"[""装备""]",
d7adf672-ed48-4909-8a45-c61b1f50f9a9,UNL-098,巨神峰先知,Targonian Visionary,,,"[""orange""]","[""巨神峰""]",[],"[""等级11""]","[""经验·等级奖励"",""战力·增强单体"",""战力·永久成长""]",,{{等级11>}} 我获得{{S}}+4。（如果你拥有不少于11经验，则获得该效果。）,"<p>[Level 11][>] I have +4 :rb_might:. (While you have 11+ XP, get the effect.)</p>",6,0,6,普通,UNL,她见过这世间的辉煌，也会再次目睹它的覆灭。,,false,2026-06-18 15:11:46.036748+00,2026-08-10 07:41:29.350663+00,"[""单位""]",
d85a94fd-d10a-4366-a448-1997696feab3,VEN-160,神秘星旋,Mystic Vortex,,,"[""colorless""]",,,"[""反应""]","[""持续·光环常驻"",""费用·加费""]",,在此处的法术对决中，拥有{{反应}}的卡牌费用增加{{A}}才能打出。（处于待命状态的卡牌具有{{反应}}。）,"During showdowns here, cards with [Reaction] cost :rb_rune_rainbow: more to play. (Hidden cards have [Reaction].)",0,0,0,不凡,VEN,,,false,2026-07-14 11:54:00.306963+00,2026-08-11 04:32:05.530677+00,"[""战场""]",1
d8827334-0f7c-49cc-9d57-0984973d8e4c,SFD-133,轻灵之靴,Boots of Swiftness,,,"[""purple""]",[],"[""武装""]","[""装配"",""游走""]","[""移动·单位""]",,"{{装配紫色}}（支付{{紫色}}：将此牌贴附到你控制的一名单位上。）
{{游走}}（我可以向其他战场进行移动。）{{S}}+2","<p>[Equip] :rb_rune_chaos: (:rb_rune_chaos:: Attach this to a unit you control.)</p>
<p>[Ganking] (I can move from battlefield to battlefield.)</p>
[S] +2",3,0,0,不凡,SFD,,,false,2026-06-18 15:11:45.468662+00,2026-08-10 07:41:29.350663+00,"[""装备""]",
d89df717-790b-4c15-b5d0-e3a3654d9067,VEN-091,腐化巨龙,Corrupted Dragon,,,"[""orange""]","[""暗影岛""]","[""龙""]",,"[""状态·以活跃进场"",""触发·进攻"",""移动·敌方"",""互动·召回基地""]",,"如果你的得分距离胜利得分超过3分，则我以活跃状态进场。
当我进攻时，你可以选择将此处任意数量的战力不高于5{{S}}的敌方单位移动到其基地。","If your score is not within 3 points of the Victory Score, I enter ready.
When I attack, you may move any number of enemy units here each with 5 :rb_might: or less to their base.",10,2,10,史诗,VEN,生前越受尊崇，堕落后越是积重难返。,,false,2026-07-10 11:00:46.719761+00,2026-08-10 07:41:29.350663+00,"[""单位""]",
d8ab2da6-dd32-41a3-9c3b-5e9be6b87143,OGN-229,复仇,Vengeance,,,"[""yellow""]",[],[],[],"[""摧毁·单位""]",,"摧毁一名单位。
",<p>Kill a unit.</p>,4,2,0,不凡,OGN,在锥心刺骨的一瞬过后，便是……平静。,,false,2026-06-18 15:11:45.468662+00,2026-08-10 07:41:29.350663+00,"[""法术""]",
d8c144f1-c366-46bc-b496-b20d97bf5b64,SFD-125,大力仙灵,Fae Porter,,,"[""purple""]","[""艾欧尼亚""]","[""仙灵""]",[],"[""触发·移动"",""费用·可选额外"",""移动·单位""]",,当我移动到一处战场时，你可以选择支付{{紫色}}，将你控制的另一名单位移动到相同的战场。,"<p>When I move to a battlefield, you may pay :rb_rune_chaos: to move a unit you control to the same battlefield.</p>",4,0,4,普通,SFD,这么软的软着陆，真是没想到。,,false,2026-06-18 15:11:45.821819+00,2026-08-10 07:41:29.350663+00,"[""单位""]",
d92ae965-f218-4e60-9ace-143975edb0d9,UNL-099,魁梧斗士,Towering Combatant,,,"[""orange""]","[""恕瑞玛""]",[],"[""坚守2"",""壁垒""]",[],,"{{坚守2}}（如果我是防守方，则{{S}}+2。）
{{壁垒}}（我在战斗中首先承担伤害.）",<p>[Shield 2] (+2 :rb_might: while I'm a defender.)<br />[Tank] (I must be assigned combat damage first.)</p>,4,0,3,普通,UNL,“你的计划就这样而已吗，朋友？”,,false,2026-06-18 15:11:45.821819+00,2026-08-10 07:41:29.350663+00,"[""单位""]",
d96c84e2-55bf-4f28-9ae6-3b865a5e81c0,VEN-129,神圣守护者,Sacred Protector,,,"[""yellow""]","[""艾欧尼亚""]","[""仙灵""]",,"[""持续·光环常驻"",""限制·行动禁止""]",,除非我所在的战场上受你控制的其他单位有且仅有一个，否则我无法造成战斗伤害。,I don't deal combat damage unless I'm at a battlefield with exactly one other unit you control.,4,1,6,不凡,VEN,它的目标只有一个：坚守自己的任务。,,false,2026-07-13 14:11:02.122334+00,2026-08-10 07:41:29.350663+00,"[""单位""]",
da3e2734-b353-42ef-9968-6473361f33a4,VEN-066,时空裂隙,Temporal Breach,,,"[""blue""]",,,"[""待命""]","[""牌库·放逐"",""费用·免费打出""]",,"{{待命}}（支付{{A}}正面朝下放置此牌，之后可支付{{0}}将其当作反应牌打出。）
放逐一名单位，然后让其拥有者将其打出到同一位置，无视其费用。","[Hidden] (Hide now for :rb_rune_rainbow: to react with later for :rb_energy_0:.)
Banish a unit, then its owner plays it to the same location, ignoring its cost.",2,1,0,稀有,VEN,大事当前，总要挤出些时间的。,,false,2026-07-13 14:11:02.122334+00,2026-08-10 07:41:29.350663+00,"[""法术""]",
da7afe03-8089-4229-924a-f1ac98ea78a2,SFD-031,点沙成兵,Desert's Call,,,"[""green""]",[],[],"[""回响""]","[""衍生·单位"",""费用·可选额外""]",,"{{回响2}}（你可以选择支付此额外费用，以重复此法术效果。）
打出一名2{{S}}的“黄沙士兵”。",<p>[Repeat] :rb_energy_2: (You may pay the additional cost to repeat this spell's effect.)<br />Play a 2 :rb_might: Sand Soldier unit token.</p>,2,0,0,普通,SFD,大赛沙漠下埋藏着许多秘密，以及同样多的长矛。,,false,2026-06-18 15:11:45.821819+00,2026-08-10 07:41:29.350663+00,"[""法术""]",
dab4f335-8d97-4379-8bdd-6a40d6ac891f,OGN-144,以战养战,Spoils of War,,,"[""orange""]",[],[],"[""反应""]","[""费用·条件减费"",""牌库·抽牌""]",,"{{反应}}（可在任意时机打出，甚至先于其他法术和技能的结算。）
如果本回合内有一名敌方单位被摧毁，则此牌的费用减少{{2}}。
抽两张牌。","<p>[Reaction] (Play any time, even before spells and abilities resolve.)<br />If an enemy unit has died this turn, this costs :rb_energy_2: less.<br />Draw 2.</p>",4,1,0,不凡,OGN,物尽其用。,,false,2026-06-18 15:11:45.468662+00,2026-08-10 07:41:29.350663+00,"[""法术""]",
db05a377-10ae-4efa-b7e5-f5e0b56cceed,VEN-034,回音击,Resonating Strike,,,"[""green""]",,,"[""待命"",""反应""]","[""移动·单位"",""战力·增强单体"",""战力·增强本回合""]",,"{{待命}}（支付{{A}}正面朝下放置此牌，之后可支付{{0}}将其当作反应牌打出。）
{{反应}}（可在任意时机打出，甚至先于其他法术和技能的结算。）
选择一处受你控制的战场，和一名位于其他位置且受你控制的单位。将该单位移动到该战场，并给予其在本回合内{{S}}+2。","[Hidden] (Hide now for :rb_rune_rainbow: to react with later for :rb_energy_0:.)
[Reaction] (Play any time, even before spells and abilities resolve.)
Choose a battlefield you control and a unit you control at a different location. Move that unit to that battlefield and give it +2 :rb_might: this turn.",2,1,0,不凡,VEN,,,false,2026-07-14 11:54:00.306963+00,2026-08-10 07:41:29.350663+00,"[""法术""]",
db2e47a8-d2cc-47ff-bf27-0bbee6ccfc0c,VEN-138,慎,Shen,均衡领袖,Leader of the Kinkou Order,"[""yellow""]","[""艾欧尼亚""]",,"[""坚守""]","[""触发·据守""]",慎,"{{坚守}}（如果我是防守方，则{{S}}+1。）
当我据守一处战场时，如果此处受你控制的其他单位有且仅有一个，则你获得1分。","[Shield] (+1 :rb_might: while I'm a defender.)
When I hold, if there is exactly one other unit you control here, you score 1 point.",6,2,7,史诗,VEN,“没得商量。”,,false,2026-07-10 11:00:46.719761+00,2026-08-10 07:41:29.350663+00,"[""英雄单位""]",
db453a39-ba4a-4f94-afa6-57f3f01c0b0b,OGN-194,魔腾,Nocturne,惊魂夜,Horrifying,"[""purple""]",[],[],"[""游走""]","[""牌库·查看"",""牌库·放逐"",""费用·可选额外"",""牌库·打出""]",魔腾,"{{游走}}（我可以向其他战场进行移动。）

你查看或展示主牌堆顶部的卡牌并看到我时，可以选择将我放逐。如选择放逐，则你可以选择支付{{A}}将我打出。","<p>[Ganking] (I can move from battlefield to battlefield.)<br />As you look at or reveal me from the top of your deck, you may banish me. If you do, you may play me for :rb_rune_rainbow:.</p>",4,1,4,稀有,OGN,,,false,2026-06-18 15:11:45.129603+00,2026-08-10 07:41:29.350663+00,"[""英雄单位""]",
dbac8d8b-a1e5-4ba0-876c-1825d99a2131,VEN-080,诺克萨斯爆破手,Noxian Demolitionist,,,"[""orange""]","[""诺克萨斯""]",,,"[""触发·征服"",""摧毁·装备""]",,当我征服一处战场时，你可以选择摧毁一件法力费用不高于我的战力的装备。,"When I conquer, you may kill a gear with Energy cost no more than my Might.",2,0,1,不凡,VEN,那声炸响、那股扑面而来的热浪和突破极限的快感，才是她生命的追求。,,false,2026-07-13 14:11:02.122334+00,2026-08-10 07:41:29.350663+00,"[""单位""]",
dbc78ff5-96ae-4982-a62c-04c9a4fcd844,OGS-002,烈火风暴,Firestorm,,,"[""red""]",[],[],[],"[""伤害·群体""]",,对一处战场的所有敌方单位各造成3点伤害。,<p>Deal 3 to all enemy units at a battlefield.</p>,6,1,0,不凡,OGS,"“小妞妞，放火球！“
——安妮",,false,2026-06-18 15:11:45.129603+00,2026-08-10 07:41:29.350663+00,"[""法术""]",
dc0479be-addf-4e30-ba15-b9afe6028acc,UNL-107,对峙,Stare Down,,,"[""orange""]",[],[],[],"[""移动·敌方"",""互动·召回基地"",""经验·获得""]",,选择一名友方单位和一处战场。将该战场上所有战力低于所选单位的敌方单位移动到其基地。获得1经验。,<p>Choose a friendly unit and a battlefield. Move all enemy units at that battlefield with less Might than the chosen unit to their base. Gain 1 XP.</p>,2,0,0,不凡,UNL,不战而屈人之兵。,,false,2026-06-18 15:11:46.036748+00,2026-08-10 07:41:29.350663+00,"[""法术""]",
dc11993f-c0a9-40bc-944e-88a6922e69cb,OGN-175,船坞潜伏者,Shipyard Skulker,,,"[""purple""]","[""比尔吉沃特""]","[""海盗""]",[],,,,,3,0,3,普通,OGN,她说自己是“码头海盗”时，笑的人很多，活下来的却没几个。,,false,2026-06-18 15:11:45.468662+00,2026-07-16 07:29:52.575498+00,"[""单位""]",
dc91f8b5-4d3d-476a-aa1f-400259f252c1,SFD-176,赵信,Xin Zhao,千夫所向,Vigilant,"[""yellow""]","[""德玛西亚""]",[],"[""壁垒""]","[""状态·以活跃进场""]",赵信,"{{壁垒}}（我在战斗中首先承担伤害。）
如果你的基地中有不少于两名其他单位，则我以活跃状态进场。",<p>[Tank] (I must be assigned combat damage first.)<br />I enter ready if you have two or more other units in your base.</p>,3,1,4,稀有,SFD,“德玛西亚人永不退缩！”,,false,2026-06-18 15:11:45.468662+00,2026-08-10 07:41:29.350663+00,"[""英雄单位""]",
dc9b8009-8477-4acc-92d6-1c3e8b816c81,OGN-282,希拉娜修道院,Monastery of Hirana,,,"[""colorless""]",[],[],[],"[""触发·征服"",""增益·消耗"",""牌库·抽牌""]",,当你征服此处时，你可以选择消耗一个增益，以此抽一张牌。,"<p>When you conquer here, you may spend a buff to draw 1.</p>",0,0,0,不凡,OGN,训练的第一步，就是忘掉你自以为是的观念。,,false,2026-06-18 15:11:45.468662+00,2026-08-11 04:32:05.530677+00,"[""战场""]",1
dcb59d64-f8bb-4f21-90a0-7bad77bb9f32,OGN-195,裂魂者喇煞,Rhasa the Sunderer,,,"[""purple""]","[""暗影岛""]","[""灵体""]",[],"[""费用·条件减费""]",,你的废牌堆中每有一张牌，我的费用便减少{{1}}。,<p>I cost :rb_energy_1: less for each card in your trash.</p>,10,1,6,稀有,OGN,它喜欢死亡的味道，但更喜欢疯狂的滋味。,,false,2026-06-18 15:11:45.468662+00,2026-08-10 07:41:29.350663+00,"[""单位""]",
dcd85a97-bb12-4787-a145-09c6c8a2d9de,UNL-204,持卫的裁决,Keeper's Verdict,,,"[""orange"",""yellow""]",[],[],"[""迅捷""]","[""牌库·放回""]",波比,"{{迅捷}}（可在你的回合或法术对决中打出。）
选择战场上的一名敌方单位。其拥有者将该单位放到其主牌堆的顶部或底部。",<p>[Action] (Play on your turn or in showdowns.)<br />Choose an enemy unit at a battlefield. Its owner places it on the top or bottom of their Main Deck.</p>,2,2,0,史诗,UNL,"“然后别回来了！”
——波比",,false,2026-06-18 15:11:45.821819+00,2026-08-10 07:41:29.350663+00,"[""专属法术""]",
dcdcb86c-41bd-4f40-9513-5d1a9db03f09,UNL-206,鲜血祭坛,Altar of Blood,,,"[""colorless""]",[],[],[],"[""触发·战斗"",""触发·摧毁"",""费用·可选额外"",""保护·免死替身"",""状态·休眠化"",""互动·召回基地""]",,如果此处的一名单位在战斗中被摧毁，其控制者可以选择支付{{A}}{{A}}{{A}}，以此改为移除其所受伤害、将其变为休眠状态、并将其召回。,"<p>If a unit here would die during combat, its controller may pay :rb_rune_rainbow::rb_rune_rainbow::rb_rune_rainbow: to heal it, exhaust it, and recall it instead.</p>",0,0,0,不凡,UNL,,,false,2026-06-18 15:11:46.036748+00,2026-08-11 04:32:05.530677+00,"[""战场""]",1
dd302adc-98d7-42a0-a9ab-17da8b5ea0b6,UNL-119,卡兹克,Kha'Zix,进化猎手,Evolving Hunter,"[""orange""]","[""虚空之地""]",[],"[""狩猎""]","[""经验·获得"",""触发·征服"",""触发·据守"",""触发·进攻"",""经验·消耗"",""伤害·单体"",""伤害·等同战力""]",卡兹克,"{{狩猎}}（当我征服或据守一处战场时，获得1经验。）
当我进攻时，你可以选择消耗3经验，以此对此处的一名敌方单位造成等同于我战力的伤害。","<p>[Hunt] (When I conquer or hold, gain 1 XP.)<br />When I attack, you may spend 3 XP to deal damage equal to my Might to an enemy unit here.</p>",5,1,5,史诗,UNL,“消化，然后进化。”,,false,2026-06-18 15:11:45.821819+00,2026-08-10 07:41:29.350663+00,"[""英雄单位""]",
ddd039e4-5a8a-4831-9489-c1fc4a94b4d3,OGN-141,均衡僧侣,Kinkou Monk,,,"[""orange""]","[""艾欧尼亚""]",[],[],"[""触发·进场"",""增益·给予""]",,当你打出我时，给予最多两名其他友方单位增益。（每名未拥有增益的单位获得一个{{S}}+1增益。）,"<p>When you play me, buff up to two other friendly units. (Each one that doesn't have a buff gets a +1 :rb_might: buff.)</p>",4,1,4,不凡,OGN,大师每次传授的内容都一样，却每次都能温故知新。,,false,2026-06-18 15:11:45.468662+00,2026-08-10 07:41:29.350663+00,"[""单位""]",
ddfff2b8-343c-454a-be15-2c9478a4becd,OGS-005,和风贤者,Zephyr Sage,,,"[""green""]","[""艾欧尼亚""]","[""鸟类""]","[""坚守""]",[],,{{坚守}}（如果我是防守方，则{{S}}+1。）,<p>[Shield] (+1 :rb_might: while I'm a defender.)</p>,6,1,6,不凡,OGS,“真正的大师，永远都怀着一颗学徒的心。”——易,,false,2026-06-18 15:11:45.129603+00,2026-08-10 07:41:29.350663+00,"[""单位""]",
de4f86c4-a99f-445e-82cb-7313e5adc89e,OGN-225,烈阳首领,Solari Chief,,,"[""yellow""]","[""巨神峰""]",[],[],"[""触发·进场"",""状态·眩晕"",""摧毁·单位""]",,当你打出我时，选择一名敌方单位，将其眩晕（使其在本回合内无法造成战斗伤害）。如果它此前已被眩晕，则改为将其摧毁。,"<p>When you play me, choose an enemy unit. If it is stunned, kill it. Otherwise, stun it. (It doesn't deal combat damage this turn.)</p>",5,1,4,不凡,OGN,太阳射出无数光芒，每一道都肩负着驱散黑暗的使命。,,false,2026-06-18 15:11:45.129603+00,2026-08-10 07:41:29.350663+00,"[""单位""]",
de9b5ba5-888d-43d4-838d-c29ac25fa98b,OGN-034,泰达米尔,Tryndamere,凛冽凶蛮,Barbarian,"[""red""]","[""弗雷尔卓德""]",[],[],"[""触发·征服"",""伤害·过量伤害联动""]",泰达米尔,当我通过进攻征服一处战场时，如果你给敌方单位造成过不低于5点的过量伤害，则你获得的分数+1。,"<p>When I conquer after an attack, if you assigned 5 or more excess damage to enemy units, you score 1 point.</p>",7,2,8,稀有,OGN,“你是没有机会赢我的。”,,false,2026-06-18 15:11:45.129603+00,2026-08-10 07:41:29.350663+00,"[""英雄单位""]",
dea25fd9-4211-4f38-9472-60d2d328a6b2,UNL-108,狡猾的蝾螈,Wily Newtfish,,,"[""orange""]","[""比尔吉沃特""]",[],"[""游走""]","[""经验·获得"",""战力·条件加成"",""移动·单位""]",,如果你已在本回合内获得了经验值，则我获得{{S}}+1和{{游走}}。（我可以向其他战场进行移动。）,"<p>If you've gained XP this turn, I have +1 :rb_might: and [Ganking]. (I can move from battlefield to battlefield.)</p>",4,0,4,不凡,UNL,50%是蝾螈，50%是鱼，100%是麻烦。,,false,2026-06-18 15:11:45.821819+00,2026-08-10 07:41:29.350663+00,"[""单位""]",
deaccc93-228e-4b8c-9f71-5e566fbc7672,VEN-083,暴走,Rampage,,,"[""orange""]",,,,"[""费用·可选额外"",""战力·增强单体"",""战力·增强本回合"",""伤害·等同战力""]",,"打出此牌时，你可以选择支付{{橙色}}作为额外费用。
选择一名友方单位和一名敌方单位。如果你支付了该额外费用，则给予该友方单位在本回合内{{S}}+2。这两名单位相互以自身战力给对方造成伤害。","As you play this, you may pay :rb_rune_body: as an additional cost.
Choose a friendly unit and an enemy unit. If you paid the additional cost, give the friendly unit +2 :rb_might: this turn. They deal damage equal to their Mights to each other.",3,0,0,不凡,VEN,,,false,2026-07-13 14:11:02.122334+00,2026-08-10 07:41:29.350663+00,"[""法术""]",
df5d6e13-8976-4d01-99e7-9642400c6a4a,OGN-202,金克丝,Jinx,反抗者,Rebel,"[""purple""]","[""祖安""]",[],[],"[""触发·弃置"",""状态·激活"",""战力·增强单体"",""战力·增强本回合""]",金克丝,每当你弃置任意数量的手牌时，让我变为活跃状态，且本回合内{{S}}+1。,"<p>When you discard one or more cards, ready me and give me +1 :rb_might: this turn.</p>",5,1,5,史诗,OGN,“规则，就是用来打破的！”,,false,2026-06-18 15:11:45.129603+00,2026-08-10 07:41:29.350663+00,"[""英雄单位""]",
df96d71a-b0ce-4989-b10a-78bf3862b171,UNL-106,击退,Repulse,,,"[""orange""]",[],[],"[""反应""]","[""反制·无效化技能"",""反制·无效化法术""]",,"{{反应}}（可在任意时机打出，甚至先于其他法术和技能的结算。）
选择战场上的一名友方单位。无效化一个以该单位为目标且不以其他友方单位为目标的敌方法术或技能。","<p>[Reaction] (Play any time, even before spells and abilities resolve.)<br />Choose a friendly unit at a battlefield. Counter an enemy spell or ability that chooses it and no other friendly unit.</p>",1,1,0,不凡,UNL,,,false,2026-06-18 15:11:45.821819+00,2026-08-10 07:41:29.350663+00,"[""法术""]",
df9d05f1-da93-4290-8b58-15ceb1453fa5,UNL-036,变异猫咪,Mutated Mouser,,,"[""green""]","[""比尔吉沃特""]","[""猫科""]","[""坚守2"",""壁垒""]",[],,"{{坚守2}}（如果我是防守方，则{{S}}+2。）
{{壁垒}}（我在战斗中首先承担伤害。）",<p>[Shield 2] (+2 :rb_might: while I'm a defender.)<br />[Tank] (I must be assigned combat damage first.)</p>,2,0,1,普通,UNL,能自己挠肚子的猫不多，它就是其中之一。,,false,2026-06-18 15:11:45.821819+00,2026-08-10 07:41:29.350663+00,"[""单位""]",
dfb7eff6-6fd7-4874-8ff9-5d8b5e0876a8,OGN-251,暴走萝莉,Loose Cannon,,,"[""red"",""purple""]",[],[],[],"[""触发·回合开始"",""牌库·抽牌""]",金克丝,在你的回合开始阶段，如果你的手牌不足两张，则再抽一张牌。,"<p>At start of your Beginning Phase, draw 1 if you have one or fewer cards in your hand.</p>",0,0,0,稀有,OGN,,,false,2026-06-18 15:11:45.129603+00,2026-08-11 04:32:05.530677+00,"[""传奇""]",1
e0338a36-3f56-4706-97e2-a86fb6eb9a40,SFD-167,无名英雄,Unsung Hero,,,"[""yellow""]","[""德玛西亚""]","[""精锐""]","[""强力"",""绝念""]","[""触发·摧毁"",""牌库·抽牌"",""战力·条件加成""]",,{{绝念}} — 如果我为{{强力}}单位，则抽两张牌。（当我被摧毁后，发动此效果。战力达到5或以上时，即为强力单位。）,"<p>[Deathknell] — If I was [Mighty], draw 2. (When I die, get the effect. I'm Mighty while I have 5+ :rb_might:.)</p>",2,0,2,不凡,SFD,为了崇高的事业，她甘愿付出一切——甚至包括自己的姓名。,,false,2026-06-18 15:11:45.468662+00,2026-08-10 07:41:29.350663+00,"[""单位""]",
e0497ea4-f55c-459c-8c1b-104145a0d3b9,SFD-068,机械迷,Gearhead,,,"[""blue""]","[""祖安""]",[],"[""急速""]","[""持续·光环常驻"",""战力·永久成长""]",,"{{急速}}（你可以选择额外支付{{1}}和{{蓝色}}，让我以活跃状态进场。）
贴附在我身上的每件武装提供双倍基础战力加成。",<p>[Accelerate] (You may pay :rb_energy_1::rb_rune_mind: as an additional cost to have me enter ready.)<br />Each Equipment attached to me gives double its base Might bonus.</p>,5,0,3,普通,SFD,“别人还在憧憬未来，而我已经活在未来。”,,false,2026-06-18 15:11:45.468662+00,2026-08-10 07:41:29.350663+00,"[""单位""]",
e05e52b5-1775-43c3-a296-b888d5f958a9,OGN-012,诺克萨斯新兵,Noxus Hopeful,,,"[""red""]","[""诺克萨斯""]","[""崔法利""]","[""鼓舞""]","[""触发·打出"",""费用·减费""]",,{{鼓舞}}—我的费用减少{{2}}。（如果你在本回合内已打出过其他卡牌，则发动此效果。）,<p>[Legion] — I cost :rb_energy_2: less. (Get the effect if you've played another card this turn.)</p>,4,0,4,普通,OGN,最先冲到敌阵的，立首功！,"First to the front, first to glory.",false,2026-06-18 15:11:45.129603+00,2026-08-10 07:41:29.350663+00,"[""单位""]",
e1070bdb-6ab0-4d86-a7dc-62193c03f6ce,UNL-T02,战鹰,Bird,,,"[""colorless""]",[],"[""鸟类""]","[""法盾""]",[],,{{法盾}}（对手必须支付{{A}}才能将我选作法术或技能的目标。）,<p>[Deflect] (Opponents must pay :rb_rune_rainbow: to choose me with a spell or ability.)</p>,0,0,1,普通,UNL,今日多云，有时有爪子雨。,,false,2026-06-18 15:11:45.821819+00,2026-08-10 07:41:29.350663+00,"[""指示物单位""]",
e15b6fc1-2165-4c97-b162-30794ad41df5,SFD-188,虚空猛冲,Void Rush,,,"[""red"",""yellow""]",[],[],[],"[""牌库·查看"",""牌库·放逐"",""费用·减费"",""牌库·抽牌""]",雷克塞,展示你主牌堆顶部的两张牌。你可以选择放逐其中一张，然后将其打出，其费用减少{{2}}。抽取其中未被放逐的卡牌。,"<p>Reveal the top 2 cards of your Main Deck. You may banish one, then play it, reducing its cost by :rb_energy_2:. Draw any you didn't banish.</p>",2,1,0,史诗,SFD,,,false,2026-06-18 15:11:45.468662+00,2026-08-10 07:41:29.350663+00,"[""专属法术""]",
e194a5c8-cbf6-4ab2-808d-20f5690335c9,OGN-027,德莱厄斯,Darius,崔法利,Trifarian,"[""red""]","[""诺克萨斯""]","[""崔法利""]",[],"[""触发·打出"",""战力·增强单体"",""战力·增强本回合"",""状态·激活""]",德莱厄斯,每当你在回合中打出第二张牌时，让我本回合内{{S}}+2，并让我变为活跃状态。,"<p>When you play your second card in a turn, give me +2 :rb_might: this turn and ready me.</p>",5,1,5,稀有,OGN,“这无人可挡的武力。”,,false,2026-06-18 15:11:45.129603+00,2026-08-10 07:41:29.350663+00,"[""英雄单位""]",
e1e2f120-a251-4d8d-841a-26c985ceaec6,SFD-003,血性冲刺,Blood Rush,,,"[""red""]",[],[],"[""强攻2"",""回响"",""迅捷""]","[""战力·增强单体"",""战力·增强本回合"",""费用·可选额外""]",,"{{迅捷}}（可在你的回合或法术对决中打出。）
{{回响1}}（你可以选择支付此额外费用，以重复此法术效果。）
让一名单位本回合内获得{{强攻2}}。（如果它是进攻方，则{{S}}+2。）",<p>[Action] (Play on your turn or in showdowns.)<br />[Repeat] :rb_energy_1: (You may pay the additional cost to repeat this spell's effect.)<br />Give a unit [Assault 2] this turn. (+2 :rb_might: while it's an attacker.)</p>,1,0,0,普通,SFD,,,false,2026-06-18 15:11:45.468662+00,2026-08-10 07:41:29.350663+00,"[""法术""]",
e1e9a425-fdd8-4d92-8de0-db51bd1ce61f,VEN-119,律法守护者,Keeper of Law,,,"[""yellow""]","[""恕瑞玛""]",,,"[""费用·条件减费""]",,如果你控制着一处有且仅有两名单位的战场，则我的费用减少{{2}}和{{黄色}}。,I cost :rb_energy_2::rb_rune_order: less if you control a battlefield with exactly two units there.,5,1,5,普通,VEN,保存秩序。守护同一。,,false,2026-07-13 14:11:02.122334+00,2026-08-10 07:41:29.350663+00,"[""单位""]",
e26dcde9-76e3-4739-8eb2-4d2a6d4908b8,OGN-078,李青,Lee Sin,苦修者,Ascetic,"[""green""]","[""艾欧尼亚""]",[],"[""坚守""]","[""主动·横置技能"",""增益·给予"",""持续·光环常驻""]",李青,"{{坚守}}（如果我是防守方，则{{S}}+1。）
{{横置}}：给予我增益。（我获得一个{{S}}+1增益。）
我可以拥有不限数量的增益。",<p>[Shield] (+1 :rb_might: while I'm a defender.)<br />:rb_exhaust:: Buff me. (I get a +1 :rb_might: buff.)<br />I can have any number of buffs.</p>,5,1,5,史诗,OGN,“我们来看看谁的灵魂更强大。”,,false,2026-06-18 15:11:45.129603+00,2026-08-10 07:41:29.350663+00,"[""英雄单位""]",
e2d2c0fe-d446-40e2-a620-ef4d8d66f9cd,SFD-205,无双剑姬,Grand Duelist,,,"[""orange"",""yellow""]",[],[],"[""强力""]","[""状态·休眠化"",""符文·召出""]",菲奥娜,当你的一名单位变为{{强力}}时，你可以选择让我变为休眠状态，以此召出一枚休眠的符文。（战力达到5或以上时，即为强力单位。）,"<p>When one of your units becomes [Mighty], you may exhaust me to channel 1 rune exhausted. (A unit is Mighty while it has 5+ :rb_might:.)</p>",0,0,0,稀有,SFD,,,false,2026-06-18 15:11:45.468662+00,2026-08-11 04:32:05.530677+00,"[""传奇""]",1
e2d9d1e4-8f13-4766-82f4-542687d38721,OGN-048,冥想,Meditation,,,"[""green""]",[],[],"[""反应""]","[""费用·可选额外"",""状态·休眠化"",""牌库·抽牌""]",,"{{反应}}（可在任意时机打出，甚至先于其他法术和技能的结算。）
你可以选择让一名友方单位变为休眠状态作为额外费用。若如此做，则抽两张牌。否则，抽一张牌。","<p>[Reaction] (Play any time, even before spells and abilities resolve.)<br />As an additional cost to play this, you may exhaust a friendly unit. If you do, draw 2. Otherwise, draw 1.</p>",2,0,0,普通,OGN,,,false,2026-06-18 15:11:45.129603+00,2026-08-10 07:41:29.350663+00,"[""法术""]",
e31b67be-52b4-47f5-8c41-279ff363a463,UNL-003,鲛人滋事者,Mischievous Marai,,,"[""red""]","[""比尔吉沃特""]",[],"[""待命""]","[""触发·进场"",""伤害·单体""]",,"{{待命}}（支付{{A}}正面朝下放置此牌，之后可支付{{0}}将其当作反应牌打出。）
当你将我打出到一处战场时，对此处的一名敌方单位造成2点伤害。","<p>[Hidden] (Hide now for :rb_rune_rainbow: to react with later for :rb_energy_0:.)<br />When you play me to a battlefield, deal 2 to an enemy unit here.</p>",2,0,2,普通,UNL,如同大海一般反复无常，倾覆一切。,,false,2026-06-18 15:11:45.821819+00,2026-08-10 07:41:29.350663+00,"[""单位""]",
e3360973-f4e2-4bce-b7c6-a7ce24dc6af6,UNL-140,强制征召,Conscription,,,"[""purple""]",[],[],[],"[""经验·消耗"",""费用·可选额外"",""互动·夺控"",""状态·休眠化"",""互动·召回基地""]",,"你可以选择消耗5经验，作为打出此牌的额外费用。
选择战场上一名不高于3{{S}}的敌方单位。如果你支付了额外费用，则改为战场上的任意一名敌方单位。你获得其控制权、将其变为休眠状态、并将其召回。","<p>You may spend 5 XP as an additional cost to play this.<br />Choose an enemy unit at a battlefield with 3 :rb_might: or less. If you paid the additional cost, choose any enemy unit at a battlefield instead. Take control of it, exhaust it, and recall it.</p>",5,2,0,稀有,UNL,,,false,2026-06-18 15:11:45.821819+00,2026-08-10 07:41:29.350663+00,"[""法术""]",
e34b8784-5203-4b97-acb2-bf2f9f0fd135,SFD-039,皇家随从,Royal Entourage,,,"[""green""]","[""恕瑞玛""]",[],[],"[""触发·进场"",""状态·激活"",""状态·休眠化""]",,当你打出我时，让一名传奇变为活跃或休眠状态。,"<p>When you play me, ready or exhaust a legend.</p>",3,1,4,普通,SFD,远古恕瑞玛帝国的辉煌都城从漫漫黄沙中再度崛起，其不朽帝王也从古老神话中现身、回归王位。抢先站出来拥护他的人，都获得了丰厚的回报。,,false,2026-06-18 15:11:45.468662+00,2026-08-10 07:41:29.350663+00,"[""单位""]",
e3565bb3-7ffa-447d-a215-31937750fd93,OGN-056,自适应机器人,Adaptatron,,,"[""green""]","[""皮尔特沃夫""]","[""机械""]",[],"[""触发·征服"",""摧毁·装备"",""增益·给予""]",,当我征服一处战场时，你可以选择摧毁一件装备。诺如此做，则给予我增益。（如果我未拥有增益，则获得一个{{S}}+1增益。）,"<p>When I conquer, you may kill a gear. If you do, buff me. (If I don't have a buff, I get a +1 :rb_might: buff.)</p>",4,0,3,不凡,OGN,总有适合的零件。,,false,2026-06-18 15:11:45.129603+00,2026-08-10 07:41:29.350663+00,"[""单位""]",
e37cf676-1424-4f29-959b-0a42a111624c,SFD-202,恶意收购,Hostile Takeover,,,"[""blue"",""yellow""]",[],[],"[""待命""]","[""互动·夺控"",""状态·激活"",""触发·回合结束"",""互动·召回基地""]",烈娜塔·戈拉斯克,"{{待命}}（支付{{A}}正面朝下放置此牌，之后可支付{{0}}将其当作反应牌打出。）
获得战场上一名敌方单位的控制权。让其变为活跃状态。（如果该战场上存在其他敌方单位，则开始战斗。否则征服此战场。）
回合结束时，失去该单位的控制权，然后将它召回。（把它送回基地，此行动不算作移动。）","<p>[Hidden] (Hide now for :rb_rune_rainbow: to react with later for :rb_energy_0:.)<br />Take control of an enemy unit at a battlefield. Ready it. (Start a combat if other enemies are there. Otherwise, conquer.)<br />Lose control of that unit and recall it at end of turn. (Send it to base. This isn't a move.)</p>",5,2,0,史诗,SFD,,,false,2026-06-18 15:11:45.468662+00,2026-08-10 07:41:29.350663+00,"[""专属法术""]",
e3e52c8e-dd7b-42f2-81a5-6cd9f07e0f3d,UNL-143,卡兹克,Kha'Zix,恐怖畸变,Mutating Horror,"[""purple""]","[""虚空之地""]",[],"[""反应"",""伏击""]","[""触发·进攻"",""触发·防守"",""战力·条件加成"",""战力·增强本回合"",""经验·获得""]",卡兹克,"{{伏击}}（你可以选择将我作为{{反应}}牌，打出到有己方单位的战场。）
当我进攻或防守时，如果此处有一名落单的敌方单位，则让我本回合内{{S}}+2并获得2经验。","<p>[Ambush] (You may play me as a [Reaction] to a battlefield where you have units.)<br />When I attack or defend, if an enemy unit is alone here, give me +2 :rb_might: this turn and gain 2 XP.</p>",4,1,4,稀有,UNL,“我感觉到了有价值的猎物。”,,false,2026-06-18 15:11:45.821819+00,2026-08-10 07:41:29.350663+00,"[""英雄单位""]",
e455f66d-a80d-49cc-a7f5-1f1372cb2162,SFD-050,阿兹尔,Azir,飞升者,Ascendant,"[""green""]","[""恕瑞玛""]","[""鸟类""]","[""迅捷""]","[""主动·支付费用技能"",""移动·单位"",""移动·换位"",""频率·每回合限一次""]",阿兹尔,支付{{绿色}}：{{迅捷}} — 选择一个受你控制的单位，将我移动到它的位置，再将它移动到我原来的位置。如果该单位已配有武装，则你可以选择将其中一件武装贴附到我身上。每回合仅可使用一次。,"<p>:rb_rune_calm:: [Action] — Choose a unit you control. Move me to its location and it to my original location. If it's equipped, you may attach one of its Equipment to me. Use only once per turn.</p>",6,1,6,稀有,SFD,“挑战恕瑞玛，挑战命运。”,,false,2026-06-18 15:11:45.468662+00,2026-08-10 07:41:29.350663+00,"[""英雄单位""]",
e472e471-9aa0-4d1b-b9b5-c74994fec2c4,OGN-130,神射海盗,Crackshot Corsair,,,"[""orange""]","[""比尔吉沃特""]","[""海盗""]",[],"[""触发·进攻"",""伤害·单体""]",,当我进攻时，对此处的一名敌方单位造成1点伤害。,"<p>When I attack, deal 1 to an enemy unit here.</p>",3,0,3,普通,OGN,“啊嗬，伙计！”,,false,2026-06-18 15:11:45.129603+00,2026-08-10 07:41:29.350663+00,"[""单位""]",
e48185dc-52dc-412f-ab7d-cadd6b09e093,OGN-069,背水一战,Last Stand,,,"[""green""]",[],[],"[""瞬息"",""迅捷""]","[""战力·调整"",""战力·增强本回合""]",,"{{迅捷}}（可在你的回合或法术对决中打出。）
让一名友方单位在本回合内战力翻倍，并让其变为{{瞬息}}。（在你下个回合开始阶段，结算得分之前将其摧毁。）","<p>[Action] (Play on your turn or in showdowns.)<br />Double a friendly unit's Might this turn. Give it [Temporary]. (Kill it at the start of its controller's Beginning Phase, before scoring.)</p>",3,1,0,稀有,OGN,这波不亏。,,false,2026-06-18 15:11:45.129603+00,2026-08-10 07:41:29.350663+00,"[""法术""]",
e490a692-e29a-4b04-a014-9a29048baab6,VEN-125,冰原饿狼,Hungry Wolf,,,"[""yellow""]","[""弗雷尔卓德""]","[""犬形""]",,"[""主动·支付费用技能"",""状态·激活"",""战力·增强单体"",""战力·增强本回合"",""频率·每回合限一次""]",,支付{{黄色}}：让我变为活跃状态，给予我在本回合内{{S}}+1。仅可在你本回合内已选择过敌方单位后使用，且每回合仅限使用一次。,:rb_rune_order:: Ready me and give me +1 :rb_might: this turn. Use only if you've chosen an enemy unit this turn and only once each turn.,4,0,4,不凡,VEN,"“恶狼不讲仁慈。”
——安蓓萨",,false,2026-07-16 11:27:40.706485+00,2026-08-10 07:41:29.350663+00,"[""单位""]",
e51389bc-0b95-438c-b6bc-d96d6307195b,OGN-198,蚀魂夜,The Harrowing,,,"[""purple""]",[],[],[],"[""牌库·打出"",""费用·免费打出""]",,从你的废牌堆中打出一名单位，无视其法力费用（仍需支付所有符能费用）。,"<p>Play a unit from your trash, ignoring its Energy cost. (You must still pay its Power cost.)</p>",6,2,0,稀有,OGN,,,false,2026-06-18 15:11:45.468662+00,2026-08-10 07:41:29.350663+00,"[""法术""]",
e51ea28f-96cb-460f-843c-8e4b71de3f68,UNL-T01,男爵巢穴,Baron Pit,,,"[""colorless""]",[],[],[],"[""持续·光环常驻"",""移动·单位""]",,"（开局时不能使用战场。）
单位可从任意位置移动到此处。",<p>(You can't start the game with a token battlefield.)<br />Units can move here from anywhere.</p>,0,0,0,普通,UNL,,,false,2026-06-18 15:11:45.821819+00,2026-08-10 07:41:29.350663+00,"[""指示物战场""]",
e544ce4c-0b0f-4160-ab77-3d34131cb7cb,VEN-051,迭代式设计,Iterative Design,,,"[""blue""]",,,"[""流转""]","[""衍生·单位"",""牌库·打出"",""费用·可选额外"",""牌库·放逐""]",,"打出一名3{{S}}的“机器人”。
{{流转2蓝色}}（你可以选择支付此牌的流转费用，以此将其从你的废牌堆中打出。然后将其放逐。）","Play a 3 :rb_might: Mech unit token.
[Flow] :rb_energy_2::rb_rune_mind: (You may play this from your trash for its Flow cost. Then banish it.)",4,0,0,普通,VEN,重新发明车轮，未必见得是坏事。,,false,2026-07-16 11:27:40.706485+00,2026-08-10 07:41:29.350663+00,"[""法术""]",
e54f37c0-5f7b-43ba-92bb-183168bec1ea,SFD-187,虚空遁地兽,Void Burrower,,,"[""red"",""yellow""]",[],[],[],"[""触发·征服"",""状态·休眠化"",""牌库·查看"",""费用·免费打出"",""牌库·放回""]",雷克塞,当你征服一处战场时，你可以选择让我变为休眠状态，以此展示你主牌堆顶部的两张牌。你可以选择打出其中一张牌，然后回收其余的卡牌。,"<p>When you conquer, you may exhaust me to reveal the top 2 cards of your Main Deck. You may banish one, then play it. Recycle the rest.</p>",0,0,0,稀有,SFD,,,false,2026-06-18 15:11:45.468662+00,2026-08-11 04:32:05.530677+00,"[""传奇""]",1
e5ad95f2-2b28-403c-b18c-9e4a48490395,OGN-262,天顶之刃,Zenith Blade,,,"[""green"",""yellow""]",[],[],"[""迅捷""]","[""状态·眩晕"",""移动·单位""]",蕾欧娜,"{{迅捷}}（可在你的回合或法术对决中打出。）
眩晕任意战场上的一名敌方单位。你可以选择将一名友方单位移动至该敌方单位的战场上。（被眩晕的单位在本回合内无法造成战斗伤害。）",<p>[Action] (Play on your turn or in showdowns.)<br />Stun an enemy unit at a battlefield. You may move a friendly unit to that enemy unit's battlefield. (A stunned unit doesn't deal combat damage this turn.)</p>,3,2,0,史诗,OGN,,,false,2026-06-18 15:11:45.129603+00,2026-08-10 07:41:29.350663+00,"[""专属法术""]",
e5b0aa37-7f48-4984-9b4a-c786c553c93c,OGN-068,凯特琳,Caitlyn,守望者,Patrolling,"[""green""]","[""皮尔特沃夫""]",[],[],"[""主动·横置技能"",""伤害·单体"",""伤害·等同战力""]",凯特琳,"我在战斗中最后承担伤害。
{{横置}}：对任意战场中的一个敌方单位造成等同于我战力的伤害。我必须位于战场中才能使用此技能。",<p>I must be assigned combat damage last.<br />:rb_exhaust:: Deal damage equal to my Might to a unit at a battlefield. Use this ability only while I'm at a battlefield.</p>,3,1,3,稀有,OGN,“弹无虚发。”,,false,2026-06-18 15:11:45.129603+00,2026-08-10 07:41:29.350663+00,"[""英雄单位""]",
e5bda3ec-0992-426c-b59b-d738d2338ab9,VEN-007,拳拳魄罗,Punching Poro,,,"[""red""]","[""艾欧尼亚""]","[""魄罗""]","[""强化""]","[""强化·强化"",""牌库·弃牌"",""强化·已强化奖励"",""战力·增强单体"",""战力·永久成长""]",,"{{强化}} — 弃置一张手牌（支付此费用：强化我。仅在未强化时可用。）
{{已强化>}} 我获得{{S}}+1。","[Empower] — Discard 1 (Pay the cost: Empower me. Use only if not Empowered.)
[Empowered][&gt;] I have +1 :rb_might:.",2,0,2,普通,VEN,绒毛软，拳头硬。,,false,2026-07-09 16:49:03.36084+00,2026-08-10 07:41:29.350663+00,"[""单位""]",
e615d227-5333-4950-9d9c-a70bbc5525fe,UNL-075,风行狐,Gustwalker,,,"[""blue""]","[""艾欧尼亚""]","[""犬形""]","[""狩猎2"",""等级3"",""游走""]","[""经验·获得"",""触发·征服"",""触发·据守"",""经验·等级奖励"",""战力·增强单体"",""战力·永久成长"",""移动·单位""]",,"{{狩猎2}}（当我征服或据守一处战场时，获得2经验。）
{{等级3>}} 我获得{{S}}+1和{{游走}}。（如果你拥有不少于3经验，则获得该效果。拥有{{游走}}的单位可以向其他战场进行移动。）","<p>[Hunt 2] (When I conquer or hold, gain 2 XP.)<br />[Level 3][>] I have +1 :rb_might: and [Ganking]. (While you have 3+ XP, get the effect. A [Ganking] unit can move from battlefield to battlefield.)</p>",3,1,3,不凡,UNL,真是种另类的宠物。,,false,2026-06-18 15:11:45.821819+00,2026-08-10 07:41:29.350663+00,"[""单位""]",
e62bfc53-0ff8-4963-aeb2-3ab9dcabc496,UNL-023,卡特琳娜,Katarina,暗里藏刀,Reckless,"[""red""]","[""诺克萨斯""]",[],[],"[""状态·激活"",""触发·打出"",""伤害·单体""]",卡特琳娜,"当你正面朝下方式一张卡牌时，让我变为活跃状态。
当你将一张卡牌从正面朝下的状态打出时，对一名敌方单位照成2点伤害。","<p>When you hide a card, ready me.<br />When you play a card from face down, deal 2 to an enemy unit.</p>",5,1,5,稀有,UNL,“与朋友保持亲密，让敌人一直猜疑！”,,false,2026-06-18 15:11:45.821819+00,2026-08-10 07:41:29.350663+00,"[""英雄单位""]",
e65eadbf-2c89-40e5-8e85-f1d840ce4b1b,OGN-236,卡尔萨斯,Karthus,永恒颂葬,Eternal,"[""yellow""]","[""暗影岛""]","[""灵体""]","[""绝念""]","[""触发·摧毁"",""持续·光环常驻""]",卡尔萨斯,你的所有{{绝念}}效果额外触发一次。,<p>Your [Deathknell] effects trigger an additional time.</p>,3,1,3,稀有,OGN,“我们所有人在神界都有一席之地，我们只需要接受它就行了。”,,false,2026-06-18 15:11:45.129603+00,2026-08-10 07:41:29.350663+00,"[""英雄单位""]",
e688916f-4db8-4a74-a099-3e9049f8e6f3,VEN-095,影流弟子,Shadow Order Disciple,,,"[""purple""]","[""艾欧尼亚""]",,"[""燃烧1""]","[""触发·移动"",""费用·可选额外"",""牌库·燃烧"",""战力·增强单体"",""战力·增强本回合""]",,当我移动时，你可以选择{{燃烧1}}，以此给予我在本回合内{{S}}+1。（将你主牌堆顶部的一张牌放入你的废牌堆，即为燃烧1。）,"When I move, you may [Burn 1] to give me +1 :rb_might: this turn. (To Burn 1, put the top card of your Main Deck into your trash.)",2,0,2,普通,VEN,恐怖教育的产物。,,false,2026-07-09 16:49:03.36084+00,2026-08-10 07:41:29.350663+00,"[""单位""]",
e78e8549-0870-4195-90ff-e306f68820ec,VEN-054,可疑之书,Questionable Tome,,,"[""blue""]",,,"[""强化""]","[""强化·强化"",""强化·解除强化"",""主动·横置技能"",""主动·支付费用技能"",""牌库·抽牌""]",,"{{强化}} — {{横置}}（支付此费用：强化我。仅在未强化时可用。）
解除此牌的强化，支付{{1}}，{{横置}}：抽一张牌。","[Empower] —  :rb_exhaust: (Pay the cost: Empower me. Use only if not Empowered.)
Disempower this, :rb_energy_1:, :rb_exhaust:: Draw 1.",3,0,0,普通,VEN,真的……可疑吗？,,false,2026-07-10 11:00:46.719761+00,2026-08-10 07:41:29.350663+00,"[""装备""]",
e7a20c03-c310-4416-92a6-e6c57c977f44,UNL-002,伊焚娜,Inferna,,,"[""red""]","[""比尔吉沃特""]",[],"[""强攻2"",""反应"",""伏击""]",[],,"{{伏击}}（你可以选择将我作为{{反应}}牌，打出到有己方单位的战场。）
{{强攻2}}（如果我是进攻方，则{{S}}+2。）",<p>[Ambush] (You may play me as a [Reaction] to a battlefield where you have units.)<br />[Assault 2] (+2 :rb_might: while I'm an attacker.)</p>,2,0,1,普通,UNL,“我们周围都是水，但你的船还是着火了。真有趣。”,,false,2026-06-18 15:11:45.821819+00,2026-08-10 07:41:29.350663+00,"[""单位""]",
e7b54487-1931-4ac0-9dd0-0f609b010e08,OGN-116,千尾监视者,Thousand-Tailed Watcher,,,"[""blue""]","[""艾欧尼亚""]",[],"[""急速""]","[""触发·进场"",""战力·削弱""]",,"{{急速}}（你可以选择额外支付{{1}}和{{蓝色}}，让我以活跃状态进场。）
当你打出我时，让所有敌方单位本回合内{{S}}-3，不得低于1{{S}}。","<p>[Accelerate] (You may pay :rb_energy_1::rb_rune_mind: as an additional cost to have me enter ready.)<br />When you play me, give enemy units -3 :rb_might: this turn, to a minimum of 1 :rb_might:.</p>",7,1,7,稀有,OGN,把大自然惹火了，你一眼就能知道。,,false,2026-06-18 15:11:45.468662+00,2026-08-10 07:41:29.350663+00,"[""单位""]",
e7bab8e2-a7c0-4121-a97d-99685524fd4d,SFD-193,武器大师,Grandmaster at Arms,,,"[""green"",""orange""]",[],[],[],"[""主动·横置技能"",""主动·支付费用技能""]",贾克斯,"支付{{1}}，{{横置}}：将你控制的一件未贴附的武装贴附到你控制的一名单位上。
{{横置}}：将你控制的一件已贴附的武装贴附到你控制的一名单位上。","<p>:rb_energy_1:, :rb_exhaust:: Attach a detached Equipment you control to a unit you control.<br />:rb_exhaust:: Attach an attached Equipment you control to a unit you control.</p>",0,0,0,稀有,SFD,,,false,2026-06-18 15:11:45.468662+00,2026-08-11 04:32:05.530677+00,"[""传奇""]",1
e83319c4-fbd0-44cc-b0ac-cf900e5a89e4,VEN-062,海克斯方程式,Hextech Formula,,,"[""blue""]",,,,"[""状态·以休眠进场"",""主动·横置技能"",""强化·强化""]",,"此牌以休眠状态进场。
{{横置}}：强化另一件装备。（如果其未被强化，则变为已强化状态。）","This enters exhausted.
:rb_exhaust:: Empower another gear. (It becomes Empowered if it's not already.)",2,0,0,稀有,VEN,一看就对人畜无害。,,false,2026-07-10 11:00:46.719761+00,2026-08-10 07:41:29.350663+00,"[""装备""]",
e836f21f-81f8-42f2-827b-a5618dd0ff01,OGN-121,提莫,Teemo,军事家,Strategist,"[""blue""]","[""班德尔城""]","[""约德尔人""]","[""待命""]","[""触发·防守"",""牌库·查看"",""伤害·单体"",""牌库·放回""]",提莫,"{{待命}}（支付{{A}}正面朝下放置此牌，之后可支付{{0}}将其当作反应牌打出。）

当我防守时，选择一名此处的敌方单位，展示你主牌堆顶部的五张牌。当中每有一张带有{{待命}}技能的卡牌，便对该单位造成1点伤害，然后将展示的牌回收。","<p>[Hidden] (Hide now for :rb_rune_rainbow: to react with later for :rb_energy_0:.)<br />When I defend, choose an enemy unit here and reveal the top 5 cards of your Main Deck. Deal 1 to that unit for each card with [Hidden] revealed this way, then recycle the revealed cards.</p>",2,1,2,史诗,OGN,,,false,2026-06-18 15:11:45.129603+00,2026-08-10 07:41:29.350663+00,"[""英雄单位""]",
e84d9e0b-23e5-4ca6-a110-d47be3d1f16a,OGN-045,蔑视,Defy,,,"[""green""]",[],[],"[""反应""]","[""反制·无效化法术""]",,"{{反应}}（可在任意时机打出，甚至先于其他法术和技能的结算。）
无效化一个法术，但其费用不得高于{{4}}，也不得高于{{A}}。","<p>[Reaction] (Play any time, even before spells and abilities resolve.)<br />Counter a spell that costs no more than :rb_energy_4: and no more than :rb_rune_rainbow:.</p>",1,1,0,普通,OGN,“我拒绝。”,,false,2026-06-18 15:11:45.129603+00,2026-08-10 07:41:29.350663+00,"[""法术""]",
e84e1afb-6c83-4f76-86ea-518059cf7e3a,SFD-169,追忆祭坛,Altar of Memories,,,"[""yellow""]",[],[],[],"[""触发·摧毁"",""状态·休眠化"",""牌库·抽牌"",""牌库·放回""]",,当一名友方单位被摧毁时，你可以选择让我变为休眠状态，以此抽一张牌，然后将一张手牌放到主牌堆的顶部或底部。,"<p>When a friendly unit dies, you may exhaust me to draw 1, then put a card from your hand on the top or bottom of your Main Deck.</p>",2,0,0,稀有,SFD,"“蜘蛛之神需要祭品。”
——伊莉丝",,false,2026-06-18 15:11:45.468662+00,2026-08-10 07:41:29.350663+00,"[""装备""]",
e8e495b5-e6ee-47fa-901a-b75448dfd0b3,UNL-069,精灵迸发,Sprite Burst,,,"[""blue""]",[],[],"[""瞬息""]","[""衍生·单位"",""状态·以活跃进场""]",,打出两名处于活跃状态的3{{S}}“精灵”，它们拥有{{瞬息}}。（在其控制者的开始阶段开始时，结算得分之前将其摧毁。）,"<p>Play two ready 3 :rb_might: Sprite unit tokens with [Temporary]. (Kill each at the start of its controller's Beginning Phase, before scoring.)</p>",5,0,0,普通,UNL,它们爆炸前还是挺可爱的。,,false,2026-06-18 15:11:46.036748+00,2026-08-10 07:41:29.350663+00,"[""法术""]",
e90aaf2e-3c2e-4693-8afe-15513c37319a,UNL-006,小鲨鱼,Sharkling,,,"[""red""]","[""比尔吉沃特""]",[],"[""急速"",""强攻4""]","[""状态·以活跃进场"",""费用·可选额外""]",,"{{急速}}（你可以选择额外支付{{1}}和{{红色}}，让我以活跃状态进场。）
{{强攻4}}（如果我是进攻方，则{{S}}+4。）",<p>[Accelerate] (You may pay :rb_energy_1::rb_rune_fury: as an additional cost to have me enter ready.)<br />[Assault 4] (+4 :rb_might: while I'm an attacker.)</p>,3,0,1,普通,UNL,"“别担心，只是幼年个体。”
——常见遗言",,false,2026-06-18 15:11:45.821819+00,2026-08-10 07:41:29.350663+00,"[""单位""]",
e9b92913-8bc4-41d5-9d22-8aa37ded61d6,SFD-189,山隐之焰,Fire Below the Mountain,,,"[""green"",""blue""]",[],[],"[""反应"",""获得""]","[""主动·横置技能"",""资源·获得费用""]",奥恩,{{横置}}：{{反应}}—{{获得}}{{A}}，仅可用于打出装备或使用装备技能。（获得费用资源的技能无法成为其他法术的反应目标。）,<p>:rb_exhaust:: [Reaction] — [Add] :rb_rune_rainbow:. Use only to play gear or use gear abilities. (Abilities that add resources can't be reacted to.)</p>,0,0,0,稀有,SFD,,,false,2026-06-18 15:11:45.468662+00,2026-08-11 04:32:05.530677+00,"[""传奇""]",1
ea23cdb0-1a03-4a9b-b3a5-b90b18ec5d73,FND-249,不灭狂雷,Relentless Storm,,,"[""red"",""orange""]",,,"[""强力""]","[""触发·打出"",""状态·休眠化"",""符文·召出""]",沃利贝尔,当你打出一名{{强力}}单位时，你可以选择让我变为休眠状态，以此召出一枚休眠的符文。（战力达到5或以上时，即为强力单位。）,"When you play a [Mighty] unit, you may exhaust me to channel 1 rune exhausted. (A unit is Mighty while it has 5+ :rb_might:.)",0,0,0,稀有,FND,,,false,2026-06-18 15:11:45.129603+00,2026-08-11 04:32:05.530677+00,"[""传奇""]",1
ea4d300c-83cc-414b-91a6-15035525c3dd,OGN-258,猛龙摆尾,Dragon's Rage,,,"[""green"",""orange""]",[],[],[],"[""移动·敌方"",""伤害·等同战力""]",李青,移动一名敌方单位。然后进行一次：在该单位终点位置处选择另一名敌方单位。让这两名单位相互以自身战力给对方造成伤害。,<p>Move an enemy unit. Then do this: Choose another enemy unit at its destination. They deal damage equal to their Mights to each other.</p>,4,1,0,史诗,OGN,,,false,2026-06-18 15:11:45.129603+00,2026-08-10 07:41:29.350663+00,"[""专属法术""]",
ea9e1e58-49f3-4715-bf45-0dcd97efc406,OGN-092,怒海大鲨炮,Riptide Rex,,,"[""blue""]","[""比尔吉沃特""]","[""海盗""]",[],"[""触发·进场"",""伤害·单体""]",,当你打出我时，对战场上的一名敌方单位造成6点伤害。,"<p>When you play me, deal 6 to an enemy unit at a battlefield.</p>",6,2,6,普通,OGN,“天上下火雨咯！”,,false,2026-06-18 15:11:45.468662+00,2026-08-10 07:41:29.350663+00,"[""单位""]",
eadd2c67-8b2e-46e8-866e-d8d7c90d5d12,UNL-076,花瓣仙子,Petal Pixie,,,"[""blue""]","[""艾欧尼亚""]","[""仙灵""]","[""瞬息""]","[""战力·条件加成"",""战力·永久成长""]",,我所处的战场你每有一名拥有{{瞬息}}的单位，我便获得{{S}}+1。,<p>I have +1 :rb_might: for each of your units with [Temporary] at my battlefield.</p>,2,0,2,不凡,UNL,她细细体味着每一寸关于美的记忆——她明白，除了自己，再无人能目睹这些景象。,,false,2026-06-18 15:11:46.036748+00,2026-08-10 07:41:29.350663+00,"[""单位""]",
eafc2623-3a4c-4048-92b6-78b1b1bc47fe,FND-196,提莫,Teemo,斥候,Scout,"[""purple""]","[""班德尔城""]","[""约德尔人""]","[""待命""]","[""触发·进场"",""战力·增强单体"",""战力·增强本回合""]",提莫,"{{待命}}（支付{{A}}正面朝下放置此牌，之后可支付{{0}}将其当作反应牌打出。）
当你打出我时，让我本回合内{{S}}+3。","[Hidden] (Hide now for :rb_rune_rainbow: to react with later for :rb_energy_0:.)
When you play me, give me +3 :rb_might: this turn.",3,1,2,稀有,FND,“提莫队长正在待命！”,"""Reporting in!""",false,2026-06-18 15:11:45.129603+00,2026-08-10 07:41:29.350663+00,"[""英雄单位""]",
eb226803-8153-4aea-b599-2a20a6f776e8,VEN-088,杰斯,Jayce,举锤待发,Hammer in Hand,"[""orange""]","[""皮尔特沃夫""]",,"[""强攻2"",""法盾2"",""游走""]","[""状态·激活"",""战力·增强本回合"",""战力·条件加成"",""移动·单位""]",杰斯,"当我变为活跃状态时，选择一个给予我在本回合内的效果 —
- {{强攻2}}（如果我是进攻方，则{{S}}+2。）
- {{法盾2}}（对手必须支付{{A}}{{A}}才能将我选作法术或技能的目标。）
- {{游走}}（我可以向其他战场进行移动。）","When I become ready, choose one to give me this turn —
[Assault 2] (+2 :rb_might: while I'm an attacker.)[Deflect 2] (Opponents must pay :rb_rune_rainbow::rb_rune_rainbow: to choose me with a spell or ability.)[Ganking] (I can move from battlefield to battlefield.)",4,1,5,稀有,VEN,,,false,2026-07-09 16:49:03.36084+00,2026-08-10 07:41:29.350663+00,"[""英雄单位""]",
eb7f88d7-a93b-42cb-adee-fa495e4cb6fb,VEN-012,表里杀缭乱,Perfect Execution,,,"[""red""]",,,"[""强攻3"",""流转""]","[""状态·激活"",""战力·增强单体"",""战力·增强本回合"",""牌库·打出"",""费用·可选额外"",""牌库·放逐""]",,"让一名单位变为活跃状态，并给予其在本回合内{{强攻3}}。（如果其为进攻方，则{{S}}+3。）
{{流转3红色}}（你可以选择支付此牌的流转费用，以此将其从你的废牌堆中打出。然后将其放逐。）","Ready a unit and give it [Assault 3] this turn. (+3 :rb_might: while it's an attacker.)
[Flow] :rb_energy_3::rb_rune_fury: (You may play this from your trash for its Flow cost. Then banish it.)",3,1,0,不凡,VEN,哪怕只是缺了一点，都成不了艺术。,,false,2026-07-10 11:00:46.719761+00,2026-08-10 07:41:29.350663+00,"[""法术""]",
eb876052-e20e-4a6e-a441-7278d4608251,OGN-228,先锋之盔,Vanguard Helm,,,"[""yellow""]",[],[],[],"[""触发·摧毁"",""增益·给予"",""增益·数量联动""]",,每当一名拥有增益的友方单位被摧毁时，给予另一名友方单位增益。（如果该单位未拥有增益，则获得一个{{S}}+1增益。）,"<p>When a buffed friendly unit dies, buff another friendly unit. (If it doesn't have a buff, it gets a +1 :rb_might: buff.)</p>",2,0,0,不凡,OGN,无畏先锋的士兵们，相同之处不只在于头盔，更在心中的愿景。,,false,2026-06-18 15:11:45.468662+00,2026-08-10 07:41:29.350663+00,"[""装备""]",
eb895491-110b-41dc-bb4e-6b47e64dd531,SFD-088,烈娜塔·戈拉斯克,Renata Glasc,幕后主脑,Mastermind,"[""blue""]","[""祖安""]",[],[],"[""主动·支付费用技能"",""牌库·抽牌"",""主动·横置技能""]",烈娜��·戈拉斯克,"支付{{1}}和{{蓝色}}：抽一张牌。
支付{{4}}和{{蓝色}}{{蓝色}}{{蓝色}}{{蓝色}}，{{横置}}：获得1分。
只有我位于战场时，才能使用我的技能。","<p>:rb_energy_1::rb_rune_mind:: Draw 1.<br />:rb_energy_4::rb_rune_mind::rb_rune_mind::rb_rune_mind::rb_rune_mind:, :rb_exhaust:: Score 1 point.<br />Use my abilities only while I'm at a battlefield.</p>",5,0,4,史诗,SFD,“先有牺牲，才有进步。只是很少有人愿意牺牲。”,,false,2026-06-18 15:11:45.821819+00,2026-08-10 07:41:29.350663+00,"[""英雄单位""]",
ec0776f4-9573-4e6d-b0e9-bfc1d04728eb,ARC-005,金克丝,Jinx,反抗者,Rebel,"[""purple""]","[""祖安""]",,,"[""触发·弃置"",""状态·激活"",""战力·增强单体"",""战力·增强本回合""]",金克丝,每当你弃置任意数量的手牌时，让我变为活跃状态，且本回合内{{S}}+1。,"When you discard one or more cards, ready me and give me +1 :rb_might: this turn.",5,1,5,异画,ARC,,,false,2026-06-18 15:11:45.129603+00,2026-08-10 07:41:29.350663+00,"[""英雄单位""]",
ec61e02e-b33d-4c46-b898-a3ec787f895a,OGN-211,忠实的工坊主,Faithful Manufactor,,,"[""yellow""]","[""皮尔特沃夫""]",[],[],"[""触发·进场"",""衍生·单位""]",,当你打出我时，在此处额外打出一名1{{S}}的“随从”。,"<p>When you play me, play a 1 :rb_might: Recruit unit token here.</p>",3,0,2,普通,OGN,努力就是一种福报。,,false,2026-06-18 15:11:45.129603+00,2026-08-10 07:41:29.350663+00,"[""单位""]",
ed14b602-5e1a-4db7-b967-79b85e78e9af,OGN-080,倒转神通,Mystic Reversal,,,"[""green""]",[],[],"[""反应""]","[""反制·无效化法术"",""互动·夺控""]",,"{{反应}}（可在任意时机打出，甚至先于其他法术和技能的结算。）
获得一个法术的控制权。你可以选择为其指定新的目标。","<p>[Reaction] (Play any time, even before spells and abilities resolve.)<br />Gain control of a spell. You may make new choices for it.</p>",4,3,0,史诗,OGN,二流法师只想借，一流法师直接偷。,,false,2026-06-18 15:11:45.468662+00,2026-08-10 07:41:29.350663+00,"[""法术""]",
ed28cb31-66e7-4f4e-a11c-9d130d35d4c0,OGN-094,精灵召唤,Sprite Call,,,"[""blue""]",[],[],"[""待命"",""瞬息"",""迅捷""]","[""衍生·单位"",""状态·以活跃进场""]",,"{{待命}}（支付{{A}}正面朝下放置此牌，之后可支付{{0}}将其当作反应牌打出。）
{{迅捷}}（可在你的回合或法术对决中打出。）
打出一个处于活跃状态的3{{S}}“精灵”，它拥有{{瞬息}}。（在其控制者的下个回合开始阶段，结算得分之前将其摧毁。）","<p>[Hidden] (Hide now for :rb_rune_rainbow: to react with later for :rb_energy_0:.)<br />[Action] (Play on your turn or in showdowns.)<br />Play a ready 3 :rb_might: Sprite unit token with [Temporary]. (Kill it at the start of its controller's Beginning Phase, before scoring.)</p>",3,0,0,普通,OGN,,,false,2026-06-18 15:11:45.129603+00,2026-08-10 07:41:29.350663+00,"[""法术""]",
ee0ade93-3a94-4390-9934-a468d6cc0e47,VEN-127,血戮,Lacerate,,,"[""yellow""]",,,"[""流转""]","[""强化·解除强化"",""摧毁·单位"",""牌库·打出"",""费用·可选额外"",""牌库·放逐""]",,"选择一名单位。如果该单位{{已强化}}，则解除其强化。然后如果其战力不高于3{{S}}，则将其摧毁。
 {{流转4黄色黄色}}（你可以选择支付此牌的流转费用，以此将其从你的废牌堆中打出。然后将其放逐。）","Choose a unit. If it's [Empowered], disempower it. Then kill it if it has 3 :rb_might: or less.
[Flow] :rb_energy_4::rb_rune_order::rb_rune_order: (You may play this from your trash for its Flow cost. Then banish it.)",2,1,0,不凡,VEN,"“看看你，明明还能多活几年。”
——安蓓萨",,false,2026-07-13 14:11:02.122334+00,2026-08-10 07:41:29.350663+00,"[""法术""]",
ee192470-e938-4e37-ba5c-ad81661a18a3,OGN-253,诺克萨斯之手,Hand of Noxus,,,"[""red"",""yellow""]",[],[],"[""反应"",""获得"",""鼓舞""]","[""主动·横置技能"",""资源·获得费用"",""触发·打出""]",德莱厄斯,{{横置}}：{{反应}}，{{鼓舞}}—{{获得}}{{1}}。（获得费用资源的技能无法成为其他法术的反应目标。如果你在本回合内已打出过其他卡牌，则发动此效果。）,"<p>:rb_exhaust:: [Reaction], [Legion] — [Add] :rb_energy_1:. (Abilities that add resources can't be reacted to. Get the effect if you've played a card this turn.)</p>",0,0,0,稀有,OGN,,,false,2026-06-18 15:11:45.129603+00,2026-08-11 04:32:05.530677+00,"[""传奇""]",1
ee4b85bf-99f8-49db-be63-21b52657b574,VEN-150,加速之门,Acceleration Gate,,,"[""blue"",""orange""]",,,,"[""状态·激活"",""符文·激活""]",杰斯,让最多四个单位、装备或符文变为活跃状态。,"Ready up to 4 units, gear, and/or runes.",3,1,0,史诗,VEN,"“粒子活化！”
——杰斯",,false,2026-07-16 11:27:40.706485+00,2026-08-10 07:41:29.350663+00,"[""专属法术""]",
ee738ae7-af5b-40e1-a77e-04fc2eea513a,VEN-113,凯南,Kennen,万雷倾泻,Storm of Shuriken,"[""purple""]","[""艾欧尼亚""]","[""约德尔人""]","[""燃烧2"",""流转""]","[""触发·进场"",""牌库·燃烧"",""触发·征服"",""费用·可选额外""]",凯南,"当你打出我时，{{燃烧2}}。（将你主牌堆顶部的两张牌放入你的废牌堆。）
当我征服一处战场时，给予你废牌堆中的一个法术在本回合内等同于其费用的{{流转}}。（你可以选择支付此牌的流转费用，以此将其从你的废牌堆中打出。然后将其放逐。）","When you play me, [Burn 2]. (Put the top 2 cards of your Main Deck into your trash.)
When I conquer, give a spell in your trash [Flow] equal to its cost this turn. (You may play it from your trash for its Flow cost. Then banish it.)",3,1,4,史诗,VEN,“该出击了！”,,false,2026-07-09 16:49:03.36084+00,2026-08-10 07:41:29.350663+00,"[""英雄单位""]",
eeaf1788-cc57-4c7e-aa8e-33d59d743eb9,OGN-217,崔法利求战者,Trifarian Gloryseeker,,,"[""yellow""]","[""诺克萨斯""]","[""崔法利""]","[""鼓舞""]","[""触发·进场"",""触发·打出"",""增益·给予""]",,{{鼓舞}}—当你打出我时，给予我增益。（如果我未拥有增益，则我获得一个{{S}}+1增益。如果你在本回合内已打出过其他卡牌，则发动此效果。）,"<p>[Legion] — When you play me, buff me. (If I don't have a buff, I get a +1 :rb_might: buff. Get the effect if you've played another card this turn.)</p>",2,0,2,普通,OGN,战争可能夺走你的生命，也可能让你立下不朽的功勋。,,false,2026-06-18 15:11:45.129603+00,2026-08-10 07:41:29.350663+00,"[""单位""]",
eeb99028-a393-46fe-be72-6ffcc7d83c57,UNL-065,冰谷弓箭手,Icevale Archer,,,"[""blue""]","[""弗雷尔卓德""]",[],[],"[""触发·进攻"",""费用·可选额外"",""战力·削弱""]",,当我进攻时，你可以选择支付{{1}}，以此让此处的一名单位在本回合内{{S}}-1。,"<p>When I attack, you may pay :rb_energy_1: to give a unit here -1 :rb_might: this turn.</p>",2,0,2,普通,UNL,在他面前，不能“乱动”，只有“乱冻”。,,false,2026-06-18 15:11:45.821819+00,2026-08-10 07:41:29.350663+00,"[""单位""]",
eece119a-6c1c-41d8-9265-3858c076c942,OGN-268,弹幕时间,Bullet Time,,,"[""orange"",""purple""]",[],[],"[""迅捷""]","[""费用·可选额外"",""伤害·群体"",""伤害·等同战力""]",厄运小姐,"{{迅捷}}（可在你的回合或法术对决中打出。）
支付任意数量的{{A}}，对一处战场上的所有敌方单位造成等同于该数量的伤害。",<p>[Action] (Play on your turn or in showdowns.)<br />Pay any amount of :rb_rune_rainbow: to deal that much damage to all enemy units at a battlefield.</p>,1,0,0,史诗,OGN,,,false,2026-06-18 15:11:45.129603+00,2026-08-10 07:41:29.350663+00,"[""专属法术""]",
ef4f9502-3af3-4402-8b20-e94ffea7d863,SFD-139,夜之锋刃,Edge of Night,,,"[""purple""]",[],"[""武装""]","[""待命"",""装配""]","[""触发·进场""]",,"{{待命}}（支付{{A}}正面朝下放置此牌，之后可支付{{0}}将其当作反应牌打出。）
当你从正面朝下状态中打出此牌时，将此牌贴附到此处你控制的一名单位上。
{{装配紫色}}（支付{{紫色}}：将此牌贴附到你控制的一名单位上。）
{{S}}+2","<p>[Hidden] (Hide now for :rb_rune_rainbow: to react with later for :rb_energy_0:.)<br />When you play this from face down, attach it to a unit you control (here).<br />[Equip] :rb_rune_chaos: (:rb_rune_chaos:: Attach this to a unit you control.)</p>
[S] +2",3,0,0,稀有,SFD,一切暗影，皆为我友。,,false,2026-06-18 15:11:45.821819+00,2026-08-10 07:41:29.350663+00,"[""装备""]",
ef5a5884-da6c-4e49-bf06-d60c0a172f46,OGN-249,不灭狂雷,Relentless Storm,,,"[""red"",""orange""]",[],[],"[""强力""]","[""触发·打出"",""状态·休眠化"",""符文·召出""]",沃利贝尔,当你打出一名{{强力}}单位时，你可以选择让我变为休眠状态，以此召出一枚休眠的符文。（战力达到5或以上时，即为强力单位。）,"<p>When you play a [Mighty] unit, you may exhaust me to channel 1 rune exhausted. (A unit is Mighty while it has 5+ :rb_might:.)</p>",0,0,0,稀有,OGN,,,false,2026-06-18 15:11:45.129603+00,2026-08-11 04:32:05.530677+00,"[""传奇""]",1
f06675f1-1f2a-4c79-b421-5d8f7ce6703c,UNL-R05,混沌符文,,,,"[""purple""]",[],[],[],,,,,0,0,0,普通,UNL,,,false,2026-06-18 15:11:45.821819+00,2026-08-11 04:32:05.530677+00,"[""符文""]",12
f090f504-23c2-4d2d-ab52-266da18d88fc,UNL-172,乐芙兰,LeBlanc,残影之殇,Fragmented,"[""yellow""]","[""诺克萨斯""]",[],"[""强攻"",""绝念""]","[""触发·摧毁"",""牌库·抽牌"",""触发·回合开始""]",乐芙兰,"{{强攻}}（如果我是进攻方，则{{S}}+1。）
{{绝念>}} 抽一张牌。若此时是你的开始阶段，则改为抽两张牌。（当我被摧毁后，发动此效果。）","<p>[Assault] (+1 :rb_might: while I'm an attacker.)<br />[Deathknell][>] Draw 1. If it's your Beginning Phase, draw 2 instead. (When I die, get the effect.)</p>",3,1,3,稀有,UNL,“也许我赢在有太多个我了……”,,false,2026-06-18 15:11:46.036748+00,2026-08-10 07:41:29.350663+00,"[""英雄单位""]",
f0bc0cea-c4bf-4a68-9107-049f875bdf22,UNL-195,翠神,Green Father,,,"[""green"",""yellow""]",[],[],[],"[""触发·征服"",""触发·据守"",""状态·休眠化"",""衍生·单位"",""特性·属性联动"",""持续·光环常驻""]",艾翁,当你征服或据守一处战场时，你可以选择让我变为休眠状态，以此将该战场替换为一个“草丛”战场指示物。（位于草丛的“鸟类”、“猫科”、“犬形”、“魄罗”和“艾翁”属性单位获得{{S}}+1。得分后可将其换回原战场。）,"<p>When you conquer or hold, you may exhaust me to replace that battlefield with a Brush battlefield token. (Bird, Cat, Dog, Poro, and Ivern units have +1 :rb_might: in Brush. It can be swapped back when scored.)</p>",0,0,0,稀有,UNL,,,false,2026-06-18 15:11:45.821819+00,2026-08-11 04:32:05.530677+00,"[""传奇""]",1
f0cb66dd-efbe-4833-b48d-56c3c8a1384d,UNL-130,移动栖木,Walking Roost,,,"[""purple""]","[""暗影岛""]",[],"[""法盾""]","[""触发·进场"",""衍生·单位""]",,"{{法盾}}（对手必须支付{{A}}才能将我选作法术或技能的目标。）
当你打出我时，选择一名对手。该玩家打出一名1{{S}}的“战鹰”，它拥有{{法盾}}。","<p>[Deflect] (Opponents must pay :rb_rune_rainbow: to choose me with a spell or ability.)<br />When you play me, choose an opponent. They play a 1 :rb_might: Bird unit token with [Deflect].</p>",5,0,6,普通,UNL,一个远走，一个高飞。,,false,2026-06-18 15:11:45.821819+00,2026-08-10 07:41:29.350663+00,"[""单位""]",
f0cd6e1d-22ca-4d81-8c75-3169f309e0f5,OGN-062,增援,Reinforce,,,"[""green""]",[],[],[],"[""牌库·查看"",""牌库·放逐"",""费用·减费"",""牌库·放回""]",,查看你主牌堆顶部的五张牌。你可以选择从中放逐一名单位，然后将其打出，其费用减少{{5}}。回收其余的卡牌。,"<p>Look at the top 5 cards of your Main Deck. You may banish a unit from among them, then play it, reducing its cost by :rb_energy_5:. Recycle the remaining cards.</p>",5,0,0,不凡,OGN,,,false,2026-06-18 15:11:45.468662+00,2026-08-10 07:41:29.350663+00,"[""法术""]",
f108de1f-7d8b-4a48-ac58-cc943ffebbbd,OGN-073,娑娜,Sona,清心谐律,Harmonious,"[""green""]","[""德玛西亚""]",[],[],"[""触发·回合结束"",""符文·激活""]",娑娜,在你的回合结束时，如果我位于战场上，则让最多四枚友方符文变为活跃状态。,"<p>At the end of your turn, if I'm at a battlefield, ready up to 4 friendly runes.</p>",4,1,4,稀有,OGN,“永不完结的交响。”,,false,2026-06-18 15:11:45.129603+00,2026-08-10 07:41:29.350663+00,"[""英雄单位""]",
f1164c29-d5f6-4c81-bd5e-95c14a0d244a,OGN-008,罪恶快感,Get Excited!,,,"[""red""]",,,"[""迅捷""]","[""牌库·弃牌"",""伤害·单体""]",,"{{迅捷}}（可在你的回合或法术对决中打出。）
弃置一张手牌。对战场上的一名单位造成等同于被弃置手牌的法力费用的伤害。（无视其符能费用。）",<p>[Action] (Play on your turn or in showdowns.)<br />Discard 1. Deal its Energy cost as damage to a unit at a battlefield. (Ignore its Power cost.)</p>,2,1,0,普通,OGN,"“大家都恐慌起来吧！”
——金克丝","""Everybody, panic!""
-Jinx",false,2026-06-18 15:11:45.129603+00,2026-08-10 07:41:29.350663+00,"[""法术""]",
f148e731-5a0e-4cff-828b-ad16e9eb41e4,VEN-024,贴贴魄罗,Affectionate Poro,,,"[""green""]","[""诺克萨斯""]","[""魄罗""]",,"[""触发·战斗"",""牌库·抽牌""]",,当我参与的战斗结束时，如果我在本回合内未受到伤害，则抽一张牌。,"When a combat that I was in ends, if I haven't been dealt damage this turn, draw 1.",3,0,3,普通,VEN,可爱，是一种生存技能。,,false,2026-07-16 11:27:40.706485+00,2026-08-10 07:41:29.350663+00,"[""单位""]",
f15fa0f4-54bc-4a2c-9064-54a9dd915ff2,SFD-109,阿克尚,Akshan,放浪不羁,Mischievous,"[""orange""]","[""恕瑞玛""]","[""哨兵""]","[""百炼""]","[""费用·减费"",""费用·可选额外"",""触发·进场"",""互动·夺控"",""移动·单位""]",阿克尚,"{{百炼}}
你可以选择支付{{橙色}}{{橙色}}，作为打出我的额外费用。
当你打出我时，如果你支付了该额外费用，则可以将一件敌方装备移动到你的基地。你控制这件装备，直到我离场为止。如果它是一件武装，则将其贴附到我身上。","<p>[Weaponmaster]<br />You may pay :rb_rune_body::rb_rune_body: as an additional cost to play me.<br />When you play me, if you paid the additional cost, move an enemy gear to your base. You control it until I leave the board. If it's an Equipment, attach it to me.</p>",4,0,4,稀有,SFD,,,false,2026-06-18 15:11:45.821819+00,2026-08-10 07:41:29.350663+00,"[""英雄单位""]",
f1640ae7-8237-477d-8b3a-2e03e0859044,VEN-146,汲魂痛击,Siphoning Strike,,,"[""green"",""blue""]",,,,"[""伤害·单体"",""符文·数量条件"",""触发·摧毁"",""符文·召出""]",内瑟斯,对战场上的一名单位造成4点伤害。如果你控制的符文不少于七枚，则改为对其造成7点伤害。当该单位在本回合内被摧毁时，召出一枚休眠的符文。,"Deal 4 to a unit at a battlefield. If you control 7 or more runes, deal 7 to it instead. When it dies this turn, channel 1 rune exhausted.",4,0,0,史诗,VEN,"“你们的精神空洞无比。”
——内瑟斯",,false,2026-07-10 11:00:46.719761+00,2026-08-10 07:41:29.350663+00,"[""专属法术""]",
f174e958-bddb-4295-8054-83dc73fc4dfd,OGN-296,虚空之门,Void Gate,,,"[""colorless""]",[],[],[],"[""持续·光环常驻"",""伤害·法术伤害加成""]",,法术和技能对此处的单位造成的伤害+1（每段伤害都+1）。,<p>Spells and abilities deal 1 Bonus Damage to units here. (Each instance of damage the spell deals to a unit here is increased by 1.)</p>,0,0,0,不凡,OGN,艾卡西亚的法师们自取灭亡，但他们的回响直到今天仍在人们耳畔萦绕。,,false,2026-06-18 15:11:45.129603+00,2026-08-11 04:32:05.530677+00,"[""战场""]",1
f1a46159-61ef-43ee-968e-cb499c4d0a0b,SFD-022,长剑,Long Sword,,,"[""red""]",[],"[""武装""]","[""灵便"",""装配"",""反应""]",[],,"{{灵便}}（此牌获得{{反应}}。当你打出此牌时,将它贴附到你控制的一名单位上。)
{{装配}}{{红色}}（支付{{红色}}：将此牌贴附到你控制的一名单位上。）
{{S}}+2","<p>[Quick-Draw] (This has [Reaction]. When you play it, attach it to a unit you control.)<br />[Equip] :rb_rune_fury: (:rb_rune_fury:: Attach this to a unit you control.)</p>
[S] +2",2,1,0,稀有,SFD,"剑不是造得越长越好——听过\""边际收益递减\""吗?",,false,2026-06-18 15:11:45.468662+00,2026-08-10 07:41:29.350663+00,"[""装备""]",
f1c7bb7f-bd9b-495b-baaa-c2251d437219,SFD-009,锯齿短匕,Serrated Dirk,,,"[""red""]",[],"[""武装""]","[""强攻2"",""装配""]",[],,"{{装配红色}}（支付{{红色}}：将此牌贴附到你控制的一名单位上。）
{{强攻2}}（如果我是进攻方，则{{S}}+2。）{{S}}+0","<p>[Equip] :rb_rune_fury: (:rb_rune_fury:: Attach this to a unit you control.)</p>
<p>[Assault 2] (+2 :rb_might: while I'm an attacker.)</p>
[S] +0",1,0,0,普通,SFD,,,false,2026-06-18 15:11:45.468662+00,2026-08-10 07:41:29.350663+00,"[""装备""]",
f1ef6c5c-8ce6-4a55-8df1-055e8d6ce4c0,UNL-179,峡谷先锋,Rift Herald,,,"[""yellow""]","[""虚空之地""]",[],"[""绝念""]","[""触发·移动"",""牌库·查看"",""牌库·抽牌"",""牌库·放回"",""触发·摧毁"",""费用·免费打出""]",,"当我移动至一处战场时，查看你主牌堆顶部的三张牌。你可以选择从中展示一名单位，并抽取该卡牌。回收其余的卡牌。
{{绝念>}} 从你的手牌中打出一名单位到你的基地，无视其法力费用。（当我被摧毁后，发动此效果。仍需支付所有符能费用。）","<p>When I move to a battlefield, look at the top 3 cards of your Main Deck. You may reveal a unit from among them and draw it. Recycle the rest.<br />[Deathknell][>] Play a unit from your hand to your base, ignoring its Energy cost. (When I die, get the effect. You must still pay its Power cost.)</p>",8,1,7,史诗,UNL,,,false,2026-06-18 15:11:45.821819+00,2026-08-10 07:41:29.350663+00,"[""单位""]",
f201648c-5ecd-4391-93cb-e5b31ebbfb30,OGS-020,高原血统,Highlander,,,"[""green"",""orange""]",[],[],"[""反应""]","[""保护·免死替身"",""状态·休眠化"",""互动·召回基地"",""触发·摧毁""]",易,"{{反应}}（可在任意时机打出，甚至先于其他法术和技能的结算。）
选择一名友方单位。本回合内，在该单位下次被摧毁时，改为移除其所受伤害、将其变为休眠状态、并将其召回。（把该单位送回基地，此行动不算作移动。）","<p>[Reaction] (Play any time, even before spells and abilities resolve.)<br />Choose a friendly unit. The next time it would die this turn, heal it, exhaust it, and recall it instead. (Send it to base. This isn't a move.)</p>",4,0,0,史诗,OGS,,,false,2026-06-18 15:11:45.129603+00,2026-08-10 07:41:29.350663+00,"[""专属法术""]",
f36533c3-a7dc-4eef-9e53-cc387df20076,UNL-009,大幕渐起,Upstage Comedy,,,"[""red""]",[],[],"[""回响""]","[""状态·激活"",""费用·可选额外""]",,{{回响}}{{2}}（你可以选择支付此额外费用，以重复此法术效果。）让一名单位变为活跃状态。,<p>[Repeat] :rb_energy_2: (You may pay the additional cost to repeat this spell's effect.)<br />Ready a unit.</p>,2,0,0,普通,UNL,有些艺术，活人是不会懂得欣赏的。,,false,2026-06-18 15:11:45.821819+00,2026-08-10 07:41:29.350663+00,"[""法术""]",
f36c50b0-da01-4fb4-a880-540d811aabd7,SFD-174,宝藏魔像,Trove Golem,,,"[""yellow""]","[""弗雷尔卓德""]",[],[],"[""触发·进场"",""衍生·装备""]",,当你打出我时，打出四个休眠的“金币”装备指示物。,"<p>When you play me, play four Gold gear tokens exhausted.</p>",8,2,9,稀有,SFD,贵有贵的道理。,,false,2026-06-18 15:11:45.468662+00,2026-08-10 07:41:29.350663+00,"[""单位""]",
f39c3feb-f534-4464-bfe3-f796d81c6ca2,SFD-060,缇亚娜·冕卫,Tianna Crownguard,,,"[""green""]","[""德玛西亚""]","[""精锐""]","[""法盾""]","[""持续·光环常驻"",""限制·行动禁止""]",,"{{法盾}}（对手必须支付{{A}}才能将我选作法术或技能的目标。）
如果我位于战场上，则对手无法获得分数。","<p>[Deflect] (Opponents must pay :rb_rune_rainbow: to choose me with a spell or ability.)<br />While I'm at a battlefield, opponents can't gain points.</p>",7,2,4,史诗,SFD,“我将为国家和家人而战，除此之外，别无他念。”,,false,2026-06-18 15:11:45.468662+00,2026-08-10 07:41:29.350663+00,"[""单位""]",
f3b569b1-9381-47df-972a-82207fa7be9b,SFD-162,血钱,Blood Money,,,"[""yellow""]",[],[],"[""迅捷""]","[""摧毁·单位"",""衍生·装备""]",,"{{迅捷}}（可在你的回合或法术对决中打出。）
摧毁战场上一名不高于2{{S}}的单位。如果是敌方单位，则打出一个休眠的“金币”装备指示物。如果是友方单位，则打出两个休眠的“金币”装备指示物。","<p>[Action] (Play on your turn or in showdowns.)<br />Kill a unit at a battlefield with 2 :rb_might: or less. If it was an enemy unit, play a Gold gear token exhausted. If it was a friendly unit, play two Gold gear tokens exhausted.</p>",2,0,0,不凡,SFD,即便在无耻之徒的圈子里，背叛也要付出沉重的代价。,,false,2026-06-18 15:11:45.821819+00,2026-08-10 07:41:29.350663+00,"[""法术""]",
f3e3768f-1157-4074-be0a-c1e29ccbe0d5,VEN-132,坠落猫咪,Fallen Feline,,,"[""yellow""]","[""皮尔特沃夫""]","[""猫科""]",,"[""触发·进场"",""持续·光环常驻"",""限制·行动禁止""]",,"当你打出我时，宣告一个法术。
如果我位于战场上，则对手无法打出与其同名的法术。","When you play me, name a spell.
While I'm at a battlefield, opponents can't play spells with that name.",2,1,3,稀有,VEN,怎么，舌头被猫叼走了？,,false,2026-07-14 11:54:00.306963+00,2026-08-10 07:41:29.350663+00,"[""单位""]",
f48947f9-d907-469e-a014-51da17f4ca2c,UNL-016,焰爪,Scorchclaw,,,"[""red""]","[""诺克萨斯""]","[""犬形""]","[""狩猎2"",""等级3""]","[""经验·获得"",""触发·征服"",""触发·据守"",""经验·等级奖励"",""战力·增强单体"",""战力·永久成长"",""状态·以活跃进场""]",,"{{狩猎2}}（当我征服或据守一处战场时，获得2经验。）
{{等级3>}} 我获得{{S}}+1，并以活跃状态进场。（如果你拥有不少于3经验，则获得该效果。）","<p>[Hunt 2] (When I conquer or hold, gain 2 XP.)<br />[Level 3][>] I have +1 :rb_might: and enter ready. (While you have 3+ XP, get the effect.)</p>",3,1,3,不凡,UNL,“对他使用焰爪吧！”,,false,2026-06-18 15:11:46.036748+00,2026-08-10 07:41:29.350663+00,"[""单位""]",
f48a18cf-202b-477e-9409-ebc6c3ef2151,UNL-039,灵魂之剑,Soul Sword,,,"[""green""]",[],"[""武装""]","[""装配""]",[],,{{装配}}{{绿色}}（支付{{绿色}}：将此牌贴附到你控制的一名单位上。）,"<p>[Equip] :rb_rune_calm: (:rb_rune_calm:: Attach this to a unit you control.)</p>
<p>[Level 3][>] I have an additional +1 :rb_might:. (While you have 3+ XP, get the effect.)</p>
[S] +1",1,0,1,普通,UNL,,,false,2026-06-18 15:11:45.821819+00,2026-08-10 07:41:29.350663+00,"[""装备""]",
f4e3cf47-73e0-40a1-84a0-b7ad372c498b,VEN-T03,机器人,,,,"[""colorless""]",,"[""机械""]",,,,,,0,0,3,普通,VEN,是啊，它们又吵又乱，还不可靠。但说到底，人又何尝不是如此。,,false,2026-07-09 16:49:03.36084+00,2026-07-16 07:29:52.575498+00,"[""指示物单位""]",
f529e865-842d-4a97-bdd3-875f8ca0333f,OGN-281,圣化之墓,Hallowed Tomb,,,"[""colorless""]",[],[],[],"[""触发·据守"",""牌库·回收""]",,当你据守此处时，如果你的英雄区域已无英雄单位牌，则可以选择让该英雄从废牌堆中返回英雄区域。,"<p>When you hold here, you may return your Chosen Champion from your trash to your Champion Zone if it is empty.</p>",0,0,0,不凡,OGN,那些逝去的人，将永远活在我们心中。但对某些人来说，这样还远远不够。,,false,2026-06-18 15:11:45.468662+00,2026-08-11 04:32:05.530677+00,"[""战场""]",1
f530a922-08fd-45e9-9814-0370f3580a9f,VEN-005,巴凯遗民,Forsaken Baccai,,,"[""red""]","[""恕瑞玛""]",,,"[""触发·回合开始"",""符文·数量条件"",""战力·条件加成"",""战力·增强本回合""]",,在你的开始阶段开始时，如果你控制的符文数量少于任一对手，则给予我在本回合内{{S}}+1。,"If you control fewer runes than an opponent at the start of your Beginning Phase, give me +1 :rb_might: this turn.",2,0,2,普通,VEN,在奈瑞玛桀那枚失效太阳圆盘的暗影之中，巴凯隐藏身形，谋划着走向荣光的道路。,,false,2026-07-20 10:23:59.547404+00,2026-08-10 07:41:29.350663+00,"[""单位""]",
f57c5db4-79d8-4561-859d-10f2db7dcd1d,VEN-143,影流之主,Master of Shadows,,,"[""red"",""purple""]",,,"[""迅捷""]","[""牌库·放逐"",""强化·强化"",""强化·解除强化"",""主动·横置技能"",""牌库·弃牌"",""牌库·抽牌""]",劫,"当你放逐一张属于你的卡牌时，强化我。（如果我未被强化，则变为已强化状态。）
{{迅捷>}}解除我的强化，{{横置}}：弃置一张手牌，然后抽一张牌。","When you banish a card you own, empower me. (I become Empowered if I'm not already.)
[Action][&gt;] Disempower me, :rb_exhaust:: Discard 1, then draw 1.",0,0,0,稀有,VEN,,,false,2026-07-09 16:49:03.36084+00,2026-08-11 04:32:05.530677+00,"[""传奇""]",1
f72926db-d203-493d-a40c-dd7ce6380106,SFD-184,冷酷追击,Relentless Pursuit,,,"[""red"",""orange""]",[],[],"[""迅捷""]","[""移动·单位"",""触发·征服"",""互动·召回基地""]",卢锡安,"{{迅捷}}（可在你的回合或法术对决中打出。）
移动一名友方单位。你可以选择为其贴附其控制者的最多一件武装。在本回合内，该单位拥有“当我征服一处战场时，你可以选择将我移动到我的基地”。","<p>[Action] (Play on your turn or in showdowns.)<br />Move a friendly unit. You may attach up to one Equipment with the same controller to it. This turn, that unit has ""When I conquer, you may move me to my base.""</p>",2,1,0,史诗,SFD,,,false,2026-06-18 15:11:45.468662+00,2026-08-10 07:41:29.350663+00,"[""专属法术""]",
f740a349-b069-4170-8021-ef6c6fa270fc,UNL-070,化为灰烬,Turn to Dust,,,"[""blue""]",[],[],"[""瞬息""]",[],,让一件装备获得{{瞬息}}。（在其控制者的开始阶段开始时，结算得分之前将其摧毁。）,"<p>Give a gear [Temporary]. (Kill it at the start of its controller's Beginning Phase, before scoring.)</p>",2,0,0,普通,UNL,万物终有沉寂的一天。,,false,2026-06-18 15:11:45.821819+00,2026-08-10 07:41:29.350663+00,"[""法术""]",
f7e8ccfc-99cc-4262-bf95-5e82b79df865,UNL-152,黑色玫瑰要员,Black Rose Dignitary,,,"[""yellow""]","[""诺克萨斯""]",[],"[""强攻"",""绝念""]","[""触发·摧毁"",""符文·召出""]",,"{{强攻}}（如果我是进攻方，则{{S}}+1。）
{{绝念>}} 召出一枚休眠的符文。（当我被摧毁后，发动此效果。）","<p>[Assault] (+1 :rb_might: while I'm an attacker.)<br />[Deathknell][>] Channel 1 rune exhausted. (When I die, get the effect.)</p>",3,0,2,普通,UNL,美丽的花瓣下，藏着刺人的荆棘。,,false,2026-06-18 15:11:46.036748+00,2026-08-10 07:41:29.350663+00,"[""单位""]",
f7effd75-2263-44f1-b269-58b670b7f9b9,UNL-123,永黯潜伏者,Evershade Stalker,,,"[""purple""]","[""暗影岛""]",[],[],"[""触发·进场"",""牌库·弃牌"",""牌库·抽牌""]",,当你打出我时，弃置一张手牌，然后抽一张牌。,"<p>When you play me, discard 1, then draw 1.</p>",3,0,3,普通,UNL,"“好多双眼睛。”
——常见遗言",,false,2026-06-18 15:11:46.036748+00,2026-08-10 07:41:29.350663+00,"[""单位""]",
f81809e3-1703-4226-bb28-955c2c3e866a,UNL-092,德玛西亚使节,Demacian Diplomat,,,"[""orange""]","[""德玛西亚""]",[],[],"[""触发·进场"",""经验·获得""]",,当你打出我时，获得1经验。,"<p>When you play me, gain 1 XP.</p>",2,0,2,普通,UNL,在德玛西亚使团任职数十年的他，早已掌握了几十种可以婉转表达“别来讨嫌”的外交辞令。,,false,2026-06-18 15:11:45.821819+00,2026-08-10 07:41:29.350663+00,"[""单位""]",
f81a9d8e-cd73-4d66-a672-45ca4cea27cf,VEN-037,盗墓贼芭芭拉,Tomb-Raider Barbara,,,"[""green""]","[""恕瑞玛""]",,,"[""触发·进场"",""符文·数量条件"",""摧毁·装备"",""强化·解除强化""]",,当你打出我时，如果你控制的符文不少于七枚，则选择一件敌方装备。如果该装备{{已强化}}，则解除其强化。否则将其摧毁。,"When you play me, if you control 7 or more runes, choose an enemy gear. If it's [Empowered], disempower it. Otherwise, kill it.",4,0,4,不凡,VEN,等她的信号行事。别担心，到时候你就知道了。,,false,2026-07-09 16:49:03.36084+00,2026-08-10 07:41:29.350663+00,"[""单位""]",
f85695d6-bdd1-4921-a33e-5be8a20a44b9,SFD-214,能量枢纽,Power Nexus,,,"[""colorless""]",[],[],[],"[""触发·据守"",""费用·可选额外""]",,当你据守此处时，你可以选择支付{{A}}{{A}}{{A}}{{A}}，以此额外获得1分。,"<p>When you hold here, you may pay :rb_rune_rainbow::rb_rune_rainbow::rb_rune_rainbow::rb_rune_rainbow: to score 1 point.</p>",0,0,0,不凡,SFD,,,false,2026-06-18 15:11:45.468662+00,2026-08-11 04:32:05.530677+00,"[""战场""]",1
f85ffc80-bc77-4654-9000-7ecb583152ff,SFD-034,蛮荒之力,Feral Strength,,,"[""green""]",[],[],"[""反应"",""回响""]","[""战力·增强单体"",""战力·增强本回合"",""费用·可选额外""]",,"{{反应}}（可在任意时机打出，甚至先于其他法术和技能的结算。）
{{回响2}}（你可以选择支付此额外费用，以重复此法术效果。）
让一名单位在本回合内{{S}}+2。","<p>[Reaction] (Play any time, even before spells and abilities resolve.)<br />[Repeat] :rb_energy_2: (You may pay the additional cost to repeat this spell's effect.)<br />Give a unit +2 :rb_might: this turn.</p>",2,0,0,不凡,SFD,,,false,2026-06-18 15:11:45.821819+00,2026-08-10 07:41:29.350663+00,"[""法术""]",
f8aa3690-d5cf-4eae-bd5b-07e78056d40b,UNL-187,皮城执法官,Piltover Enforcer,,,"[""red"",""yellow""]",[],[],[],"[""触发·征服"",""伤害·过量伤害联动"",""状态·休眠化"",""状态·激活""]",蔚,当你征服一处战场时，如果你给敌方单位分配了不低于3点的过量伤害，则你可以选择让我变为休眠状态，以此让一名单位变为活跃状态。,"<p>When you conquer, if you assigned 3 or more excess damage, you may exhaust me to ready a unit.</p>",0,0,0,稀有,UNL,,,false,2026-06-18 15:11:45.821819+00,2026-08-11 04:32:05.530677+00,"[""传奇""]",1
f8b22406-cf7f-497d-ae09-06bf9694c3fa,OGN-177,隐秘追踪者,Stealthy Pursuer,,,"[""purple""]","[""恕瑞玛""]",[],[],"[""触发·移动"",""移动·单位""]",,每当有友方单位从我的位置向别处移动时，我可以选择跟随它一起移动。,"<p>When a friendly unit moves from my location, I may be moved with it.</p>",4,1,4,普通,OGN,“你能去的地方，我更能去。”,,true,2026-06-18 15:11:45.129603+00,2026-08-10 07:41:29.350663+00,"[""单位""]",
f8b3c569-238b-4b7e-8e01-02bb5b796172,OGN-264,游击战,Guerilla Warfare,,,"[""blue"",""purple""]",[],[],[],"[""牌库·回收"",""费用·免费打出""]",提莫,让最多两张{{待命}}卡牌从废牌堆里返回你的手牌。在本回合内，你可以无视费用地正面朝下布置待命卡牌。,<p>Return up to two cards with [Hidden] from your trash to your hand. You can hide cards ignoring costs this turn.</p>,2,1,0,史诗,OGN,,,false,2026-06-18 15:11:45.129603+00,2026-08-10 07:41:29.350663+00,"[""专属法术""]",
f8e0bf9c-7fed-423d-84e7-f9480878e0d8,UNL-150,薇古丝,Vex,冷眼旁观,Apathetic,"[""purple""]","[""暗影岛""]","[""约德尔人""]","[""法盾"",""眩晕""]","[""触发·打出"",""状态·眩晕"",""限制·行动禁止""]",薇古丝,"{{法盾}}（对手必须支付{{A}}才能将我选作法术或技能的目标。）
当对手打出一名单位时，如果我位于战场上，则{{眩晕}}该单位。该对手在本回合内无法移动该单位。（使其在本回合内无法造成战斗伤害。）","<p>[Deflect] (Opponents must pay :rb_rune_rainbow: to choose me with a spell or ability.)<br />When an opponent plays a unit while I'm at a battlefield, [Stun] it. They can't move it this turn. (It doesn't deal combat damage this turn.)</p>",4,0,4,史诗,UNL,“我要让他们看看什么叫真的无所谓……或者算了。”,,false,2026-06-18 15:11:46.036748+00,2026-08-10 07:41:29.350663+00,"[""英雄单位""]",
f915a96f-d67d-427f-9095-eeb404647d94,VEN-131,团结箴言,Decree of Unity,,,"[""yellow""]",,,,"[""摧毁·单位"",""摧毁·装备""]",,摧毁一个具有混沌（{{紫色}}）特性的敌方单位或装备。,Kill an enemy Chaos (:rb_rune_chaos:) unit or gear.,2,1,0,稀有,VEN,无规矩不成方圆，团结方为正道。,,false,2026-07-17 11:50:11.953074+00,2026-08-10 07:41:29.350663+00,"[""法术""]",
f9229bce-33ff-49c0-846e-4cb7710a67e7,UNL-010,强能冲拳,Vault Breaker,,,"[""red""]",[],[],"[""强攻2"",""游走"",""迅捷""]","[""战力·增强单体"",""战力·增强本回合"",""移动·单位""]",,"{{迅捷}}（可在你的回合或法术对决中打出。）
让一名单位本回合内获得{{强攻2}}和{{游走}}。（如果它是进攻方，则{{S}}+2。它可以向其它战场进行移动。）",<p>[Action] (Play on your turn or in showdowns.)<br />Give a unit [Assault 2] and [Ganking] this turn. (+2 :rb_might: while it's an attacker. It can move from battlefield to battlefield.)</p>,1,1,0,普通,UNL,"“如果碰壁了，就用力把它碰穿！”
——蔚",,false,2026-06-18 15:11:46.036748+00,2026-08-10 07:41:29.350663+00,"[""法术""]",
faa515a4-4ee4-4b89-8a57-4621e6ddf3c1,UNL-200,镜花水月,Mirror Image,,,"[""blue"",""yellow""]",[],[],"[""瞬息""]","[""衍生·单位"",""复制·效果技能"",""状态·以活跃进场""]",乐芙兰,选择一名单位。将一名活跃状态的“映像”打出到你的基地。然后进行一次：该“映像”变为所选单位的复制体。并让其获得{{瞬息}}。（在其控制者的开始阶段开始时，结算得分之前将其摧毁。）,"<p>Choose a unit. Play a ready Reflection unit token to your base. Then do this: It becomes a copy of that unit. Give it [Temporary]. (Kill it at the start of its controller's Beginning Phase, before scoring.)</p>",3,2,0,史诗,UNL,"“最好的谎言，总是美丽的。”
——乐芙兰",,false,2026-06-18 15:11:45.821819+00,2026-08-10 07:41:29.350663+00,"[""专属法术""]",
fae1a5e1-da11-4969-a891-cbf643ef4de8,OGN-030,金克丝,Jinx,爆破狂人,Demolitionist,"[""red""]","[""祖安""]",[],"[""急速"",""强攻2""]","[""触发·进场"",""牌库·弃牌""]",金克丝,"{{急速}}（你可以选择额外支付{{1}}和{{红色}}，让我以活跃状态进场。）
{{强攻2}}（如果我是进攻方，则{{S}}+2。）
当你打出我时，弃置两张手牌。","<p>[Accelerate] (You may pay :rb_energy_1::rb_rune_fury: as an additional cost to have me enter ready.)<br />[Assault 2] (+2 :rb_might: while I'm an attacker.)<br />When you play me, discard 2.</p>",3,1,4,稀有,OGN,“我确实需要一把新枪。但不要告诉我的其它枪。”,,false,2026-06-18 15:11:45.129603+00,2026-08-10 07:41:29.350663+00,"[""英雄单位""]",
fb0f3207-1074-4c1e-80a8-9c87353186e8,OGN-100,宝石真知者,Gemcraft Seer,,,"[""blue""]","[""巨神峰""]",[],"[""预知""]","[""持续·光环常驻"",""牌库·查看"",""牌库·放回""]",,"{{预知}}（当你打出我时，查看主牌堆顶部的一张牌，你可以选择将其回收。）
其他友方单位获得{{预知}}。","<p>[Vision] (When you play me, look at the top card of your Main Deck. You may recycle it.)<br />Other friendly units have [Vision].</p>",3,1,3,不凡,OGN,每次反射，光线都会发生变化。,,false,2026-06-18 15:11:45.129603+00,2026-08-10 07:41:29.350663+00,"[""单位""]",
fb2727af-05d1-4459-8712-2fe4a5584fe1,UNL-156,忠忠魄罗,Loyal Poro,,,"[""yellow""]","[""弗雷尔卓德""]","[""魄罗""]","[""绝念""]","[""触发·摧毁"",""牌库·抽牌""]",,{{绝念>}} 如果我被摧毁时未处于落单状态，则抽一张牌。（当我被摧毁后，发动此效果。所在位置没有其他友方单位时，即视为“落单”。）,"<p>[Deathknell][>] If I didn't die alone, draw 1. (When I die, get the effect. I wasn't alone if there were other friendly units here.)</p>",3,0,3,普通,UNL,一只由勇敢组成的小圆球。,,false,2026-06-18 15:11:45.821819+00,2026-08-10 07:41:29.350663+00,"[""单位""]",
fb4c0170-391f-4a09-82c0-cb22966afc4b,UNL-004,晋升信徒,Prepared Neophyte,,,"[""red""]","[""暗影岛""]",[],[],"[""战力·条件加成""]",,如果你在本回合消耗了不低于{{4}}的费用来打出一个法术，则我获得{{S}}+4。,"<p>If you've spent :rb_energy_4: or more to play a spell this turn, I have +4 :rb_might:.</p>",3,0,1,普通,UNL,权力催生权力。,,false,2026-06-18 15:11:46.036748+00,2026-08-10 07:41:29.350663+00,"[""单位""]",
fbc62ebe-91be-4786-bbac-d018db061a1d,SFD-016,反曲之弓,Recurve Bow,,,"[""red""]",[],"[""武装""]","[""装配""]","[""触发·进攻"",""触发·防守"",""伤害·单体""]",,"{{装配红色}}（支付{{红色}}：将此牌贴附到你控制的一名单位上。）
当我进攻或防守时，对此处的一名敌方单位造成2点伤害。{{S}}+0","<p>[Equip] :rb_rune_fury: (:rb_rune_fury:: Attach this to a unit you control.)</p>
<p>When I attack or defend, deal 2 to an enemy unit here.</p>
[S] +0",2,0,0,不凡,SFD,,,false,2026-06-18 15:11:45.468662+00,2026-08-10 07:41:29.350663+00,"[""装备""]",
fc0455f1-9997-4fce-b949-c305c601cb0f,OGN-274,精灵,Sprite,,,"[""colorless""]",[],"[""仙灵""]","[""瞬息""]",[],,{{瞬息}}（在控制者的下个回合开始阶段，结算得分之前将我摧毁。）,"<p>[Temporary] (Kill me at the start of your Beginning Phase, before scoring.)</p>",0,0,3,普通,OGN,幻梦易逝，做梦之人的心境却已然不同。,,false,2026-06-18 15:11:45.468662+00,2026-08-10 07:41:29.350663+00,"[""指示物单位""]",
fc17f098-fc25-4932-a659-ed4e613a8d63,OGS-010,安妮,Annie,野火丛生,Stubborn,"[""purple""]","[""诺克萨斯""]",[],[],"[""触发·进场"",""牌库·回收""]",安妮,当你打出我时，让一张法术牌从你的废牌堆返回你的手牌。,"<p>When you play me, return a spell from your trash to your hand.</p>",4,1,3,稀有,OGS,“该我了！”,,false,2026-06-18 15:11:45.129603+00,2026-08-10 07:41:29.350663+00,"[""英雄单位""]",
fc1b7b4b-7739-48bd-a07d-112152ff8fa7,SFD-150,临终仪式,Last Rites,,,"[""purple""]",[],"[""武装""]","[""装配""]","[""触发·征服"",""触发·据守"",""牌库·打出""]",,"{{装配}} — 支付{{紫色}}，从你的废牌堆回收两张卡牌。（支付此费用：将此牌贴附到你控制的一名单位上。）
当我征服或据守一处战场时，你可以选择从你的废牌堆中打出一名单位。（仍需支付其费用。）{{S}}+2","<p>[Equip] — :rb_rune_chaos:, Recycle 2 cards from your trash (Pay the cost: Attach this to a unit you control.)</p>
<p>When I conquer or hold, you may play a unit from your trash. (You still pay its costs.)</p>
[S] +2",3,0,0,史诗,SFD,,,false,2026-06-18 15:11:45.468662+00,2026-08-10 07:41:29.350663+00,"[""装备""]",
fcb3e624-e5f2-4e4a-b968-45d81d96780a,SFD-190,炉火斗篷,Forgefire Cape,,,"[""green"",""blue""]",[],"[""武装""]","[""装配"",""唯我""]","[""触发·进攻"",""触发·防守"",""伤害·群体""]",奥恩,"{{唯我}}（你的卡组中只能拥有一张同名的此牌。）
{{装配A}}（支付{{A}}：将此牌贴附到你控制的一名单位上。）
当我进攻或防守时，对此处的所有敌方单位各造成2点伤害。{{S}}+3","<p>[Unique] (Your deck can have only 1 card with this name.)<br />[Equip] :rb_rune_rainbow: (:rb_rune_rainbow:: Attach this to a unit you control.)</p>
<p>When I attack or defend, deal 2 to all enemy units here.</p>
[S] +3",4,2,0,史诗,SFD,,,false,2026-06-18 15:11:45.821819+00,2026-08-10 21:47:12.533856+00,"[""专属装备""]",1
fcf0a96c-657e-415b-b99f-5f79c4d43765,VEN-108,遗落圣物,Forgotten Relic,,,"[""purple""]",,,"[""燃烧1""]","[""触发·进场"",""触发·回合开始"",""牌库·燃烧"",""战力·增强单体"",""战力·增强本回合""]",,当你打出此牌时，或在你的开始阶段开始时，{{燃烧1}}。当你以此方式燃烧一张单位牌时，进行一次：给予一名友方单位在本回合内等同于被燃烧卡牌战力的+{{S}}加成。（将你主牌堆顶部的一张牌放入你的废牌堆，即为燃烧1。）,"When you play this or at the start of your Beginning Phase, [Burn 1]. When you burn a unit this way, do this: Give a friendly unit +:rb_might: equal to the burned card's Might this turn. (To Burn 1, put the top card of your Main Deck into your trash.)",5,0,0,稀有,VEN,,,false,2026-07-14 11:54:00.306963+00,2026-08-10 07:41:29.350663+00,"[""装备""]",
fdab8f99-0cbb-4911-b98a-2c13e4075258,VEN-100,深渊之触,Up from the Deep,,,"[""purple""]",,,"[""流转""]","[""衍生·单位"",""特性·属性联动"",""牌库·打出"",""费用·可选额外"",""牌库·放逐""]",,"打出两名具有“比尔吉沃特”属性的1{{S}}“触手”。
{{流转3}}（你可以选择支付此牌的流转费用，以此将其从你的废牌堆中打出。然后将其放逐。）","Play two 1 :rb_might: Tentacle unit tokens from Bilgewater.
[Flow] :rb_energy_3: (You may play this from your trash for its Flow cost. Then banish it.)",3,0,0,普通,VEN,"“海浪将拖你下沉，除非你朝着海岸奋战。”
——俄洛伊",,false,2026-07-14 11:54:00.306963+00,2026-08-10 07:41:29.350663+00,"[""法术""]",
fe56143b-e510-4b17-a7a8-7de602f11e9a,VEN-030,无情苦修者,Serene Ascetic,,,"[""green""]","[""艾欧尼亚""]",,"[""强化"",""法盾"",""坚守3""]","[""强化·强化"",""强化·已强化奖励"",""战力·条件加成""]",,"{{强化3}}（支付{{3}}：强化我。仅在未强化时可用。）
{{已强化>}} 我获得{{法盾}}和{{坚守3}}。（对手必须支付{{A}}才能将我选作法术或技能的目标。如果我是防守方，则{{S}}+3。）","[Empower] :rb_energy_3: (:rb_energy_3:: Empower me. Use only if not Empowered.)
[Empowered][&gt;] I have [Deflect] and [Shield 3]. (Opponents must pay :rb_rune_rainbow: to choose me with a spell or ability.+3 :rb_might: while I'm a defender.)",3,0,3,普通,VEN,,,false,2026-07-20 10:23:59.547404+00,2026-08-10 07:41:29.350663+00,"[""单位""]",
fef87bb3-6ed2-4b33-b0bd-5dd6537acd36,SFD-171,烈娜塔·戈拉斯克,Renata Glasc,实业家,Industrialist,"[""yellow""]","[""祖安""]",[],[],"[""持续·光环常驻"",""状态·以活跃进场""]",烈娜塔·戈拉斯克,你的指示物以活跃状态进场。,<p>Your tokens enter ready.</p>,4,1,4,稀有,SFD,“我不做亏本生意，所以你要给我你的忠诚。”,,false,2026-06-18 15:11:45.468662+00,2026-08-10 07:41:29.350663+00,"[""英雄单位""]",
ff13e4e5-0852-4c76-bba4-765085a5e9b5,OGN-191,疯狂海寇,Maddened Marauder,,,"[""purple""]","[""比尔吉沃特""]","[""海盗""]","[""壁垒""]","[""触发·进场"",""移动·单位"",""互动·召回基地""]",,"{{壁垒}}（我在战斗中首先承担伤害。）
当你打出我时，将一名单位从战场上移动到其所属的基地。","<p>[Tank] (I must be assigned combat damage first.)<br />When you play me, move a unit from a battlefield to its base.</p>",5,0,4,稀有,OGN,他们不知道什么是害怕，别的东西基本也不知道。,,false,2026-06-18 15:11:45.129603+00,2026-08-10 07:41:29.350663+00,"[""单位""]",
ff2b12b9-960c-46c6-a95b-4782cba23be3,SFD-122,预判攻势,Called Shot,,,"[""purple""]",,,"[""回响"",""迅捷""]","[""牌库·查看"",""牌库·抽牌"",""牌库·放回"",""费用·可选额外""]",,"{{迅捷}}（可在你的回合或法术对决中打出。）
{{回响}}{{紫色}}（你可以选择支付此额外费用，以重复此法术效果。）
查看你主牌堆顶部的两张牌。抽取其中一张，然后回收另一张卡牌。",<p>[Action] (Play on your turn or in showdowns.)<br />[Repeat] :rb_rune_chaos: (You may pay the additional cost to repeat this spell's effect.)<br />Look at the top 2 cards of your Main Deck. Draw one and recycle the other.</p>,0,1,0,普通,SFD,,,true,2026-06-18 15:11:45.468662+00,2026-08-10 07:41:29.350663+00,"[""法术""]",